experiment_name,iteration,fold,model,split,tp,tn,fp,fn,accuracy,precision,recall,f1,specificity,fpr,balanced_accuracy,geometric_mean,mcc,kappa,roc_auc,average_precision,average_cost,score_time,fold_size,selected_features_names
smoteenn_auto__mec_fp1_fn10,1,1,DecisionTreeClassifier,generalization,25,0,133,0,0.15822784810126583,0.15822784810126583,1.0,0.273224043715847,0.0,1.0,0.5,0.0,0.0,0.0,0.7276691729323308,0.2980357401907795,0.8417721518987342,0.030576229095458984,158,"['num_log1p_standard_scaler__L_BLOOD', 'num_standard_scaler__AGE', 'num_standard_scaler__D_AD_ORIT', 'num_standard_scaler__NA_BLOOD', 'cat_ordinal__INF_ANAM', 'cat_binary__nr_03', 'cat_binary__K_SH_POST', 'cat_binary__ritm_ecg_p_01', 'cat_binary__n_p_ecg_p_06', 'cat_binary__ASP_S_n']"
smoteenn_auto__mec_fp1_fn10,1,2,DecisionTreeClassifier,generalization,26,0,132,0,0.16455696202531644,0.16455696202531644,1.0,0.2826086956521739,0.0,1.0,0.5,0.0,0.0,0.0,0.5830419580419581,0.19720488000458214,0.8354430379746836,0.0224149227142334,158,"['num_log1p_standard_scaler__L_BLOOD', 'num_log1p_standard_scaler__ROE', 'num_standard_scaler__AGE', 'num_standard_scaler__S_AD_ORIT', 'num_standard_scaler__D_AD_ORIT', 'num_standard_scaler__NA_BLOOD', 'cat_nominal__IBS_POST_1.0', 'cat_nominal__IBS_POST_2.0', 'cat_ordinal__STENOK_AN', 'cat_ordinal__FK_STENOK', 'cat_ordinal__GB', 'cat_ordinal__DLIT_AG', 'cat_ordinal__TIME_B_S', 'cat_ordinal__ant_im', 'cat_ordinal__lat_im', 'cat_ordinal__inf_im', 'cat_partial_ordinal__HF_right_line', 'cat_partial_ordinal__HF_left_line', 'cat_binary__nr_11', 'cat_binary__nr_02', 'cat_binary__nr_03', 'cat_binary__nr_08', 'cat_binary__np_01', 'cat_binary__np_04', 'cat_binary__np_07', 'cat_binary__np_08', 'cat_binary__zab_leg_01', 'cat_binary__zab_leg_02', 'cat_binary__O_L_POST', 'cat_binary__K_SH_POST', 'cat_binary__GT_POST', 'cat_binary__FIB_G_POST', 'cat_binary__ritm_ecg_p_01', 'cat_binary__ritm_ecg_p_04', 'cat_binary__ritm_ecg_p_07', 'cat_binary__n_r_ecg_p_01', 'cat_binary__n_r_ecg_p_02', 'cat_binary__n_r_ecg_p_04', 'cat_binary__n_r_ecg_p_05', 'cat_binary__n_r_ecg_p_08', 'cat_binary__n_p_ecg_p_04', 'cat_binary__n_p_ecg_p_05', 'cat_binary__n_p_ecg_p_09', 'cat_binary__n_p_ecg_p_11', 'cat_binary__n_p_ecg_p_12', 'cat_binary__fibr_ter_02', 'cat_binary__fibr_ter_05', 'cat_binary__fibr_ter_07', 'cat_binary__fibr_ter_08', 'cat_binary__LID_S_n', 'cat_binary__B_BLOK_S_n', 'cat_binary__GEPAR_S_n', 'cat_binary__ASP_S_n', 'cat_binary__TIKL_S_n', 'cat_binary__TRENT_S_n']"
smoteenn_auto__mec_fp1_fn10,1,3,DecisionTreeClassifier,generalization,25,0,132,0,0.1592356687898089,0.1592356687898089,1.0,0.27472527472527475,0.0,1.0,0.5,0.0,0.0,0.0,0.8072727272727274,0.42651337918470145,0.8407643312101911,0.022176742553710938,157,"['num_log1p_standard_scaler__L_BLOOD', 'num_log1p_standard_scaler__ROE', 'num_standard_scaler__S_AD_ORIT', 'num_standard_scaler__D_AD_ORIT', 'cat_ordinal__INF_ANAM', 'cat_ordinal__TIME_B_S', 'cat_binary__K_SH_POST', 'cat_binary__ritm_ecg_p_01', 'cat_binary__NITR_S', 'cat_binary__GEPAR_S_n']"
smoteenn_auto__mec_fp1_fn10,1,4,DecisionTreeClassifier,generalization,25,0,132,0,0.1592356687898089,0.1592356687898089,1.0,0.27472527472527475,0.0,1.0,0.5,0.0,0.0,0.0,0.6651515151515152,0.232192057174329,0.8407643312101911,0.0278928279876709,157,"['num_log1p_standard_scaler__L_BLOOD', 'num_log1p_standard_scaler__ROE', 'num_log1p_standard_scaler__K_BLOOD', 'num_standard_scaler__AGE', 'num_standard_scaler__S_AD_ORIT', 'num_standard_scaler__D_AD_ORIT', 'num_standard_scaler__NA_BLOOD', 'cat_nominal__IBS_POST_0.0', 'cat_nominal__IBS_POST_2.0', 'cat_ordinal__INF_ANAM', 'cat_ordinal__STENOK_AN', 'cat_ordinal__GB', 'cat_ordinal__DLIT_AG', 'cat_ordinal__TIME_B_S', 'cat_ordinal__ant_im', 'cat_ordinal__lat_im', 'cat_ordinal__inf_im', 'cat_partial_ordinal__HF_right_line', 'cat_partial_ordinal__HF_left_line', 'cat_binary__SIM_GIPERT', 'cat_binary__nr_01', 'cat_binary__nr_03', 'cat_binary__nr_08', 'cat_binary__np_01', 'cat_binary__np_07', 'cat_binary__np_08', 'cat_binary__np_09', 'cat_binary__np_10', 'cat_binary__endocr_02', 'cat_binary__endocr_03', 'cat_binary__zab_leg_01', 'cat_binary__zab_leg_02', 'cat_binary__zab_leg_04', 'cat_binary__O_L_POST', 'cat_binary__K_SH_POST', 'cat_binary__SVT_POST', 'cat_binary__IM_PG_P', 'cat_binary__ritm_ecg_p_01', 'cat_binary__ritm_ecg_p_06', 'cat_binary__ritm_ecg_p_07', 'cat_binary__n_r_ecg_p_03', 'cat_binary__n_r_ecg_p_04', 'cat_binary__n_r_ecg_p_05', 'cat_binary__n_r_ecg_p_06', 'cat_binary__n_r_ecg_p_08', 'cat_binary__n_r_ecg_p_09', 'cat_binary__n_r_ecg_p_10', 'cat_binary__n_p_ecg_p_01', 'cat_binary__n_p_ecg_p_03', 'cat_binary__n_p_ecg_p_04', 'cat_binary__n_p_ecg_p_05', 'cat_binary__n_p_ecg_p_06', 'cat_binary__n_p_ecg_p_07', 'cat_binary__n_p_ecg_p_08', 'cat_binary__n_p_ecg_p_09', 'cat_binary__n_p_ecg_p_10', 'cat_binary__n_p_ecg_p_11', 'cat_binary__n_p_ecg_p_12', 'cat_binary__fibr_ter_01', 'cat_binary__fibr_ter_02', 'cat_binary__fibr_ter_03', 'cat_binary__fibr_ter_05', 'cat_binary__fibr_ter_06', 'cat_binary__fibr_ter_07', 'cat_binary__fibr_ter_08', 'cat_binary__GIPO_K', 'cat_binary__GIPER_NA', 'cat_binary__NITR_S', 'cat_binary__LID_S_n', 'cat_binary__B_BLOK_S_n', 'cat_binary__ANT_CA_S_n', 'cat_binary__GEPAR_S_n', 'cat_binary__ASP_S_n', 'cat_binary__TIKL_S_n', 'cat_binary__TRENT_S_n']"
smoteenn_auto__mec_fp1_fn10,1,5,DecisionTreeClassifier,generalization,25,0,132,0,0.1592356687898089,0.1592356687898089,1.0,0.27472527472527475,0.0,1.0,0.5,0.0,0.0,0.0,0.6793939393939394,0.40199322162954354,0.8407643312101911,0.026894330978393555,157,"['num_log1p_standard_scaler__L_BLOOD', 'num_log1p_standard_scaler__AST_BLOOD', 'num_log1p_standard_scaler__ROE', 'num_standard_scaler__AGE', 'num_standard_scaler__S_AD_ORIT', 'num_standard_scaler__D_AD_ORIT', 'cat_nominal__IBS_POST_0.0', 'cat_nominal__IBS_POST_2.0', 'cat_ordinal__STENOK_AN', 'cat_ordinal__FK_STENOK', 'cat_ordinal__GB', 'cat_ordinal__DLIT_AG', 'cat_ordinal__TIME_B_S', 'cat_ordinal__ant_im', 'cat_ordinal__lat_im', 'cat_partial_ordinal__HF_right_line', 'cat_partial_ordinal__HF_left_line', 'cat_binary__nr_11', 'cat_binary__nr_01', 'cat_binary__nr_03', 'cat_binary__nr_04', 'cat_binary__np_05', 'cat_binary__endocr_01', 'cat_binary__endocr_02', 'cat_binary__zab_leg_01', 'cat_binary__zab_leg_02', 'cat_binary__zab_leg_06', 'cat_binary__O_L_POST', 'cat_binary__K_SH_POST', 'cat_binary__MP_TP_POST', 'cat_binary__SVT_POST', 'cat_binary__FIB_G_POST', 'cat_binary__ritm_ecg_p_01', 'cat_binary__ritm_ecg_p_02', 'cat_binary__ritm_ecg_p_06', 'cat_binary__ritm_ecg_p_08', 'cat_binary__n_r_ecg_p_04', 'cat_binary__n_r_ecg_p_08', 'cat_binary__n_p_ecg_p_03', 'cat_binary__n_p_ecg_p_07', 'cat_binary__n_p_ecg_p_08', 'cat_binary__n_p_ecg_p_09', 'cat_binary__n_p_ecg_p_10', 'cat_binary__n_p_ecg_p_11', 'cat_binary__n_p_ecg_p_12', 'cat_binary__GIPER_NA', 'cat_binary__NITR_S', 'cat_binary__ANT_CA_S_n', 'cat_binary__GEPAR_S_n', 'cat_binary__ASP_S_n']"
smoteenn_auto__mec_fp1_fn10,1,6,DecisionTreeClassifier,generalization,24,28,104,1,0.33121019108280253,0.1875,0.96,0.3137254901960784,0.21212121212121213,0.7878787878787878,0.5860606060606061,0.451260859854213,0.16228836391328552,0.06446853186538792,0.8846969696969696,0.5560922273231375,0.7261146496815286,0.021971702575683594,157,"['num_log1p_standard_scaler__L_BLOOD', 'num_standard_scaler__AGE', 'num_standard_scaler__S_AD_ORIT', 'num_standard_scaler__D_AD_ORIT', 'cat_nominal__IBS_POST_2.0', 'cat_partial_ordinal__HF_right_line', 'cat_binary__K_SH_POST', 'cat_binary__ritm_ecg_p_01', 'cat_binary__n_r_ecg_p_04', 'cat_binary__n_r_ecg_p_05']"
smoteenn_auto__mec_fp1_fn10,1,7,DecisionTreeClassifier,generalization,25,30,102,0,0.3503184713375796,0.1968503937007874,1.0,0.32894736842105265,0.22727272727272727,0.7727272727272727,0.6136363636363636,0.4767312946227962,0.21151530876295466,0.08564576909900656,0.7427272727272727,0.29490429654961325,0.6496815286624203,0.02198934555053711,157,"['num_log1p_standard_scaler__L_BLOOD', 'num_standard_scaler__AGE', 'num_standard_scaler__S_AD_ORIT', 'num_standard_scaler__D_AD_ORIT', 'cat_ordinal__ant_im', 'cat_binary__K_SH_POST', 'cat_binary__ritm_ecg_p_01', 'cat_binary__n_r_ecg_p_10', 'cat_binary__n_p_ecg_p_05', 'cat_binary__GIPER_NA']"
smoteenn_auto__mec_fp1_fn10,1,8,DecisionTreeClassifier,generalization,25,0,132,0,0.1592356687898089,0.1592356687898089,1.0,0.27472527472527475,0.0,1.0,0.5,0.0,0.0,0.0,0.5,0.1592356687898089,0.8407643312101911,0.025612354278564453,157,"['num_log1p_standard_scaler__L_BLOOD', 'num_log1p_standard_scaler__AST_BLOOD', 'num_log1p_standard_scaler__ROE', 'num_log1p_standard_scaler__K_BLOOD', 'num_standard_scaler__AGE', 'num_standard_scaler__S_AD_ORIT', 'num_standard_scaler__D_AD_ORIT', 'num_standard_scaler__NA_BLOOD', 'cat_nominal__IBS_POST_1.0', 'cat_nominal__IBS_POST_2.0', 'cat_ordinal__FK_STENOK', 'cat_ordinal__DLIT_AG', 'cat_ordinal__TIME_B_S', 'cat_ordinal__ant_im', 'cat_ordinal__lat_im', 'cat_ordinal__inf_im', 'cat_partial_ordinal__HF_right_line', 'cat_partial_ordinal__HF_left_line', 'cat_binary__SEX', 'cat_binary__SIM_GIPERT', 'cat_binary__nr_11', 'cat_binary__nr_01', 'cat_binary__nr_02', 'cat_binary__nr_03', 'cat_binary__nr_04', 'cat_binary__nr_08', 'cat_binary__np_01', 'cat_binary__np_05', 'cat_binary__endocr_03', 'cat_binary__zab_leg_02', 'cat_binary__zab_leg_04', 'cat_binary__zab_leg_06', 'cat_binary__O_L_POST', 'cat_binary__K_SH_POST', 'cat_binary__MP_TP_POST', 'cat_binary__ritm_ecg_p_01', 'cat_binary__ritm_ecg_p_04', 'cat_binary__ritm_ecg_p_07', 'cat_binary__n_r_ecg_p_03', 'cat_binary__n_r_ecg_p_04', 'cat_binary__n_r_ecg_p_05', 'cat_binary__n_r_ecg_p_06', 'cat_binary__n_r_ecg_p_08', 'cat_binary__n_r_ecg_p_10', 'cat_binary__n_p_ecg_p_03', 'cat_binary__n_p_ecg_p_06', 'cat_binary__n_p_ecg_p_07', 'cat_binary__n_p_ecg_p_08', 'cat_binary__n_p_ecg_p_09', 'cat_binary__n_p_ecg_p_11', 'cat_binary__n_p_ecg_p_12', 'cat_binary__fibr_ter_06', 'cat_binary__fibr_ter_08', 'cat_binary__GIPO_K', 'cat_binary__GIPER_NA', 'cat_binary__NITR_S', 'cat_binary__LID_S_n', 'cat_binary__ANT_CA_S_n', 'cat_binary__ASP_S_n', 'cat_binary__TRENT_S_n']"
smoteenn_auto__mec_fp1_fn10,1,9,DecisionTreeClassifier,generalization,25,0,132,0,0.1592356687898089,0.1592356687898089,1.0,0.27472527472527475,0.0,1.0,0.5,0.0,0.0,0.0,0.6409090909090909,0.2474965992168665,0.8407643312101911,0.02670764923095703,157,"['num_log1p_standard_scaler__L_BLOOD', 'num_log1p_standard_scaler__ROE', 'num_standard_scaler__AGE', 'num_standard_scaler__S_AD_ORIT', 'num_standard_scaler__D_AD_ORIT', 'num_standard_scaler__NA_BLOOD', 'cat_nominal__IBS_POST_2.0', 'cat_ordinal__INF_ANAM', 'cat_ordinal__DLIT_AG', 'cat_ordinal__TIME_B_S', 'cat_ordinal__ant_im', 'cat_partial_ordinal__HF_right_line', 'cat_partial_ordinal__HF_left_line', 'cat_binary__nr_01', 'cat_binary__nr_03', 'cat_binary__nr_04', 'cat_binary__endocr_02', 'cat_binary__zab_leg_03', 'cat_binary__O_L_POST', 'cat_binary__K_SH_POST', 'cat_binary__MP_TP_POST', 'cat_binary__IM_PG_P', 'cat_binary__ritm_ecg_p_01', 'cat_binary__ritm_ecg_p_02', 'cat_binary__n_r_ecg_p_04', 'cat_binary__n_r_ecg_p_06', 'cat_binary__n_p_ecg_p_06', 'cat_binary__n_p_ecg_p_12', 'cat_binary__fibr_ter_01', 'cat_binary__fibr_ter_07', 'cat_binary__fibr_ter_08', 'cat_binary__NITR_S', 'cat_binary__B_BLOK_S_n', 'cat_binary__ANT_CA_S_n', 'cat_binary__ASP_S_n']"
smoteenn_auto__mec_fp1_fn10,1,10,DecisionTreeClassifier,generalization,25,0,132,0,0.1592356687898089,0.1592356687898089,1.0,0.27472527472527475,0.0,1.0,0.5,0.0,0.0,0.0,0.6489393939393939,0.22958976487175298,0.8407643312101911,0.024576425552368164,157,"['num_log1p_standard_scaler__L_BLOOD', 'num_log1p_standard_scaler__ALT_BLOOD', 'num_log1p_standard_scaler__ROE', 'num_standard_scaler__AGE', 'num_standard_scaler__S_AD_ORIT', 'num_standard_scaler__D_AD_ORIT', 'num_standard_scaler__NA_BLOOD', 'cat_nominal__IBS_POST_0.0', 'cat_nominal__IBS_POST_2.0', 'cat_ordinal__INF_ANAM', 'cat_ordinal__STENOK_AN', 'cat_ordinal__FK_STENOK', 'cat_ordinal__GB', 'cat_ordinal__TIME_B_S', 'cat_ordinal__ant_im', 'cat_ordinal__post_im', 'cat_partial_ordinal__HF_right_line', 'cat_partial_ordinal__HF_left_line', 'cat_binary__SEX', 'cat_binary__nr_07', 'cat_binary__np_01', 'cat_binary__np_04', 'cat_binary__np_07', 'cat_binary__np_08', 'cat_binary__endocr_01', 'cat_binary__zab_leg_02', 'cat_binary__zab_leg_06', 'cat_binary__O_L_POST', 'cat_binary__K_SH_POST', 'cat_binary__MP_TP_POST', 'cat_binary__GT_POST', 'cat_binary__ritm_ecg_p_01', 'cat_binary__ritm_ecg_p_02', 'cat_binary__ritm_ecg_p_04', 'cat_binary__ritm_ecg_p_07', 'cat_binary__ritm_ecg_p_08', 'cat_binary__n_r_ecg_p_09', 'cat_binary__n_p_ecg_p_01', 'cat_binary__n_p_ecg_p_04', 'cat_binary__n_p_ecg_p_06', 'cat_binary__n_p_ecg_p_07', 'cat_binary__n_p_ecg_p_09', 'cat_binary__n_p_ecg_p_11', 'cat_binary__n_p_ecg_p_12', 'cat_binary__fibr_ter_03', 'cat_binary__fibr_ter_05', 'cat_binary__fibr_ter_08', 'cat_binary__NITR_S', 'cat_binary__ASP_S_n', 'cat_binary__TIKL_S_n']"
smoteenn_auto__mec_fp1_fn10,2,1,DecisionTreeClassifier,generalization,25,0,133,0,0.15822784810126583,0.15822784810126583,1.0,0.273224043715847,0.0,1.0,0.5,0.0,0.0,0.0,0.7088721804511279,0.2691386135872607,0.8417721518987342,0.022415637969970703,158,"['num_log1p_standard_scaler__L_BLOOD', 'num_log1p_standard_scaler__ROE', 'num_log1p_standard_scaler__K_BLOOD', 'num_standard_scaler__AGE', 'num_standard_scaler__S_AD_ORIT', 'num_standard_scaler__D_AD_ORIT', 'cat_nominal__IBS_POST_0.0', 'cat_nominal__IBS_POST_1.0', 'cat_nominal__IBS_POST_2.0', 'cat_ordinal__INF_ANAM', 'cat_ordinal__STENOK_AN', 'cat_ordinal__FK_STENOK', 'cat_ordinal__DLIT_AG', 'cat_ordinal__TIME_B_S', 'cat_ordinal__ant_im', 'cat_ordinal__lat_im', 'cat_ordinal__post_im', 'cat_partial_ordinal__HF_right_line', 'cat_binary__SEX', 'cat_binary__nr_03', 'cat_binary__nr_04', 'cat_binary__np_01', 'cat_binary__np_05', 'cat_binary__np_08', 'cat_binary__zab_leg_02', 'cat_binary__zab_leg_03', 'cat_binary__zab_leg_04', 'cat_binary__zab_leg_06', 'cat_binary__K_SH_POST', 'cat_binary__MP_TP_POST', 'cat_binary__GT_POST', 'cat_binary__IM_PG_P', 'cat_binary__ritm_ecg_p_01', 'cat_binary__ritm_ecg_p_06', 'cat_binary__n_p_ecg_p_01', 'cat_binary__n_p_ecg_p_12', 'cat_binary__fibr_ter_03', 'cat_binary__fibr_ter_05', 'cat_binary__fibr_ter_06', 'cat_binary__fibr_ter_07', 'cat_binary__GIPER_NA', 'cat_binary__NITR_S', 'cat_binary__ANT_CA_S_n', 'cat_binary__ASP_S_n', 'cat_binary__TIKL_S_n']"
smoteenn_auto__mec_fp1_fn10,2,2,DecisionTreeClassifier,generalization,26,0,132,0,0.16455696202531644,0.16455696202531644,1.0,0.2826086956521739,0.0,1.0,0.5,0.0,0.0,0.0,0.5668706293706294,0.19621169028213314,0.8354430379746836,0.022032976150512695,158,"['num_log1p_standard_scaler__L_BLOOD', 'num_log1p_standard_scaler__K_BLOOD', 'num_standard_scaler__S_AD_ORIT', 'num_standard_scaler__D_AD_ORIT', 'num_standard_scaler__NA_BLOOD', 'cat_ordinal__GB', 'cat_ordinal__DLIT_AG', 'cat_ordinal__TIME_B_S', 'cat_ordinal__ant_im', 'cat_ordinal__lat_im', 'cat_partial_ordinal__HF_right_line', 'cat_binary__SEX', 'cat_binary__nr_02', 'cat_binary__nr_04', 'cat_binary__nr_07', 'cat_binary__np_07', 'cat_binary__np_08', 'cat_binary__endocr_02', 'cat_binary__zab_leg_06', 'cat_binary__O_L_POST', 'cat_binary__K_SH_POST', 'cat_binary__GT_POST', 'cat_binary__IM_PG_P', 'cat_binary__ritm_ecg_p_01', 'cat_binary__ritm_ecg_p_02', 'cat_binary__ritm_ecg_p_08', 'cat_binary__n_r_ecg_p_02', 'cat_binary__n_r_ecg_p_06', 'cat_binary__n_r_ecg_p_09', 'cat_binary__fibr_ter_08', 'cat_binary__GIPO_K', 'cat_binary__NITR_S', 'cat_binary__B_BLOK_S_n', 'cat_binary__ANT_CA_S_n', 'cat_binary__ASP_S_n']"
smoteenn_auto__mec_fp1_fn10,2,3,DecisionTreeClassifier,generalization,24,7,125,1,0.19745222929936307,0.1610738255033557,0.96,0.27586206896551724,0.05303030303030303,0.946969696969697,0.5065151515151515,0.2256304299271065,0.021680702889228444,0.0043285685524460105,0.7048484848484848,0.29680607034648104,0.8598726114649682,0.0298616886138916,157,"['num_log1p_standard_scaler__L_BLOOD', 'num_log1p_standard_scaler__AST_BLOOD', 'num_log1p_standard_scaler__ROE', 'num_log1p_standard_scaler__K_BLOOD', 'num_standard_scaler__AGE', 'num_standard_scaler__S_AD_ORIT', 'num_standard_scaler__D_AD_ORIT', 'num_standard_scaler__NA_BLOOD', 'cat_nominal__IBS_POST_0.0', 'cat_nominal__IBS_POST_2.0', 'cat_ordinal__INF_ANAM', 'cat_ordinal__STENOK_AN', 'cat_ordinal__FK_STENOK', 'cat_ordinal__GB', 'cat_ordinal__DLIT_AG', 'cat_ordinal__TIME_B_S', 'cat_ordinal__ant_im', 'cat_ordinal__inf_im', 'cat_partial_ordinal__HF_right_line', 'cat_partial_ordinal__HF_left_line', 'cat_binary__SEX', 'cat_binary__SIM_GIPERT', 'cat_binary__nr_11', 'cat_binary__nr_03', 'cat_binary__nr_08', 'cat_binary__np_04', 'cat_binary__np_05', 'cat_binary__np_08', 'cat_binary__np_09', 'cat_binary__endocr_01', 'cat_binary__endocr_02', 'cat_binary__endocr_03', 'cat_binary__zab_leg_02', 'cat_binary__zab_leg_04', 'cat_binary__zab_leg_06', 'cat_binary__O_L_POST', 'cat_binary__K_SH_POST', 'cat_binary__MP_TP_POST', 'cat_binary__SVT_POST', 'cat_binary__GT_POST', 'cat_binary__FIB_G_POST', 'cat_binary__IM_PG_P', 'cat_binary__ritm_ecg_p_01', 'cat_binary__ritm_ecg_p_02', 'cat_binary__ritm_ecg_p_04', 'cat_binary__ritm_ecg_p_06', 'cat_binary__ritm_ecg_p_07', 'cat_binary__ritm_ecg_p_08', 'cat_binary__n_r_ecg_p_01', 'cat_binary__n_r_ecg_p_02', 'cat_binary__n_r_ecg_p_03', 'cat_binary__n_r_ecg_p_04', 'cat_binary__n_r_ecg_p_05', 'cat_binary__n_r_ecg_p_06', 'cat_binary__n_r_ecg_p_08', 'cat_binary__n_r_ecg_p_09', 'cat_binary__n_r_ecg_p_10', 'cat_binary__n_p_ecg_p_01', 'cat_binary__n_p_ecg_p_03', 'cat_binary__n_p_ecg_p_04', 'cat_binary__n_p_ecg_p_05', 'cat_binary__n_p_ecg_p_06', 'cat_binary__n_p_ecg_p_07', 'cat_binary__n_p_ecg_p_08', 'cat_binary__n_p_ecg_p_09', 'cat_binary__n_p_ecg_p_10', 'cat_binary__n_p_ecg_p_11', 'cat_binary__n_p_ecg_p_12', 'cat_binary__fibr_ter_01', 'cat_binary__fibr_ter_02', 'cat_binary__fibr_ter_03', 'cat_binary__fibr_ter_05', 'cat_binary__fibr_ter_06', 'cat_binary__fibr_ter_07', 'cat_binary__fibr_ter_08', 'cat_binary__GIPO_K', 'cat_binary__GIPER_NA', 'cat_binary__NITR_S', 'cat_binary__LID_S_n', 'cat_binary__B_BLOK_S_n', 'cat_binary__ANT_CA_S_n', 'cat_binary__GEPAR_S_n', 'cat_binary__ASP_S_n', 'cat_binary__TIKL_S_n', 'cat_binary__TRENT_S_n']"
smoteenn_auto__mec_fp1_fn10,2,4,DecisionTreeClassifier,generalization,23,33,99,2,0.35668789808917195,0.1885245901639344,0.92,0.3129251700680272,0.25,0.75,0.585,0.47958315233127197,0.14944863536875516,0.06608163024913116,0.7056060606060606,0.27023976691202656,0.7579617834394905,0.02696371078491211,157,"['num_log1p_standard_scaler__L_BLOOD', 'num_log1p_standard_scaler__ROE', 'num_log1p_standard_scaler__K_BLOOD', 'num_standard_scaler__AGE', 'num_standard_scaler__S_AD_ORIT', 'num_standard_scaler__D_AD_ORIT', 'num_standard_scaler__NA_BLOOD', 'cat_nominal__IBS_POST_1.0', 'cat_nominal__IBS_POST_2.0', 'cat_ordinal__INF_ANAM', 'cat_ordinal__STENOK_AN', 'cat_ordinal__FK_STENOK', 'cat_ordinal__GB', 'cat_ordinal__DLIT_AG', 'cat_ordinal__TIME_B_S', 'cat_ordinal__ant_im', 'cat_ordinal__post_im', 'cat_partial_ordinal__HF_right_line', 'cat_partial_ordinal__HF_left_line', 'cat_binary__SEX', 'cat_binary__nr_01', 'cat_binary__nr_04', 'cat_binary__nr_07', 'cat_binary__nr_08', 'cat_binary__np_01', 'cat_binary__np_07', 'cat_binary__endocr_02', 'cat_binary__endocr_03', 'cat_binary__zab_leg_01', 'cat_binary__zab_leg_02', 'cat_binary__zab_leg_03', 'cat_binary__zab_leg_06', 'cat_binary__O_L_POST', 'cat_binary__K_SH_POST', 'cat_binary__MP_TP_POST', 'cat_binary__IM_PG_P', 'cat_binary__ritm_ecg_p_01', 'cat_binary__ritm_ecg_p_02', 'cat_binary__ritm_ecg_p_06', 'cat_binary__n_r_ecg_p_01', 'cat_binary__n_r_ecg_p_04', 'cat_binary__n_r_ecg_p_08', 'cat_binary__n_r_ecg_p_10', 'cat_binary__n_p_ecg_p_03', 'cat_binary__n_p_ecg_p_04', 'cat_binary__n_p_ecg_p_06', 'cat_binary__n_p_ecg_p_08', 'cat_binary__n_p_ecg_p_10', 'cat_binary__n_p_ecg_p_11', 'cat_binary__n_p_ecg_p_12', 'cat_binary__fibr_ter_01', 'cat_binary__fibr_ter_05', 'cat_binary__fibr_ter_08', 'cat_binary__NITR_S', 'cat_binary__LID_S_n', 'cat_binary__B_BLOK_S_n', 'cat_binary__ANT_CA_S_n', 'cat_binary__ASP_S_n', 'cat_binary__TIKL_S_n', 'cat_binary__TRENT_S_n']"
smoteenn_auto__mec_fp1_fn10,2,5,DecisionTreeClassifier,generalization,24,28,104,1,0.33121019108280253,0.1875,0.96,0.3137254901960784,0.21212121212121213,0.7878787878787878,0.5860606060606061,0.451260859854213,0.16228836391328552,0.06446853186538792,0.66,0.22682861042506175,0.7261146496815286,0.022124290466308594,157,"['num_log1p_standard_scaler__L_BLOOD', 'num_log1p_standard_scaler__AST_BLOOD', 'num_log1p_standard_scaler__ROE', 'num_log1p_standard_scaler__K_BLOOD', 'num_standard_scaler__AGE', 'num_standard_scaler__S_AD_ORIT', 'num_standard_scaler__D_AD_ORIT', 'num_standard_scaler__NA_BLOOD', 'cat_nominal__IBS_POST_1.0', 'cat_ordinal__FK_STENOK', 'cat_ordinal__GB', 'cat_ordinal__TIME_B_S', 'cat_ordinal__ant_im', 'cat_ordinal__inf_im', 'cat_partial_ordinal__HF_right_line', 'cat_partial_ordinal__HF_left_line', 'cat_binary__nr_11', 'cat_binary__nr_07', 'cat_binary__np_05', 'cat_binary__endocr_02', 'cat_binary__K_SH_POST', 'cat_binary__MP_TP_POST', 'cat_binary__IM_PG_P', 'cat_binary__ritm_ecg_p_01', 'cat_binary__ritm_ecg_p_07', 'cat_binary__n_p_ecg_p_01', 'cat_binary__n_p_ecg_p_04', 'cat_binary__n_p_ecg_p_07', 'cat_binary__n_p_ecg_p_09', 'cat_binary__n_p_ecg_p_12', 'cat_binary__fibr_ter_01', 'cat_binary__fibr_ter_06', 'cat_binary__B_BLOK_S_n', 'cat_binary__ASP_S_n', 'cat_binary__TRENT_S_n']"
smoteenn_auto__mec_fp1_fn10,2,6,DecisionTreeClassifier,generalization,25,0,132,0,0.1592356687898089,0.1592356687898089,1.0,0.27472527472527475,0.0,1.0,0.5,0.0,0.0,0.0,0.5918181818181819,0.20674179323860853,0.8407643312101911,0.0262753963470459,157,"['num_log1p_standard_scaler__L_BLOOD', 'num_log1p_standard_scaler__AST_BLOOD', 'num_log1p_standard_scaler__ROE', 'num_log1p_standard_scaler__K_BLOOD', 'num_standard_scaler__AGE', 'num_standard_scaler__S_AD_ORIT', 'num_standard_scaler__D_AD_ORIT', 'num_standard_scaler__NA_BLOOD', 'cat_nominal__IBS_POST_2.0', 'cat_ordinal__STENOK_AN', 'cat_ordinal__FK_STENOK', 'cat_ordinal__GB', 'cat_ordinal__DLIT_AG', 'cat_ordinal__TIME_B_S', 'cat_ordinal__ant_im', 'cat_ordinal__lat_im', 'cat_ordinal__inf_im', 'cat_partial_ordinal__HF_left_line', 'cat_binary__nr_02', 'cat_binary__nr_03', 'cat_binary__nr_07', 'cat_binary__np_05', 'cat_binary__np_07', 'cat_binary__np_08', 'cat_binary__endocr_01', 'cat_binary__endocr_03', 'cat_binary__zab_leg_03', 'cat_binary__zab_leg_06', 'cat_binary__O_L_POST', 'cat_binary__K_SH_POST', 'cat_binary__MP_TP_POST', 'cat_binary__FIB_G_POST', 'cat_binary__ritm_ecg_p_01', 'cat_binary__ritm_ecg_p_04', 'cat_binary__ritm_ecg_p_06', 'cat_binary__ritm_ecg_p_07', 'cat_binary__n_r_ecg_p_01', 'cat_binary__n_r_ecg_p_05', 'cat_binary__n_r_ecg_p_06', 'cat_binary__n_r_ecg_p_08', 'cat_binary__n_r_ecg_p_10', 'cat_binary__n_p_ecg_p_01', 'cat_binary__n_p_ecg_p_04', 'cat_binary__n_p_ecg_p_07', 'cat_binary__n_p_ecg_p_09', 'cat_binary__n_p_ecg_p_10', 'cat_binary__n_p_ecg_p_11', 'cat_binary__n_p_ecg_p_12', 'cat_binary__fibr_ter_01', 'cat_binary__fibr_ter_02', 'cat_binary__fibr_ter_03', 'cat_binary__fibr_ter_05', 'cat_binary__fibr_ter_06', 'cat_binary__fibr_ter_07', 'cat_binary__fibr_ter_08', 'cat_binary__GIPO_K', 'cat_binary__GIPER_NA', 'cat_binary__NITR_S', 'cat_binary__LID_S_n', 'cat_binary__B_BLOK_S_n', 'cat_binary__ANT_CA_S_n', 'cat_binary__GEPAR_S_n', 'cat_binary__ASP_S_n', 'cat_binary__TIKL_S_n', 'cat_binary__TRENT_S_n']"
smoteenn_auto__mec_fp1_fn10,2,7,DecisionTreeClassifier,generalization,25,0,132,0,0.1592356687898089,0.1592356687898089,1.0,0.27472527472527475,0.0,1.0,0.5,0.0,0.0,0.0,0.6236363636363637,0.20278757182755341,0.8407643312101911,0.028230905532836914,157,"['num_log1p_standard_scaler__L_BLOOD', 'num_log1p_standard_scaler__K_BLOOD', 'num_standard_scaler__AGE', 'num_standard_scaler__S_AD_ORIT', 'num_standard_scaler__D_AD_ORIT', 'num_standard_scaler__NA_BLOOD', 'cat_nominal__IBS_POST_0.0', 'cat_nominal__IBS_POST_1.0', 'cat_nominal__IBS_POST_2.0', 'cat_ordinal__INF_ANAM', 'cat_ordinal__FK_STENOK', 'cat_ordinal__GB', 'cat_ordinal__DLIT_AG', 'cat_ordinal__TIME_B_S', 'cat_ordinal__ant_im', 'cat_partial_ordinal__HF_right_line', 'cat_partial_ordinal__HF_left_line', 'cat_binary__SEX', 'cat_binary__SIM_GIPERT', 'cat_binary__nr_11', 'cat_binary__nr_01', 'cat_binary__nr_03', 'cat_binary__nr_08', 'cat_binary__np_01', 'cat_binary__np_04', 'cat_binary__np_07', 'cat_binary__np_08', 'cat_binary__np_10', 'cat_binary__endocr_01', 'cat_binary__endocr_02', 'cat_binary__endocr_03', 'cat_binary__zab_leg_03', 'cat_binary__zab_leg_06', 'cat_binary__K_SH_POST', 'cat_binary__MP_TP_POST', 'cat_binary__SVT_POST', 'cat_binary__FIB_G_POST', 'cat_binary__ritm_ecg_p_01', 'cat_binary__ritm_ecg_p_04', 'cat_binary__ritm_ecg_p_06', 'cat_binary__ritm_ecg_p_07', 'cat_binary__n_r_ecg_p_03', 'cat_binary__n_r_ecg_p_04', 'cat_binary__n_r_ecg_p_05', 'cat_binary__n_r_ecg_p_06', 'cat_binary__n_r_ecg_p_09', 'cat_binary__n_p_ecg_p_03', 'cat_binary__n_p_ecg_p_05', 'cat_binary__n_p_ecg_p_07', 'cat_binary__n_p_ecg_p_08', 'cat_binary__n_p_ecg_p_09', 'cat_binary__n_p_ecg_p_11', 'cat_binary__n_p_ecg_p_12', 'cat_binary__fibr_ter_01', 'cat_binary__fibr_ter_03', 'cat_binary__GIPO_K', 'cat_binary__GIPER_NA', 'cat_binary__NITR_S', 'cat_binary__LID_S_n', 'cat_binary__B_BLOK_S_n', 'cat_binary__ANT_CA_S_n', 'cat_binary__GEPAR_S_n', 'cat_binary__ASP_S_n', 'cat_binary__TIKL_S_n', 'cat_binary__TRENT_S_n']"
smoteenn_auto__mec_fp1_fn10,2,8,DecisionTreeClassifier,generalization,23,35,97,2,0.36942675159235666,0.19166666666666668,0.92,0.31724137931034485,0.26515151515151514,0.7348484848484849,0.5925757575757575,0.49390221090757824,0.15962200264745374,0.07288994929913506,0.7092424242424242,0.264041883806215,0.7452229299363057,0.02217841148376465,157,"['num_log1p_standard_scaler__L_BLOOD', 'num_standard_scaler__AGE', 'num_standard_scaler__S_AD_ORIT', 'num_standard_scaler__D_AD_ORIT', 'cat_nominal__IBS_POST_2.0', 'cat_ordinal__INF_ANAM', 'cat_ordinal__STENOK_AN', 'cat_ordinal__FK_STENOK', 'cat_ordinal__TIME_B_S', 'cat_ordinal__ant_im', 'cat_partial_ordinal__HF_right_line', 'cat_binary__SIM_GIPERT', 'cat_binary__nr_03', 'cat_binary__np_10', 'cat_binary__endocr_01', 'cat_binary__K_SH_POST', 'cat_binary__IM_PG_P', 'cat_binary__ritm_ecg_p_01', 'cat_binary__ritm_ecg_p_07', 'cat_binary__ritm_ecg_p_08', 'cat_binary__n_r_ecg_p_02', 'cat_binary__n_p_ecg_p_06', 'cat_binary__n_p_ecg_p_09', 'cat_binary__B_BLOK_S_n', 'cat_binary__TRENT_S_n']"
smoteenn_auto__mec_fp1_fn10,2,9,DecisionTreeClassifier,generalization,25,0,132,0,0.1592356687898089,0.1592356687898089,1.0,0.27472527472527475,0.0,1.0,0.5,0.0,0.0,0.0,0.636969696969697,0.20891220182340453,0.8407643312101911,0.022366046905517578,157,"['num_log1p_standard_scaler__L_BLOOD', 'num_log1p_standard_scaler__AST_BLOOD', 'num_log1p_standard_scaler__ROE', 'num_log1p_standard_scaler__K_BLOOD', 'num_standard_scaler__AGE', 'num_standard_scaler__S_AD_ORIT', 'num_standard_scaler__D_AD_ORIT', 'num_standard_scaler__NA_BLOOD', 'cat_nominal__IBS_POST_0.0', 'cat_nominal__IBS_POST_1.0', 'cat_nominal__IBS_POST_2.0', 'cat_ordinal__INF_ANAM', 'cat_ordinal__STENOK_AN', 'cat_ordinal__FK_STENOK', 'cat_ordinal__GB', 'cat_ordinal__DLIT_AG', 'cat_ordinal__TIME_B_S', 'cat_ordinal__ant_im', 'cat_ordinal__lat_im', 'cat_ordinal__post_im', 'cat_partial_ordinal__HF_right_line', 'cat_partial_ordinal__HF_left_line', 'cat_binary__SEX', 'cat_binary__SIM_GIPERT', 'cat_binary__nr_01', 'cat_binary__nr_02', 'cat_binary__nr_03', 'cat_binary__nr_04', 'cat_binary__nr_07', 'cat_binary__np_07', 'cat_binary__np_08', 'cat_binary__np_10', 'cat_binary__endocr_01', 'cat_binary__endocr_02', 'cat_binary__endocr_03', 'cat_binary__zab_leg_01', 'cat_binary__zab_leg_02', 'cat_binary__zab_leg_03', 'cat_binary__zab_leg_04', 'cat_binary__zab_leg_06', 'cat_binary__O_L_POST', 'cat_binary__K_SH_POST', 'cat_binary__MP_TP_POST', 'cat_binary__SVT_POST', 'cat_binary__GT_POST', 'cat_binary__FIB_G_POST', 'cat_binary__IM_PG_P', 'cat_binary__ritm_ecg_p_01', 'cat_binary__ritm_ecg_p_02', 'cat_binary__ritm_ecg_p_04', 'cat_binary__ritm_ecg_p_06', 'cat_binary__ritm_ecg_p_07', 'cat_binary__ritm_ecg_p_08', 'cat_binary__n_r_ecg_p_01', 'cat_binary__n_r_ecg_p_02', 'cat_binary__n_r_ecg_p_03', 'cat_binary__n_r_ecg_p_04', 'cat_binary__n_r_ecg_p_05', 'cat_binary__n_r_ecg_p_06', 'cat_binary__n_r_ecg_p_08', 'cat_binary__n_r_ecg_p_09', 'cat_binary__n_r_ecg_p_10', 'cat_binary__n_p_ecg_p_01', 'cat_binary__n_p_ecg_p_03', 'cat_binary__n_p_ecg_p_04', 'cat_binary__n_p_ecg_p_05', 'cat_binary__n_p_ecg_p_06', 'cat_binary__n_p_ecg_p_07', 'cat_binary__n_p_ecg_p_08', 'cat_binary__n_p_ecg_p_09', 'cat_binary__n_p_ecg_p_10', 'cat_binary__n_p_ecg_p_11', 'cat_binary__n_p_ecg_p_12', 'cat_binary__fibr_ter_01', 'cat_binary__fibr_ter_02', 'cat_binary__fibr_ter_03', 'cat_binary__fibr_ter_05', 'cat_binary__fibr_ter_06', 'cat_binary__fibr_ter_07', 'cat_binary__fibr_ter_08', 'cat_binary__GIPO_K', 'cat_binary__GIPER_NA', 'cat_binary__NITR_S', 'cat_binary__LID_S_n', 'cat_binary__B_BLOK_S_n', 'cat_binary__ANT_CA_S_n', 'cat_binary__GEPAR_S_n', 'cat_binary__ASP_S_n', 'cat_binary__TIKL_S_n', 'cat_binary__TRENT_S_n']"
smoteenn_auto__mec_fp1_fn10,2,10,DecisionTreeClassifier,generalization,23,10,122,2,0.21019108280254778,0.15862068965517243,0.92,0.27058823529411763,0.07575757575757576,0.9242424242424242,0.4978787878787879,0.2640018365409031,-0.005842469334754901,-0.0014403292181068839,0.519090909090909,0.16512071871415954,0.9044585987261147,0.028784990310668945,157,"['num_log1p_standard_scaler__L_BLOOD', 'num_log1p_standard_scaler__AST_BLOOD', 'num_log1p_standard_scaler__K_BLOOD', 'num_standard_scaler__AGE', 'num_standard_scaler__S_AD_ORIT', 'num_standard_scaler__D_AD_ORIT', 'num_standard_scaler__NA_BLOOD', 'cat_nominal__IBS_POST_0.0', 'cat_nominal__IBS_POST_1.0', 'cat_nominal__IBS_POST_2.0', 'cat_ordinal__INF_ANAM', 'cat_ordinal__STENOK_AN', 'cat_ordinal__FK_STENOK', 'cat_ordinal__GB', 'cat_ordinal__DLIT_AG', 'cat_ordinal__TIME_B_S', 'cat_ordinal__ant_im', 'cat_ordinal__lat_im', 'cat_ordinal__inf_im', 'cat_ordinal__post_im', 'cat_partial_ordinal__HF_right_line', 'cat_partial_ordinal__HF_left_line', 'cat_binary__SEX', 'cat_binary__nr_11', 'cat_binary__nr_01', 'cat_binary__nr_07', 'cat_binary__np_04', 'cat_binary__np_07', 'cat_binary__np_09', 'cat_binary__np_10', 'cat_binary__endocr_03', 'cat_binary__zab_leg_02', 'cat_binary__zab_leg_03', 'cat_binary__zab_leg_06', 'cat_binary__O_L_POST', 'cat_binary__K_SH_POST', 'cat_binary__MP_TP_POST', 'cat_binary__SVT_POST', 'cat_binary__GT_POST', 'cat_binary__FIB_G_POST', 'cat_binary__ritm_ecg_p_01', 'cat_binary__ritm_ecg_p_02', 'cat_binary__ritm_ecg_p_08', 'cat_binary__n_r_ecg_p_01', 'cat_binary__n_r_ecg_p_02', 'cat_binary__n_p_ecg_p_07', 'cat_binary__n_p_ecg_p_08', 'cat_binary__n_p_ecg_p_12', 'cat_binary__fibr_ter_02', 'cat_binary__fibr_ter_05', 'cat_binary__NITR_S', 'cat_binary__LID_S_n', 'cat_binary__ANT_CA_S_n', 'cat_binary__ASP_S_n', 'cat_binary__TRENT_S_n']"
smoteenn_auto__mec_fp1_fn10,3,1,DecisionTreeClassifier,generalization,25,0,133,0,0.15822784810126583,0.15822784810126583,1.0,0.273224043715847,0.0,1.0,0.5,0.0,0.0,0.0,0.5938345864661654,0.20208542491265025,0.8417721518987342,0.028230667114257812,158,"['num_log1p_standard_scaler__L_BLOOD', 'num_log1p_standard_scaler__K_BLOOD', 'num_standard_scaler__AGE', 'num_standard_scaler__S_AD_ORIT', 'num_standard_scaler__D_AD_ORIT', 'num_standard_scaler__NA_BLOOD', 'cat_nominal__IBS_POST_2.0', 'cat_ordinal__INF_ANAM', 'cat_ordinal__FK_STENOK', 'cat_ordinal__GB', 'cat_ordinal__DLIT_AG', 'cat_ordinal__ant_im', 'cat_ordinal__lat_im', 'cat_partial_ordinal__HF_right_line', 'cat_partial_ordinal__HF_left_line', 'cat_binary__nr_11', 'cat_binary__np_04', 'cat_binary__np_05', 'cat_binary__np_08', 'cat_binary__np_09', 'cat_binary__np_10', 'cat_binary__endocr_02', 'cat_binary__endocr_03', 'cat_binary__zab_leg_02', 'cat_binary__zab_leg_06', 'cat_binary__K_SH_POST', 'cat_binary__MP_TP_POST', 'cat_binary__GT_POST', 'cat_binary__IM_PG_P', 'cat_binary__ritm_ecg_p_01', 'cat_binary__ritm_ecg_p_02', 'cat_binary__ritm_ecg_p_04', 'cat_binary__ritm_ecg_p_06', 'cat_binary__ritm_ecg_p_07', 'cat_binary__n_r_ecg_p_02', 'cat_binary__n_r_ecg_p_06', 'cat_binary__n_p_ecg_p_01', 'cat_binary__n_p_ecg_p_06', 'cat_binary__n_p_ecg_p_12', 'cat_binary__fibr_ter_05', 'cat_binary__fibr_ter_06', 'cat_binary__NITR_S', 'cat_binary__B_BLOK_S_n', 'cat_binary__ANT_CA_S_n', 'cat_binary__ASP_S_n']"
smoteenn_auto__mec_fp1_fn10,3,2,DecisionTreeClassifier,generalization,26,0,132,0,0.16455696202531644,0.16455696202531644,1.0,0.2826086956521739,0.0,1.0,0.5,0.0,0.0,0.0,0.5,0.16455696202531644,0.8354430379746836,0.0496826171875,158,"['num_log1p_standard_scaler__L_BLOOD', 'num_log1p_standard_scaler__K_BLOOD', 'num_standard_scaler__AGE', 'num_standard_scaler__S_AD_ORIT', 'num_standard_scaler__D_AD_ORIT', 'num_standard_scaler__NA_BLOOD', 'cat_ordinal__FK_STENOK', 'cat_ordinal__DLIT_AG', 'cat_ordinal__TIME_B_S', 'cat_ordinal__lat_im', 'cat_partial_ordinal__HF_right_line', 'cat_partial_ordinal__HF_left_line', 'cat_binary__nr_01', 'cat_binary__nr_02', 'cat_binary__endocr_01', 'cat_binary__K_SH_POST', 'cat_binary__SVT_POST', 'cat_binary__IM_PG_P', 'cat_binary__ritm_ecg_p_02', 'cat_binary__NITR_S']"
smoteenn_auto__mec_fp1_fn10,3,3,DecisionTreeClassifier,generalization,25,0,132,0,0.1592356687898089,0.1592356687898089,1.0,0.27472527472527475,0.0,1.0,0.5,0.0,0.0,0.0,0.5,0.1592356687898089,0.8407643312101911,0.02213311195373535,157,"['num_log1p_standard_scaler__L_BLOOD', 'num_log1p_standard_scaler__ROE', 'num_log1p_standard_scaler__K_BLOOD', 'num_standard_scaler__AGE', 'num_standard_scaler__S_AD_ORIT', 'num_standard_scaler__D_AD_ORIT', 'num_standard_scaler__NA_BLOOD', 'cat_nominal__IBS_POST_0.0', 'cat_nominal__IBS_POST_1.0', 'cat_nominal__IBS_POST_2.0', 'cat_ordinal__INF_ANAM', 'cat_ordinal__STENOK_AN', 'cat_ordinal__FK_STENOK', 'cat_ordinal__GB', 'cat_ordinal__DLIT_AG', 'cat_ordinal__TIME_B_S', 'cat_ordinal__ant_im', 'cat_ordinal__lat_im', 'cat_ordinal__inf_im', 'cat_partial_ordinal__HF_left_line', 'cat_binary__SEX', 'cat_binary__nr_11', 'cat_binary__nr_01', 'cat_binary__nr_02', 'cat_binary__nr_07', 'cat_binary__nr_08', 'cat_binary__np_01', 'cat_binary__endocr_01', 'cat_binary__endocr_02', 'cat_binary__endocr_03', 'cat_binary__zab_leg_02', 'cat_binary__zab_leg_03', 'cat_binary__zab_leg_04', 'cat_binary__zab_leg_06', 'cat_binary__O_L_POST', 'cat_binary__K_SH_POST', 'cat_binary__MP_TP_POST', 'cat_binary__SVT_POST', 'cat_binary__GT_POST', 'cat_binary__IM_PG_P', 'cat_binary__ritm_ecg_p_01', 'cat_binary__ritm_ecg_p_02', 'cat_binary__ritm_ecg_p_04', 'cat_binary__ritm_ecg_p_06', 'cat_binary__ritm_ecg_p_07', 'cat_binary__n_r_ecg_p_06', 'cat_binary__n_r_ecg_p_09', 'cat_binary__n_r_ecg_p_10', 'cat_binary__n_p_ecg_p_04', 'cat_binary__n_p_ecg_p_06', 'cat_binary__n_p_ecg_p_10', 'cat_binary__n_p_ecg_p_11', 'cat_binary__n_p_ecg_p_12', 'cat_binary__fibr_ter_01', 'cat_binary__fibr_ter_02', 'cat_binary__fibr_ter_03', 'cat_binary__fibr_ter_05', 'cat_binary__fibr_ter_06', 'cat_binary__fibr_ter_07', 'cat_binary__fibr_ter_08', 'cat_binary__GIPO_K', 'cat_binary__GIPER_NA', 'cat_binary__NITR_S', 'cat_binary__LID_S_n', 'cat_binary__B_BLOK_S_n', 'cat_binary__ANT_CA_S_n', 'cat_binary__GEPAR_S_n', 'cat_binary__ASP_S_n', 'cat_binary__TIKL_S_n', 'cat_binary__TRENT_S_n']"
smoteenn_auto__mec_fp1_fn10,3,4,DecisionTreeClassifier,generalization,25,0,132,0,0.1592356687898089,0.1592356687898089,1.0,0.27472527472527475,0.0,1.0,0.5,0.0,0.0,0.0,0.65,0.23243215323595692,0.8407643312101911,0.02215409278869629,157,"['num_log1p_standard_scaler__L_BLOOD', 'num_log1p_standard_scaler__ROE', 'num_log1p_standard_scaler__K_BLOOD', 'num_standard_scaler__AGE', 'num_standard_scaler__S_AD_ORIT', 'num_standard_scaler__D_AD_ORIT', 'cat_ordinal__FK_STENOK', 'cat_ordinal__GB', 'cat_ordinal__DLIT_AG', 'cat_ordinal__TIME_B_S', 'cat_ordinal__ant_im', 'cat_ordinal__inf_im', 'cat_partial_ordinal__HF_right_line', 'cat_binary__SEX', 'cat_binary__nr_01', 'cat_binary__nr_02', 'cat_binary__nr_08', 'cat_binary__np_01', 'cat_binary__zab_leg_02', 'cat_binary__O_L_POST', 'cat_binary__K_SH_POST', 'cat_binary__MP_TP_POST', 'cat_binary__ritm_ecg_p_01', 'cat_binary__ritm_ecg_p_02', 'cat_binary__ritm_ecg_p_07', 'cat_binary__n_r_ecg_p_01', 'cat_binary__n_r_ecg_p_03', 'cat_binary__n_r_ecg_p_05', 'cat_binary__n_p_ecg_p_04', 'cat_binary__n_p_ecg_p_05', 'cat_binary__n_p_ecg_p_12', 'cat_binary__NITR_S', 'cat_binary__LID_S_n', 'cat_binary__ANT_CA_S_n', 'cat_binary__ASP_S_n']"
smoteenn_auto__mec_fp1_fn10,3,5,DecisionTreeClassifier,generalization,25,0,132,0,0.1592356687898089,0.1592356687898089,1.0,0.27472527472527475,0.0,1.0,0.5,0.0,0.0,0.0,0.6131818181818182,0.19841888347695763,0.8407643312101911,0.02194690704345703,157,"['num_log1p_standard_scaler__L_BLOOD', 'num_log1p_standard_scaler__K_BLOOD', 'num_standard_scaler__AGE', 'num_standard_scaler__S_AD_ORIT', 'num_standard_scaler__D_AD_ORIT', 'cat_nominal__IBS_POST_0.0', 'cat_ordinal__STENOK_AN', 'cat_ordinal__GB', 'cat_ordinal__TIME_B_S', 'cat_ordinal__ant_im', 'cat_ordinal__inf_im', 'cat_partial_ordinal__HF_left_line', 'cat_binary__nr_03', 'cat_binary__np_10', 'cat_binary__endocr_01', 'cat_binary__zab_leg_02', 'cat_binary__zab_leg_03', 'cat_binary__zab_leg_04', 'cat_binary__O_L_POST', 'cat_binary__K_SH_POST', 'cat_binary__GT_POST', 'cat_binary__FIB_G_POST', 'cat_binary__IM_PG_P', 'cat_binary__ritm_ecg_p_01', 'cat_binary__ritm_ecg_p_07', 'cat_binary__n_r_ecg_p_04', 'cat_binary__n_r_ecg_p_05', 'cat_binary__n_r_ecg_p_06', 'cat_binary__n_p_ecg_p_03', 'cat_binary__n_p_ecg_p_06', 'cat_binary__n_p_ecg_p_12', 'cat_binary__NITR_S', 'cat_binary__ANT_CA_S_n', 'cat_binary__ASP_S_n', 'cat_binary__TIKL_S_n']"
smoteenn_auto__mec_fp1_fn10,3,6,DecisionTreeClassifier,generalization,25,0,132,0,0.1592356687898089,0.1592356687898089,1.0,0.27472527472527475,0.0,1.0,0.5,0.0,0.0,0.0,0.6756060606060605,0.28142323742587305,0.8407643312101911,0.022168874740600586,157,"['num_log1p_standard_scaler__L_BLOOD', 'num_log1p_standard_scaler__ALT_BLOOD', 'num_log1p_standard_scaler__K_BLOOD', 'num_standard_scaler__AGE', 'num_standard_scaler__S_AD_ORIT', 'num_standard_scaler__D_AD_ORIT', 'num_standard_scaler__NA_BLOOD', 'cat_nominal__IBS_POST_0.0', 'cat_nominal__IBS_POST_2.0', 'cat_ordinal__STENOK_AN', 'cat_ordinal__FK_STENOK', 'cat_ordinal__GB', 'cat_ordinal__DLIT_AG', 'cat_ordinal__TIME_B_S', 'cat_ordinal__ant_im', 'cat_ordinal__lat_im', 'cat_partial_ordinal__HF_right_line', 'cat_partial_ordinal__HF_left_line', 'cat_binary__SEX', 'cat_binary__nr_11', 'cat_binary__nr_01', 'cat_binary__nr_03', 'cat_binary__nr_04', 'cat_binary__nr_07', 'cat_binary__nr_08', 'cat_binary__np_01', 'cat_binary__np_04', 'cat_binary__np_05', 'cat_binary__np_07', 'cat_binary__np_08', 'cat_binary__np_09', 'cat_binary__np_10', 'cat_binary__endocr_01', 'cat_binary__endocr_02', 'cat_binary__endocr_03', 'cat_binary__zab_leg_01', 'cat_binary__zab_leg_02', 'cat_binary__zab_leg_03', 'cat_binary__zab_leg_04', 'cat_binary__zab_leg_06', 'cat_binary__O_L_POST', 'cat_binary__K_SH_POST', 'cat_binary__MP_TP_POST', 'cat_binary__SVT_POST', 'cat_binary__GT_POST', 'cat_binary__FIB_G_POST', 'cat_binary__IM_PG_P', 'cat_binary__ritm_ecg_p_01', 'cat_binary__ritm_ecg_p_02', 'cat_binary__ritm_ecg_p_04', 'cat_binary__ritm_ecg_p_06', 'cat_binary__ritm_ecg_p_07', 'cat_binary__ritm_ecg_p_08', 'cat_binary__n_r_ecg_p_01', 'cat_binary__n_r_ecg_p_02', 'cat_binary__n_r_ecg_p_03', 'cat_binary__n_r_ecg_p_04', 'cat_binary__n_r_ecg_p_05', 'cat_binary__n_r_ecg_p_06', 'cat_binary__n_r_ecg_p_08', 'cat_binary__n_r_ecg_p_09', 'cat_binary__n_r_ecg_p_10', 'cat_binary__n_p_ecg_p_01', 'cat_binary__n_p_ecg_p_03', 'cat_binary__n_p_ecg_p_04', 'cat_binary__n_p_ecg_p_05', 'cat_binary__n_p_ecg_p_06', 'cat_binary__n_p_ecg_p_07', 'cat_binary__n_p_ecg_p_08', 'cat_binary__n_p_ecg_p_09', 'cat_binary__n_p_ecg_p_10', 'cat_binary__n_p_ecg_p_11', 'cat_binary__n_p_ecg_p_12', 'cat_binary__fibr_ter_01', 'cat_binary__fibr_ter_02', 'cat_binary__fibr_ter_03', 'cat_binary__fibr_ter_05', 'cat_binary__fibr_ter_06', 'cat_binary__fibr_ter_07', 'cat_binary__fibr_ter_08', 'cat_binary__GIPO_K', 'cat_binary__GIPER_NA', 'cat_binary__NITR_S', 'cat_binary__LID_S_n', 'cat_binary__B_BLOK_S_n', 'cat_binary__ANT_CA_S_n', 'cat_binary__GEPAR_S_n', 'cat_binary__ASP_S_n', 'cat_binary__TIKL_S_n', 'cat_binary__TRENT_S_n']"
smoteenn_auto__mec_fp1_fn10,3,7,DecisionTreeClassifier,generalization,25,0,132,0,0.1592356687898089,0.1592356687898089,1.0,0.27472527472527475,0.0,1.0,0.5,0.0,0.0,0.0,0.7093939393939394,0.31563246450359267,0.8407643312101911,0.021909713745117188,157,"['num_log1p_standard_scaler__L_BLOOD', 'num_log1p_standard_scaler__K_BLOOD', 'num_standard_scaler__AGE', 'num_standard_scaler__S_AD_ORIT', 'num_standard_scaler__D_AD_ORIT', 'cat_nominal__IBS_POST_0.0', 'cat_ordinal__STENOK_AN', 'cat_ordinal__FK_STENOK', 'cat_ordinal__TIME_B_S', 'cat_ordinal__ant_im', 'cat_ordinal__inf_im', 'cat_partial_ordinal__HF_right_line', 'cat_binary__SEX', 'cat_binary__nr_01', 'cat_binary__nr_04', 'cat_binary__np_04', 'cat_binary__np_08', 'cat_binary__zab_leg_02', 'cat_binary__O_L_POST', 'cat_binary__K_SH_POST', 'cat_binary__MP_TP_POST', 'cat_binary__IM_PG_P', 'cat_binary__ritm_ecg_p_01', 'cat_binary__ritm_ecg_p_02', 'cat_binary__n_r_ecg_p_05', 'cat_binary__n_p_ecg_p_03', 'cat_binary__n_p_ecg_p_07', 'cat_binary__n_p_ecg_p_08', 'cat_binary__n_p_ecg_p_10', 'cat_binary__n_p_ecg_p_12', 'cat_binary__fibr_ter_01', 'cat_binary__fibr_ter_03', 'cat_binary__NITR_S', 'cat_binary__LID_S_n', 'cat_binary__ANT_CA_S_n']"
smoteenn_auto__mec_fp1_fn10,3,8,DecisionTreeClassifier,generalization,25,0,132,0,0.1592356687898089,0.1592356687898089,1.0,0.27472527472527475,0.0,1.0,0.5,0.0,0.0,0.0,0.6287878787878788,0.21969303931368703,0.8407643312101911,0.022149085998535156,157,"['num_log1p_standard_scaler__L_BLOOD', 'num_log1p_standard_scaler__AST_BLOOD', 'num_log1p_standard_scaler__ROE', 'num_log1p_standard_scaler__K_BLOOD', 'num_standard_scaler__AGE', 'num_standard_scaler__S_AD_ORIT', 'num_standard_scaler__D_AD_ORIT', 'num_standard_scaler__NA_BLOOD', 'cat_nominal__IBS_POST_1.0', 'cat_nominal__IBS_POST_2.0', 'cat_ordinal__INF_ANAM', 'cat_ordinal__GB', 'cat_ordinal__DLIT_AG', 'cat_ordinal__TIME_B_S', 'cat_ordinal__ant_im', 'cat_ordinal__lat_im', 'cat_partial_ordinal__HF_right_line', 'cat_partial_ordinal__HF_left_line', 'cat_binary__SEX', 'cat_binary__SIM_GIPERT', 'cat_binary__nr_11', 'cat_binary__nr_01', 'cat_binary__nr_03', 'cat_binary__nr_04', 'cat_binary__nr_08', 'cat_binary__np_07', 'cat_binary__zab_leg_02', 'cat_binary__zab_leg_03', 'cat_binary__O_L_POST', 'cat_binary__K_SH_POST', 'cat_binary__IM_PG_P', 'cat_binary__ritm_ecg_p_01', 'cat_binary__ritm_ecg_p_04', 'cat_binary__ritm_ecg_p_06', 'cat_binary__ritm_ecg_p_07', 'cat_binary__ritm_ecg_p_08', 'cat_binary__n_r_ecg_p_06', 'cat_binary__n_r_ecg_p_08', 'cat_binary__n_p_ecg_p_07', 'cat_binary__n_p_ecg_p_10', 'cat_binary__n_p_ecg_p_11', 'cat_binary__n_p_ecg_p_12', 'cat_binary__fibr_ter_02', 'cat_binary__fibr_ter_05', 'cat_binary__GIPO_K', 'cat_binary__NITR_S', 'cat_binary__LID_S_n', 'cat_binary__ANT_CA_S_n', 'cat_binary__ASP_S_n', 'cat_binary__TIKL_S_n']"
smoteenn_auto__mec_fp1_fn10,3,9,DecisionTreeClassifier,generalization,25,0,132,0,0.1592356687898089,0.1592356687898089,1.0,0.27472527472527475,0.0,1.0,0.5,0.0,0.0,0.0,0.6722727272727272,0.26972074892645626,0.8407643312101911,0.023777246475219727,157,"['num_log1p_standard_scaler__L_BLOOD', 'num_log1p_standard_scaler__ROE', 'num_log1p_standard_scaler__K_BLOOD', 'num_standard_scaler__AGE', 'num_standard_scaler__S_AD_ORIT', 'num_standard_scaler__D_AD_ORIT', 'num_standard_scaler__NA_BLOOD', 'cat_nominal__IBS_POST_0.0', 'cat_nominal__IBS_POST_1.0', 'cat_nominal__IBS_POST_2.0', 'cat_ordinal__INF_ANAM', 'cat_ordinal__STENOK_AN', 'cat_ordinal__FK_STENOK', 'cat_ordinal__DLIT_AG', 'cat_ordinal__TIME_B_S', 'cat_ordinal__ant_im', 'cat_ordinal__inf_im', 'cat_partial_ordinal__HF_right_line', 'cat_binary__SEX', 'cat_binary__nr_01', 'cat_binary__nr_02', 'cat_binary__nr_03', 'cat_binary__nr_07', 'cat_binary__np_01', 'cat_binary__np_04', 'cat_binary__np_05', 'cat_binary__np_07', 'cat_binary__endocr_01', 'cat_binary__endocr_02', 'cat_binary__endocr_03', 'cat_binary__zab_leg_01', 'cat_binary__zab_leg_06', 'cat_binary__O_L_POST', 'cat_binary__K_SH_POST', 'cat_binary__MP_TP_POST', 'cat_binary__FIB_G_POST', 'cat_binary__IM_PG_P', 'cat_binary__ritm_ecg_p_01', 'cat_binary__ritm_ecg_p_04', 'cat_binary__ritm_ecg_p_06', 'cat_binary__ritm_ecg_p_07', 'cat_binary__ritm_ecg_p_08', 'cat_binary__n_r_ecg_p_01', 'cat_binary__n_r_ecg_p_02', 'cat_binary__n_r_ecg_p_03', 'cat_binary__n_r_ecg_p_04', 'cat_binary__n_p_ecg_p_03', 'cat_binary__n_p_ecg_p_05', 'cat_binary__n_p_ecg_p_06', 'cat_binary__n_p_ecg_p_08', 'cat_binary__n_p_ecg_p_10', 'cat_binary__n_p_ecg_p_11', 'cat_binary__n_p_ecg_p_12', 'cat_binary__fibr_ter_01', 'cat_binary__fibr_ter_02', 'cat_binary__fibr_ter_03', 'cat_binary__fibr_ter_05', 'cat_binary__fibr_ter_06', 'cat_binary__fibr_ter_07', 'cat_binary__fibr_ter_08', 'cat_binary__GIPO_K', 'cat_binary__GIPER_NA', 'cat_binary__NITR_S', 'cat_binary__LID_S_n', 'cat_binary__B_BLOK_S_n', 'cat_binary__ANT_CA_S_n', 'cat_binary__GEPAR_S_n', 'cat_binary__ASP_S_n', 'cat_binary__TIKL_S_n', 'cat_binary__TRENT_S_n']"
smoteenn_auto__mec_fp1_fn10,3,10,DecisionTreeClassifier,generalization,25,0,132,0,0.1592356687898089,0.1592356687898089,1.0,0.27472527472527475,0.0,1.0,0.5,0.0,0.0,0.0,0.5925757575757575,0.19780131501839215,0.8407643312101911,0.02311539649963379,157,"['num_log1p_standard_scaler__L_BLOOD', 'num_log1p_standard_scaler__K_BLOOD', 'num_standard_scaler__AGE', 'num_standard_scaler__S_AD_ORIT', 'num_standard_scaler__D_AD_ORIT', 'num_standard_scaler__NA_BLOOD', 'cat_nominal__IBS_POST_0.0', 'cat_nominal__IBS_POST_2.0', 'cat_ordinal__INF_ANAM', 'cat_ordinal__STENOK_AN', 'cat_ordinal__TIME_B_S', 'cat_ordinal__lat_im', 'cat_ordinal__inf_im', 'cat_ordinal__post_im', 'cat_partial_ordinal__HF_right_line', 'cat_partial_ordinal__HF_left_line', 'cat_binary__SEX', 'cat_binary__nr_11', 'cat_binary__nr_04', 'cat_binary__np_05', 'cat_binary__np_09', 'cat_binary__endocr_03', 'cat_binary__zab_leg_02', 'cat_binary__zab_leg_03', 'cat_binary__zab_leg_06', 'cat_binary__O_L_POST', 'cat_binary__K_SH_POST', 'cat_binary__GT_POST', 'cat_binary__IM_PG_P', 'cat_binary__ritm_ecg_p_01', 'cat_binary__ritm_ecg_p_02', 'cat_binary__ritm_ecg_p_07', 'cat_binary__n_r_ecg_p_04', 'cat_binary__n_r_ecg_p_05', 'cat_binary__n_p_ecg_p_03', 'cat_binary__n_p_ecg_p_06', 'cat_binary__n_p_ecg_p_08', 'cat_binary__fibr_ter_01', 'cat_binary__fibr_ter_02', 'cat_binary__fibr_ter_06', 'cat_binary__NITR_S', 'cat_binary__B_BLOK_S_n', 'cat_binary__ANT_CA_S_n', 'cat_binary__GEPAR_S_n', 'cat_binary__ASP_S_n']"
smoteenn_auto__mec_fp1_fn10,4,1,DecisionTreeClassifier,generalization,25,0,133,0,0.15822784810126583,0.15822784810126583,1.0,0.273224043715847,0.0,1.0,0.5,0.0,0.0,0.0,0.6490225563909774,0.23084145817779406,0.8417721518987342,0.02196788787841797,158,"['num_log1p_standard_scaler__L_BLOOD', 'num_standard_scaler__AGE', 'num_standard_scaler__S_AD_ORIT', 'num_standard_scaler__D_AD_ORIT', 'num_standard_scaler__NA_BLOOD', 'cat_ordinal__STENOK_AN', 'cat_ordinal__TIME_B_S', 'cat_ordinal__inf_im', 'cat_partial_ordinal__HF_right_line', 'cat_partial_ordinal__HF_left_line', 'cat_binary__SEX', 'cat_binary__SIM_GIPERT', 'cat_binary__nr_01', 'cat_binary__nr_02', 'cat_binary__nr_07', 'cat_binary__np_04', 'cat_binary__endocr_01', 'cat_binary__endocr_03', 'cat_binary__zab_leg_02', 'cat_binary__K_SH_POST', 'cat_binary__FIB_G_POST', 'cat_binary__ritm_ecg_p_02', 'cat_binary__ritm_ecg_p_07', 'cat_binary__n_r_ecg_p_01', 'cat_binary__n_r_ecg_p_02', 'cat_binary__n_r_ecg_p_03', 'cat_binary__n_r_ecg_p_05', 'cat_binary__n_p_ecg_p_05', 'cat_binary__n_p_ecg_p_11', 'cat_binary__n_p_ecg_p_12', 'cat_binary__GIPER_NA', 'cat_binary__NITR_S', 'cat_binary__B_BLOK_S_n', 'cat_binary__ANT_CA_S_n', 'cat_binary__ASP_S_n']"
smoteenn_auto__mec_fp1_fn10,4,2,DecisionTreeClassifier,generalization,26,0,132,0,0.16455696202531644,0.16455696202531644,1.0,0.2826086956521739,0.0,1.0,0.5,0.0,0.0,0.0,0.7258158508158508,0.28063854040739017,0.8354430379746836,0.02323007583618164,158,"['num_log1p_standard_scaler__L_BLOOD', 'num_log1p_standard_scaler__ROE', 'num_standard_scaler__AGE', 'num_standard_scaler__S_AD_ORIT', 'num_standard_scaler__D_AD_ORIT', 'num_standard_scaler__NA_BLOOD', 'cat_ordinal__INF_ANAM', 'cat_ordinal__STENOK_AN', 'cat_ordinal__FK_STENOK', 'cat_ordinal__DLIT_AG', 'cat_ordinal__TIME_B_S', 'cat_ordinal__ant_im', 'cat_partial_ordinal__HF_right_line', 'cat_partial_ordinal__HF_left_line', 'cat_binary__SEX', 'cat_binary__nr_11', 'cat_binary__nr_08', 'cat_binary__np_04', 'cat_binary__np_05', 'cat_binary__np_07', 'cat_binary__np_09', 'cat_binary__zab_leg_03', 'cat_binary__K_SH_POST', 'cat_binary__MP_TP_POST', 'cat_binary__IM_PG_P', 'cat_binary__ritm_ecg_p_01', 'cat_binary__ritm_ecg_p_06', 'cat_binary__ritm_ecg_p_07', 'cat_binary__n_r_ecg_p_02', 'cat_binary__n_p_ecg_p_07', 'cat_binary__fibr_ter_01', 'cat_binary__fibr_ter_03', 'cat_binary__GIPER_NA', 'cat_binary__NITR_S', 'cat_binary__ANT_CA_S_n']"
smoteenn_auto__mec_fp1_fn10,4,3,DecisionTreeClassifier,generalization,25,0,132,0,0.1592356687898089,0.1592356687898089,1.0,0.27472527472527475,0.0,1.0,0.5,0.0,0.0,0.0,0.7240909090909091,0.29939527298913826,0.8407643312101911,0.02376103401184082,157,"['num_log1p_standard_scaler__L_BLOOD', 'num_log1p_standard_scaler__ROE', 'num_log1p_standard_scaler__K_BLOOD', 'num_standard_scaler__AGE', 'num_standard_scaler__S_AD_ORIT', 'num_standard_scaler__D_AD_ORIT', 'num_standard_scaler__NA_BLOOD', 'cat_nominal__IBS_POST_0.0', 'cat_nominal__IBS_POST_1.0', 'cat_nominal__IBS_POST_2.0', 'cat_ordinal__INF_ANAM', 'cat_ordinal__STENOK_AN', 'cat_ordinal__FK_STENOK', 'cat_ordinal__GB', 'cat_ordinal__DLIT_AG', 'cat_ordinal__TIME_B_S', 'cat_ordinal__ant_im', 'cat_ordinal__lat_im', 'cat_partial_ordinal__HF_right_line', 'cat_partial_ordinal__HF_left_line', 'cat_binary__SEX', 'cat_binary__nr_11', 'cat_binary__nr_01', 'cat_binary__nr_03', 'cat_binary__nr_07', 'cat_binary__np_01', 'cat_binary__np_04', 'cat_binary__np_08', 'cat_binary__np_10', 'cat_binary__endocr_01', 'cat_binary__endocr_02', 'cat_binary__endocr_03', 'cat_binary__zab_leg_01', 'cat_binary__zab_leg_02', 'cat_binary__zab_leg_03', 'cat_binary__zab_leg_04', 'cat_binary__O_L_POST', 'cat_binary__K_SH_POST', 'cat_binary__MP_TP_POST', 'cat_binary__GT_POST', 'cat_binary__FIB_G_POST', 'cat_binary__IM_PG_P', 'cat_binary__ritm_ecg_p_01', 'cat_binary__ritm_ecg_p_04', 'cat_binary__ritm_ecg_p_06', 'cat_binary__ritm_ecg_p_07', 'cat_binary__ritm_ecg_p_08', 'cat_binary__n_r_ecg_p_01', 'cat_binary__n_p_ecg_p_01', 'cat_binary__n_p_ecg_p_04', 'cat_binary__n_p_ecg_p_05', 'cat_binary__n_p_ecg_p_06', 'cat_binary__n_p_ecg_p_07', 'cat_binary__n_p_ecg_p_09', 'cat_binary__n_p_ecg_p_10', 'cat_binary__n_p_ecg_p_12', 'cat_binary__fibr_ter_01', 'cat_binary__fibr_ter_03', 'cat_binary__fibr_ter_07', 'cat_binary__fibr_ter_08', 'cat_binary__NITR_S', 'cat_binary__LID_S_n', 'cat_binary__ANT_CA_S_n', 'cat_binary__ASP_S_n', 'cat_binary__TIKL_S_n']"
smoteenn_auto__mec_fp1_fn10,4,4,DecisionTreeClassifier,generalization,25,0,132,0,0.1592356687898089,0.1592356687898089,1.0,0.27472527472527475,0.0,1.0,0.5,0.0,0.0,0.0,0.6324242424242423,0.25812567735728054,0.8407643312101911,0.023600101470947266,157,"['num_log1p_standard_scaler__L_BLOOD', 'num_log1p_standard_scaler__K_BLOOD', 'num_standard_scaler__AGE', 'num_standard_scaler__S_AD_ORIT', 'num_standard_scaler__D_AD_ORIT', 'num_standard_scaler__NA_BLOOD', 'cat_nominal__IBS_POST_2.0', 'cat_ordinal__FK_STENOK', 'cat_ordinal__GB', 'cat_ordinal__DLIT_AG', 'cat_ordinal__TIME_B_S', 'cat_ordinal__ant_im', 'cat_ordinal__lat_im', 'cat_ordinal__inf_im', 'cat_partial_ordinal__HF_left_line', 'cat_binary__SIM_GIPERT', 'cat_binary__np_08', 'cat_binary__endocr_01', 'cat_binary__K_SH_POST', 'cat_binary__SVT_POST', 'cat_binary__GT_POST', 'cat_binary__IM_PG_P', 'cat_binary__ritm_ecg_p_01', 'cat_binary__ritm_ecg_p_07', 'cat_binary__n_r_ecg_p_06', 'cat_binary__n_p_ecg_p_06', 'cat_binary__fibr_ter_02', 'cat_binary__NITR_S', 'cat_binary__B_BLOK_S_n', 'cat_binary__ASP_S_n']"
smoteenn_auto__mec_fp1_fn10,4,5,DecisionTreeClassifier,generalization,25,0,132,0,0.1592356687898089,0.1592356687898089,1.0,0.27472527472527475,0.0,1.0,0.5,0.0,0.0,0.0,0.5983333333333334,0.22353857041755132,0.8407643312101911,0.02291107177734375,157,"['num_log1p_standard_scaler__L_BLOOD', 'num_standard_scaler__AGE', 'num_standard_scaler__S_AD_ORIT', 'num_standard_scaler__D_AD_ORIT', 'num_standard_scaler__NA_BLOOD', 'cat_nominal__IBS_POST_1.0', 'cat_nominal__IBS_POST_2.0', 'cat_ordinal__INF_ANAM', 'cat_ordinal__STENOK_AN', 'cat_ordinal__FK_STENOK', 'cat_ordinal__GB', 'cat_ordinal__TIME_B_S', 'cat_ordinal__ant_im', 'cat_ordinal__inf_im', 'cat_partial_ordinal__HF_right_line', 'cat_binary__nr_01', 'cat_binary__nr_04', 'cat_binary__np_08', 'cat_binary__np_09', 'cat_binary__np_10', 'cat_binary__zab_leg_03', 'cat_binary__K_SH_POST', 'cat_binary__MP_TP_POST', 'cat_binary__ritm_ecg_p_01', 'cat_binary__ritm_ecg_p_02', 'cat_binary__ritm_ecg_p_04', 'cat_binary__ritm_ecg_p_07', 'cat_binary__n_r_ecg_p_03', 'cat_binary__n_r_ecg_p_06', 'cat_binary__n_p_ecg_p_04', 'cat_binary__fibr_ter_05', 'cat_binary__fibr_ter_07', 'cat_binary__fibr_ter_08', 'cat_binary__NITR_S', 'cat_binary__GEPAR_S_n']"
smoteenn_auto__mec_fp1_fn10,4,6,DecisionTreeClassifier,generalization,25,0,132,0,0.1592356687898089,0.1592356687898089,1.0,0.27472527472527475,0.0,1.0,0.5,0.0,0.0,0.0,0.6142424242424243,0.19836753951403632,0.8407643312101911,0.0233917236328125,157,"['num_log1p_standard_scaler__L_BLOOD', 'num_log1p_standard_scaler__ROE', 'num_log1p_standard_scaler__K_BLOOD', 'num_standard_scaler__AGE', 'num_standard_scaler__S_AD_ORIT', 'num_standard_scaler__D_AD_ORIT', 'num_standard_scaler__NA_BLOOD', 'cat_nominal__IBS_POST_1.0', 'cat_nominal__IBS_POST_2.0', 'cat_ordinal__INF_ANAM', 'cat_ordinal__STENOK_AN', 'cat_ordinal__FK_STENOK', 'cat_ordinal__DLIT_AG', 'cat_ordinal__TIME_B_S', 'cat_ordinal__ant_im', 'cat_ordinal__lat_im', 'cat_ordinal__inf_im', 'cat_ordinal__post_im', 'cat_partial_ordinal__HF_right_line', 'cat_partial_ordinal__HF_left_line', 'cat_binary__SEX', 'cat_binary__nr_03', 'cat_binary__nr_08', 'cat_binary__np_04', 'cat_binary__np_07', 'cat_binary__np_08', 'cat_binary__np_10', 'cat_binary__endocr_01', 'cat_binary__endocr_03', 'cat_binary__zab_leg_01', 'cat_binary__zab_leg_02', 'cat_binary__zab_leg_06', 'cat_binary__O_L_POST', 'cat_binary__K_SH_POST', 'cat_binary__MP_TP_POST', 'cat_binary__SVT_POST', 'cat_binary__IM_PG_P', 'cat_binary__ritm_ecg_p_01', 'cat_binary__ritm_ecg_p_06', 'cat_binary__ritm_ecg_p_07', 'cat_binary__ritm_ecg_p_08', 'cat_binary__n_r_ecg_p_02', 'cat_binary__n_r_ecg_p_04', 'cat_binary__n_r_ecg_p_05', 'cat_binary__n_r_ecg_p_09', 'cat_binary__n_r_ecg_p_10', 'cat_binary__n_p_ecg_p_01', 'cat_binary__n_p_ecg_p_05', 'cat_binary__n_p_ecg_p_06', 'cat_binary__n_p_ecg_p_08', 'cat_binary__n_p_ecg_p_09', 'cat_binary__n_p_ecg_p_11', 'cat_binary__n_p_ecg_p_12', 'cat_binary__fibr_ter_01', 'cat_binary__fibr_ter_02', 'cat_binary__fibr_ter_05', 'cat_binary__GIPER_NA', 'cat_binary__NITR_S', 'cat_binary__LID_S_n', 'cat_binary__B_BLOK_S_n', 'cat_binary__ANT_CA_S_n', 'cat_binary__GEPAR_S_n', 'cat_binary__ASP_S_n', 'cat_binary__TIKL_S_n', 'cat_binary__TRENT_S_n']"
smoteenn_auto__mec_fp1_fn10,4,7,DecisionTreeClassifier,generalization,25,0,132,0,0.1592356687898089,0.1592356687898089,1.0,0.27472527472527475,0.0,1.0,0.5,0.0,0.0,0.0,0.7251515151515151,0.292180744284239,0.8407643312101911,0.023782730102539062,157,"['num_log1p_standard_scaler__L_BLOOD', 'num_log1p_standard_scaler__ALT_BLOOD', 'num_log1p_standard_scaler__AST_BLOOD', 'num_log1p_standard_scaler__ROE', 'num_log1p_standard_scaler__K_BLOOD', 'num_standard_scaler__AGE', 'num_standard_scaler__S_AD_ORIT', 'num_standard_scaler__D_AD_ORIT', 'num_standard_scaler__NA_BLOOD', 'cat_nominal__IBS_POST_0.0', 'cat_nominal__IBS_POST_1.0', 'cat_nominal__IBS_POST_2.0', 'cat_ordinal__INF_ANAM', 'cat_ordinal__STENOK_AN', 'cat_ordinal__FK_STENOK', 'cat_ordinal__GB', 'cat_ordinal__DLIT_AG', 'cat_ordinal__TIME_B_S', 'cat_ordinal__ant_im', 'cat_ordinal__lat_im', 'cat_ordinal__inf_im', 'cat_ordinal__post_im', 'cat_partial_ordinal__HF_right_line', 'cat_partial_ordinal__HF_left_line', 'cat_binary__SEX', 'cat_binary__SIM_GIPERT', 'cat_binary__nr_11', 'cat_binary__nr_01', 'cat_binary__nr_02', 'cat_binary__nr_03', 'cat_binary__nr_04', 'cat_binary__nr_07', 'cat_binary__nr_08', 'cat_binary__np_01', 'cat_binary__np_04', 'cat_binary__np_05', 'cat_binary__np_07', 'cat_binary__np_08', 'cat_binary__np_09', 'cat_binary__np_10', 'cat_binary__endocr_01', 'cat_binary__endocr_02', 'cat_binary__endocr_03', 'cat_binary__zab_leg_01', 'cat_binary__zab_leg_02', 'cat_binary__zab_leg_03', 'cat_binary__zab_leg_04', 'cat_binary__zab_leg_06', 'cat_binary__O_L_POST', 'cat_binary__K_SH_POST', 'cat_binary__MP_TP_POST', 'cat_binary__SVT_POST', 'cat_binary__GT_POST', 'cat_binary__FIB_G_POST', 'cat_binary__IM_PG_P', 'cat_binary__ritm_ecg_p_01', 'cat_binary__ritm_ecg_p_02', 'cat_binary__ritm_ecg_p_04', 'cat_binary__ritm_ecg_p_06', 'cat_binary__ritm_ecg_p_07', 'cat_binary__ritm_ecg_p_08', 'cat_binary__n_r_ecg_p_01', 'cat_binary__n_r_ecg_p_02', 'cat_binary__n_r_ecg_p_03', 'cat_binary__n_r_ecg_p_04', 'cat_binary__n_r_ecg_p_05', 'cat_binary__n_r_ecg_p_06', 'cat_binary__n_r_ecg_p_08', 'cat_binary__n_r_ecg_p_09', 'cat_binary__n_r_ecg_p_10', 'cat_binary__n_p_ecg_p_01', 'cat_binary__n_p_ecg_p_03', 'cat_binary__n_p_ecg_p_04', 'cat_binary__n_p_ecg_p_05', 'cat_binary__n_p_ecg_p_06', 'cat_binary__n_p_ecg_p_07', 'cat_binary__n_p_ecg_p_08', 'cat_binary__n_p_ecg_p_09', 'cat_binary__n_p_ecg_p_10', 'cat_binary__n_p_ecg_p_11', 'cat_binary__n_p_ecg_p_12', 'cat_binary__fibr_ter_01', 'cat_binary__fibr_ter_02', 'cat_binary__fibr_ter_03', 'cat_binary__fibr_ter_05', 'cat_binary__fibr_ter_06', 'cat_binary__fibr_ter_07', 'cat_binary__fibr_ter_08', 'cat_binary__GIPO_K', 'cat_binary__GIPER_NA', 'cat_binary__NITR_S', 'cat_binary__LID_S_n', 'cat_binary__B_BLOK_S_n', 'cat_binary__ANT_CA_S_n', 'cat_binary__GEPAR_S_n', 'cat_binary__ASP_S_n', 'cat_binary__TIKL_S_n', 'cat_binary__TRENT_S_n']"
smoteenn_auto__mec_fp1_fn10,4,8,DecisionTreeClassifier,generalization,25,9,123,0,0.21656050955414013,0.16891891891891891,1.0,0.28901734104046245,0.06818181818181818,0.9318181818181819,0.5340909090909091,0.26111648393354675,0.10731821381852671,0.02277212691665409,0.7257575757575757,0.3063476654486855,0.7834394904458599,0.022783756256103516,157,"['num_log1p_standard_scaler__L_BLOOD', 'num_log1p_standard_scaler__K_BLOOD', 'num_standard_scaler__AGE', 'num_standard_scaler__S_AD_ORIT', 'num_standard_scaler__D_AD_ORIT', 'num_standard_scaler__NA_BLOOD', 'cat_nominal__IBS_POST_0.0', 'cat_ordinal__FK_STENOK', 'cat_ordinal__TIME_B_S', 'cat_binary__K_SH_POST', 'cat_binary__IM_PG_P', 'cat_binary__ritm_ecg_p_01', 'cat_binary__ritm_ecg_p_07', 'cat_binary__ANT_CA_S_n', 'cat_binary__ASP_S_n']"
smoteenn_auto__mec_fp1_fn10,4,9,DecisionTreeClassifier,generalization,25,0,132,0,0.1592356687898089,0.1592356687898089,1.0,0.27472527472527475,0.0,1.0,0.5,0.0,0.0,0.0,0.5,0.1592356687898089,0.8407643312101911,0.022993087768554688,157,"['num_log1p_standard_scaler__L_BLOOD', 'num_log1p_standard_scaler__AST_BLOOD', 'num_log1p_standard_scaler__ROE', 'num_standard_scaler__AGE', 'num_standard_scaler__S_AD_ORIT', 'num_standard_scaler__D_AD_ORIT', 'num_standard_scaler__NA_BLOOD', 'cat_nominal__IBS_POST_0.0', 'cat_nominal__IBS_POST_1.0', 'cat_nominal__IBS_POST_2.0', 'cat_ordinal__INF_ANAM', 'cat_ordinal__STENOK_AN', 'cat_ordinal__FK_STENOK', 'cat_ordinal__GB', 'cat_ordinal__DLIT_AG', 'cat_ordinal__TIME_B_S', 'cat_ordinal__ant_im', 'cat_ordinal__lat_im', 'cat_ordinal__post_im', 'cat_partial_ordinal__HF_right_line', 'cat_partial_ordinal__HF_left_line', 'cat_binary__SEX', 'cat_binary__SIM_GIPERT', 'cat_binary__nr_11', 'cat_binary__nr_01', 'cat_binary__nr_04', 'cat_binary__nr_07', 'cat_binary__nr_08', 'cat_binary__np_01', 'cat_binary__np_04', 'cat_binary__np_07', 'cat_binary__np_08', 'cat_binary__np_09', 'cat_binary__np_10', 'cat_binary__endocr_02', 'cat_binary__zab_leg_02', 'cat_binary__zab_leg_03', 'cat_binary__zab_leg_04', 'cat_binary__zab_leg_06', 'cat_binary__K_SH_POST', 'cat_binary__MP_TP_POST', 'cat_binary__SVT_POST', 'cat_binary__ritm_ecg_p_01', 'cat_binary__ritm_ecg_p_04', 'cat_binary__ritm_ecg_p_07', 'cat_binary__n_r_ecg_p_05', 'cat_binary__n_r_ecg_p_06', 'cat_binary__n_r_ecg_p_08', 'cat_binary__n_r_ecg_p_09', 'cat_binary__n_p_ecg_p_01', 'cat_binary__n_p_ecg_p_03', 'cat_binary__n_p_ecg_p_04', 'cat_binary__n_p_ecg_p_05', 'cat_binary__n_p_ecg_p_06', 'cat_binary__n_p_ecg_p_10', 'cat_binary__n_p_ecg_p_12', 'cat_binary__fibr_ter_01', 'cat_binary__fibr_ter_03', 'cat_binary__fibr_ter_05', 'cat_binary__fibr_ter_08', 'cat_binary__GIPO_K', 'cat_binary__GIPER_NA', 'cat_binary__NITR_S', 'cat_binary__LID_S_n', 'cat_binary__B_BLOK_S_n', 'cat_binary__ANT_CA_S_n', 'cat_binary__GEPAR_S_n', 'cat_binary__ASP_S_n', 'cat_binary__TIKL_S_n', 'cat_binary__TRENT_S_n']"
smoteenn_auto__mec_fp1_fn10,4,10,DecisionTreeClassifier,generalization,25,0,132,0,0.1592356687898089,0.1592356687898089,1.0,0.27472527472527475,0.0,1.0,0.5,0.0,0.0,0.0,0.5548484848484848,0.18369153268262534,0.8407643312101911,0.022727251052856445,157,"['num_log1p_standard_scaler__L_BLOOD', 'num_log1p_standard_scaler__ALT_BLOOD', 'num_log1p_standard_scaler__AST_BLOOD', 'num_log1p_standard_scaler__ROE', 'num_log1p_standard_scaler__K_BLOOD', 'num_standard_scaler__AGE', 'num_standard_scaler__S_AD_ORIT', 'num_standard_scaler__D_AD_ORIT', 'num_standard_scaler__NA_BLOOD', 'cat_nominal__IBS_POST_1.0', 'cat_nominal__IBS_POST_2.0', 'cat_ordinal__INF_ANAM', 'cat_ordinal__STENOK_AN', 'cat_ordinal__FK_STENOK', 'cat_ordinal__TIME_B_S', 'cat_ordinal__ant_im', 'cat_ordinal__inf_im', 'cat_partial_ordinal__HF_left_line', 'cat_binary__SEX', 'cat_binary__nr_01', 'cat_binary__nr_04', 'cat_binary__np_01', 'cat_binary__np_05', 'cat_binary__np_09', 'cat_binary__np_10', 'cat_binary__endocr_01', 'cat_binary__endocr_03', 'cat_binary__zab_leg_02', 'cat_binary__zab_leg_04', 'cat_binary__O_L_POST', 'cat_binary__K_SH_POST', 'cat_binary__MP_TP_POST', 'cat_binary__SVT_POST', 'cat_binary__FIB_G_POST', 'cat_binary__IM_PG_P', 'cat_binary__ritm_ecg_p_01', 'cat_binary__ritm_ecg_p_02', 'cat_binary__ritm_ecg_p_04', 'cat_binary__ritm_ecg_p_06', 'cat_binary__ritm_ecg_p_07', 'cat_binary__ritm_ecg_p_08', 'cat_binary__n_r_ecg_p_02', 'cat_binary__n_r_ecg_p_05', 'cat_binary__n_r_ecg_p_06', 'cat_binary__n_r_ecg_p_08', 'cat_binary__n_r_ecg_p_09', 'cat_binary__n_r_ecg_p_10', 'cat_binary__n_p_ecg_p_03', 'cat_binary__n_p_ecg_p_04', 'cat_binary__n_p_ecg_p_06', 'cat_binary__n_p_ecg_p_10', 'cat_binary__n_p_ecg_p_11', 'cat_binary__n_p_ecg_p_12', 'cat_binary__fibr_ter_01', 'cat_binary__fibr_ter_02', 'cat_binary__fibr_ter_03', 'cat_binary__fibr_ter_05', 'cat_binary__fibr_ter_06', 'cat_binary__fibr_ter_07', 'cat_binary__fibr_ter_08', 'cat_binary__GIPO_K', 'cat_binary__GIPER_NA', 'cat_binary__NITR_S', 'cat_binary__LID_S_n', 'cat_binary__B_BLOK_S_n', 'cat_binary__ANT_CA_S_n', 'cat_binary__GEPAR_S_n', 'cat_binary__ASP_S_n', 'cat_binary__TIKL_S_n', 'cat_binary__TRENT_S_n']"
smoteenn_auto__mec_fp1_fn10,5,1,DecisionTreeClassifier,generalization,25,0,133,0,0.15822784810126583,0.15822784810126583,1.0,0.273224043715847,0.0,1.0,0.5,0.0,0.0,0.0,0.6027067669172932,0.20158835690295818,0.8417721518987342,0.023764848709106445,158,"['num_log1p_standard_scaler__L_BLOOD', 'num_log1p_standard_scaler__AST_BLOOD', 'num_log1p_standard_scaler__ROE', 'num_log1p_standard_scaler__K_BLOOD', 'num_standard_scaler__AGE', 'num_standard_scaler__S_AD_ORIT', 'num_standard_scaler__D_AD_ORIT', 'num_standard_scaler__NA_BLOOD', 'cat_nominal__IBS_POST_2.0', 'cat_ordinal__STENOK_AN', 'cat_ordinal__FK_STENOK', 'cat_ordinal__GB', 'cat_ordinal__TIME_B_S', 'cat_ordinal__ant_im', 'cat_ordinal__lat_im', 'cat_ordinal__inf_im', 'cat_partial_ordinal__HF_right_line', 'cat_partial_ordinal__HF_left_line', 'cat_binary__SEX', 'cat_binary__nr_11', 'cat_binary__nr_01', 'cat_binary__nr_02', 'cat_binary__nr_03', 'cat_binary__nr_07', 'cat_binary__nr_08', 'cat_binary__np_01', 'cat_binary__np_04', 'cat_binary__np_05', 'cat_binary__np_07', 'cat_binary__np_08', 'cat_binary__np_09', 'cat_binary__np_10', 'cat_binary__endocr_01', 'cat_binary__endocr_02', 'cat_binary__endocr_03', 'cat_binary__zab_leg_01', 'cat_binary__zab_leg_02', 'cat_binary__zab_leg_03', 'cat_binary__zab_leg_04', 'cat_binary__zab_leg_06', 'cat_binary__O_L_POST', 'cat_binary__K_SH_POST', 'cat_binary__MP_TP_POST', 'cat_binary__SVT_POST', 'cat_binary__GT_POST', 'cat_binary__FIB_G_POST', 'cat_binary__IM_PG_P', 'cat_binary__ritm_ecg_p_01', 'cat_binary__ritm_ecg_p_02', 'cat_binary__ritm_ecg_p_04', 'cat_binary__ritm_ecg_p_06', 'cat_binary__ritm_ecg_p_07', 'cat_binary__ritm_ecg_p_08', 'cat_binary__n_r_ecg_p_01', 'cat_binary__n_r_ecg_p_02', 'cat_binary__n_r_ecg_p_03', 'cat_binary__n_r_ecg_p_04', 'cat_binary__n_r_ecg_p_05', 'cat_binary__n_r_ecg_p_06', 'cat_binary__n_r_ecg_p_08', 'cat_binary__n_r_ecg_p_09', 'cat_binary__n_r_ecg_p_10', 'cat_binary__n_p_ecg_p_01', 'cat_binary__n_p_ecg_p_03', 'cat_binary__n_p_ecg_p_04', 'cat_binary__n_p_ecg_p_05', 'cat_binary__n_p_ecg_p_06', 'cat_binary__n_p_ecg_p_07', 'cat_binary__n_p_ecg_p_08', 'cat_binary__n_p_ecg_p_09', 'cat_binary__n_p_ecg_p_10', 'cat_binary__n_p_ecg_p_11', 'cat_binary__n_p_ecg_p_12', 'cat_binary__fibr_ter_01', 'cat_binary__fibr_ter_02', 'cat_binary__fibr_ter_03', 'cat_binary__fibr_ter_05', 'cat_binary__fibr_ter_06', 'cat_binary__fibr_ter_07', 'cat_binary__fibr_ter_08', 'cat_binary__GIPO_K', 'cat_binary__GIPER_NA', 'cat_binary__NITR_S', 'cat_binary__LID_S_n', 'cat_binary__B_BLOK_S_n', 'cat_binary__ANT_CA_S_n', 'cat_binary__GEPAR_S_n', 'cat_binary__ASP_S_n', 'cat_binary__TIKL_S_n', 'cat_binary__TRENT_S_n']"
smoteenn_auto__mec_fp1_fn10,5,2,DecisionTreeClassifier,generalization,26,0,132,0,0.16455696202531644,0.16455696202531644,1.0,0.2826086956521739,0.0,1.0,0.5,0.0,0.0,0.0,0.7103729603729604,0.3208692889630236,0.8354430379746836,0.023174762725830078,158,"['num_log1p_standard_scaler__L_BLOOD', 'num_log1p_standard_scaler__ROE', 'num_log1p_standard_scaler__K_BLOOD', 'num_standard_scaler__AGE', 'num_standard_scaler__S_AD_ORIT', 'num_standard_scaler__D_AD_ORIT', 'num_standard_scaler__NA_BLOOD', 'cat_nominal__IBS_POST_1.0', 'cat_ordinal__TIME_B_S', 'cat_ordinal__ant_im', 'cat_partial_ordinal__HF_right_line', 'cat_binary__SIM_GIPERT', 'cat_binary__nr_03', 'cat_binary__nr_04', 'cat_binary__np_01', 'cat_binary__zab_leg_01', 'cat_binary__zab_leg_02', 'cat_binary__O_L_POST', 'cat_binary__K_SH_POST', 'cat_binary__MP_TP_POST', 'cat_binary__GT_POST', 'cat_binary__IM_PG_P', 'cat_binary__ritm_ecg_p_01', 'cat_binary__ritm_ecg_p_07', 'cat_binary__ritm_ecg_p_08', 'cat_binary__n_p_ecg_p_03', 'cat_binary__fibr_ter_01', 'cat_binary__fibr_ter_02', 'cat_binary__fibr_ter_07', 'cat_binary__GIPO_K', 'cat_binary__GIPER_NA', 'cat_binary__NITR_S', 'cat_binary__GEPAR_S_n', 'cat_binary__ASP_S_n', 'cat_binary__TIKL_S_n']"
smoteenn_auto__mec_fp1_fn10,5,3,DecisionTreeClassifier,generalization,25,0,132,0,0.1592356687898089,0.1592356687898089,1.0,0.27472527472527475,0.0,1.0,0.5,0.0,0.0,0.0,0.588030303030303,0.2146496815286624,0.8407643312101911,0.023303747177124023,157,"['num_log1p_standard_scaler__L_BLOOD', 'num_standard_scaler__AGE', 'num_standard_scaler__S_AD_ORIT', 'num_standard_scaler__D_AD_ORIT', 'cat_ordinal__INF_ANAM', 'cat_ordinal__STENOK_AN', 'cat_ordinal__FK_STENOK', 'cat_ordinal__TIME_B_S', 'cat_ordinal__ant_im', 'cat_ordinal__inf_im', 'cat_partial_ordinal__HF_right_line', 'cat_binary__SEX', 'cat_binary__np_09', 'cat_binary__endocr_03', 'cat_binary__zab_leg_01', 'cat_binary__zab_leg_03', 'cat_binary__K_SH_POST', 'cat_binary__MP_TP_POST', 'cat_binary__FIB_G_POST', 'cat_binary__ritm_ecg_p_02', 'cat_binary__ritm_ecg_p_08', 'cat_binary__n_r_ecg_p_01', 'cat_binary__n_r_ecg_p_02', 'cat_binary__n_r_ecg_p_04', 'cat_binary__n_p_ecg_p_06', 'cat_binary__n_p_ecg_p_10', 'cat_binary__n_p_ecg_p_12', 'cat_binary__GIPO_K', 'cat_binary__NITR_S', 'cat_binary__B_BLOK_S_n']"
smoteenn_auto__mec_fp1_fn10,5,4,DecisionTreeClassifier,generalization,25,0,132,0,0.1592356687898089,0.1592356687898089,1.0,0.27472527472527475,0.0,1.0,0.5,0.0,0.0,0.0,0.6812121212121212,0.23429868256301375,0.8407643312101911,0.024298906326293945,157,"['num_log1p_standard_scaler__L_BLOOD', 'num_log1p_standard_scaler__AST_BLOOD', 'num_log1p_standard_scaler__ROE', 'num_log1p_standard_scaler__K_BLOOD', 'num_standard_scaler__AGE', 'num_standard_scaler__S_AD_ORIT', 'num_standard_scaler__D_AD_ORIT', 'num_standard_scaler__NA_BLOOD', 'cat_nominal__IBS_POST_0.0', 'cat_nominal__IBS_POST_1.0', 'cat_nominal__IBS_POST_2.0', 'cat_ordinal__INF_ANAM', 'cat_ordinal__STENOK_AN', 'cat_ordinal__FK_STENOK', 'cat_ordinal__GB', 'cat_ordinal__TIME_B_S', 'cat_ordinal__ant_im', 'cat_ordinal__lat_im', 'cat_ordinal__inf_im', 'cat_ordinal__post_im', 'cat_partial_ordinal__HF_right_line', 'cat_partial_ordinal__HF_left_line', 'cat_binary__SEX', 'cat_binary__nr_11', 'cat_binary__nr_07', 'cat_binary__nr_08', 'cat_binary__np_01', 'cat_binary__np_04', 'cat_binary__np_05', 'cat_binary__np_07', 'cat_binary__np_10', 'cat_binary__endocr_03', 'cat_binary__zab_leg_02', 'cat_binary__zab_leg_03', 'cat_binary__zab_leg_04', 'cat_binary__zab_leg_06', 'cat_binary__O_L_POST', 'cat_binary__K_SH_POST', 'cat_binary__MP_TP_POST', 'cat_binary__IM_PG_P', 'cat_binary__ritm_ecg_p_01', 'cat_binary__ritm_ecg_p_02', 'cat_binary__ritm_ecg_p_04', 'cat_binary__ritm_ecg_p_06', 'cat_binary__ritm_ecg_p_07', 'cat_binary__ritm_ecg_p_08', 'cat_binary__n_r_ecg_p_03', 'cat_binary__n_r_ecg_p_05', 'cat_binary__n_r_ecg_p_06', 'cat_binary__n_r_ecg_p_09', 'cat_binary__n_r_ecg_p_10', 'cat_binary__n_p_ecg_p_03', 'cat_binary__n_p_ecg_p_06', 'cat_binary__n_p_ecg_p_10', 'cat_binary__n_p_ecg_p_12', 'cat_binary__fibr_ter_01', 'cat_binary__GIPER_NA', 'cat_binary__NITR_S', 'cat_binary__LID_S_n', 'cat_binary__B_BLOK_S_n', 'cat_binary__ANT_CA_S_n', 'cat_binary__GEPAR_S_n', 'cat_binary__ASP_S_n', 'cat_binary__TIKL_S_n', 'cat_binary__TRENT_S_n']"
smoteenn_auto__mec_fp1_fn10,5,5,DecisionTreeClassifier,generalization,25,0,132,0,0.1592356687898089,0.1592356687898089,1.0,0.27472527472527475,0.0,1.0,0.5,0.0,0.0,0.0,0.7233333333333334,0.29791932059447984,0.8407643312101911,0.023410320281982422,157,"['num_log1p_standard_scaler__L_BLOOD', 'num_log1p_standard_scaler__AST_BLOOD', 'num_log1p_standard_scaler__ROE', 'num_log1p_standard_scaler__K_BLOOD', 'num_standard_scaler__AGE', 'num_standard_scaler__S_AD_ORIT', 'num_standard_scaler__D_AD_ORIT', 'num_standard_scaler__NA_BLOOD', 'cat_nominal__IBS_POST_0.0', 'cat_ordinal__INF_ANAM', 'cat_ordinal__GB', 'cat_ordinal__DLIT_AG', 'cat_ordinal__TIME_B_S', 'cat_ordinal__lat_im', 'cat_ordinal__inf_im', 'cat_partial_ordinal__HF_right_line', 'cat_partial_ordinal__HF_left_line', 'cat_binary__SIM_GIPERT', 'cat_binary__nr_02', 'cat_binary__nr_07', 'cat_binary__np_07', 'cat_binary__endocr_02', 'cat_binary__zab_leg_02', 'cat_binary__zab_leg_04', 'cat_binary__O_L_POST', 'cat_binary__K_SH_POST', 'cat_binary__SVT_POST', 'cat_binary__GT_POST', 'cat_binary__FIB_G_POST', 'cat_binary__IM_PG_P', 'cat_binary__ritm_ecg_p_01', 'cat_binary__ritm_ecg_p_02', 'cat_binary__ritm_ecg_p_06', 'cat_binary__ritm_ecg_p_08', 'cat_binary__n_r_ecg_p_05', 'cat_binary__n_r_ecg_p_06', 'cat_binary__n_r_ecg_p_09', 'cat_binary__n_p_ecg_p_06', 'cat_binary__n_p_ecg_p_07', 'cat_binary__n_p_ecg_p_08', 'cat_binary__n_p_ecg_p_10', 'cat_binary__n_p_ecg_p_12', 'cat_binary__NITR_S', 'cat_binary__GEPAR_S_n', 'cat_binary__ASP_S_n']"
smoteenn_auto__mec_fp1_fn10,5,6,DecisionTreeClassifier,generalization,25,0,132,0,0.1592356687898089,0.1592356687898089,1.0,0.27472527472527475,0.0,1.0,0.5,0.0,0.0,0.0,0.5057575757575757,0.1608199189345686,0.8407643312101911,0.023802995681762695,157,"['num_log1p_standard_scaler__L_BLOOD', 'num_log1p_standard_scaler__AST_BLOOD', 'num_log1p_standard_scaler__ROE', 'num_log1p_standard_scaler__K_BLOOD', 'num_standard_scaler__AGE', 'num_standard_scaler__S_AD_ORIT', 'num_standard_scaler__D_AD_ORIT', 'num_standard_scaler__NA_BLOOD', 'cat_nominal__IBS_POST_0.0', 'cat_nominal__IBS_POST_1.0', 'cat_nominal__IBS_POST_2.0', 'cat_ordinal__INF_ANAM', 'cat_ordinal__STENOK_AN', 'cat_ordinal__FK_STENOK', 'cat_ordinal__GB', 'cat_ordinal__DLIT_AG', 'cat_ordinal__TIME_B_S', 'cat_ordinal__ant_im', 'cat_ordinal__lat_im', 'cat_ordinal__inf_im', 'cat_ordinal__post_im', 'cat_partial_ordinal__HF_right_line', 'cat_partial_ordinal__HF_left_line', 'cat_binary__SEX', 'cat_binary__SIM_GIPERT', 'cat_binary__nr_04', 'cat_binary__nr_07', 'cat_binary__np_01', 'cat_binary__np_09', 'cat_binary__np_10', 'cat_binary__endocr_02', 'cat_binary__zab_leg_01', 'cat_binary__zab_leg_02', 'cat_binary__zab_leg_04', 'cat_binary__zab_leg_06', 'cat_binary__K_SH_POST', 'cat_binary__IM_PG_P', 'cat_binary__ritm_ecg_p_01', 'cat_binary__ritm_ecg_p_02', 'cat_binary__ritm_ecg_p_04', 'cat_binary__ritm_ecg_p_06', 'cat_binary__ritm_ecg_p_07', 'cat_binary__n_r_ecg_p_01', 'cat_binary__n_r_ecg_p_05', 'cat_binary__n_r_ecg_p_06', 'cat_binary__n_r_ecg_p_08', 'cat_binary__n_r_ecg_p_09', 'cat_binary__n_r_ecg_p_10', 'cat_binary__n_p_ecg_p_04', 'cat_binary__n_p_ecg_p_05', 'cat_binary__n_p_ecg_p_06', 'cat_binary__n_p_ecg_p_07', 'cat_binary__n_p_ecg_p_10', 'cat_binary__n_p_ecg_p_12', 'cat_binary__fibr_ter_02', 'cat_binary__fibr_ter_05', 'cat_binary__fibr_ter_06', 'cat_binary__GIPO_K', 'cat_binary__GIPER_NA', 'cat_binary__NITR_S', 'cat_binary__B_BLOK_S_n', 'cat_binary__GEPAR_S_n', 'cat_binary__ASP_S_n', 'cat_binary__TIKL_S_n', 'cat_binary__TRENT_S_n']"
smoteenn_auto__mec_fp1_fn10,5,7,DecisionTreeClassifier,generalization,23,35,97,2,0.36942675159235666,0.19166666666666668,0.92,0.31724137931034485,0.26515151515151514,0.7348484848484849,0.5925757575757575,0.49390221090757824,0.15962200264745374,0.07288994929913506,0.7113636363636364,0.3162946370087239,0.7452229299363057,0.02424025535583496,157,"['num_log1p_standard_scaler__L_BLOOD', 'num_log1p_standard_scaler__ROE', 'num_log1p_standard_scaler__K_BLOOD', 'num_standard_scaler__AGE', 'num_standard_scaler__S_AD_ORIT', 'num_standard_scaler__D_AD_ORIT', 'cat_nominal__IBS_POST_0.0', 'cat_ordinal__INF_ANAM', 'cat_ordinal__STENOK_AN', 'cat_ordinal__TIME_B_S', 'cat_ordinal__ant_im', 'cat_partial_ordinal__HF_right_line', 'cat_partial_ordinal__HF_left_line', 'cat_binary__SEX', 'cat_binary__nr_03', 'cat_binary__nr_04', 'cat_binary__np_04', 'cat_binary__np_09', 'cat_binary__endocr_02', 'cat_binary__O_L_POST', 'cat_binary__K_SH_POST', 'cat_binary__MP_TP_POST', 'cat_binary__SVT_POST', 'cat_binary__FIB_G_POST', 'cat_binary__IM_PG_P', 'cat_binary__ritm_ecg_p_01', 'cat_binary__ritm_ecg_p_02', 'cat_binary__ritm_ecg_p_06', 'cat_binary__ritm_ecg_p_07', 'cat_binary__ritm_ecg_p_08', 'cat_binary__n_r_ecg_p_03', 'cat_binary__n_p_ecg_p_01', 'cat_binary__n_p_ecg_p_03', 'cat_binary__n_p_ecg_p_05', 'cat_binary__n_p_ecg_p_06', 'cat_binary__n_p_ecg_p_09', 'cat_binary__n_p_ecg_p_10', 'cat_binary__n_p_ecg_p_12', 'cat_binary__fibr_ter_02', 'cat_binary__fibr_ter_05', 'cat_binary__fibr_ter_08', 'cat_binary__GIPO_K', 'cat_binary__NITR_S', 'cat_binary__ANT_CA_S_n', 'cat_binary__ASP_S_n']"
smoteenn_auto__mec_fp1_fn10,5,8,DecisionTreeClassifier,generalization,25,0,132,0,0.1592356687898089,0.1592356687898089,1.0,0.27472527472527475,0.0,1.0,0.5,0.0,0.0,0.0,0.6583333333333333,0.2860175917500758,0.8407643312101911,0.02338266372680664,157,"['num_log1p_standard_scaler__L_BLOOD', 'num_log1p_standard_scaler__ROE', 'num_standard_scaler__AGE', 'num_standard_scaler__S_AD_ORIT', 'num_standard_scaler__D_AD_ORIT', 'num_standard_scaler__NA_BLOOD', 'cat_nominal__IBS_POST_0.0', 'cat_nominal__IBS_POST_2.0', 'cat_ordinal__INF_ANAM', 'cat_ordinal__FK_STENOK', 'cat_ordinal__GB', 'cat_ordinal__DLIT_AG', 'cat_ordinal__TIME_B_S', 'cat_ordinal__ant_im', 'cat_partial_ordinal__HF_right_line', 'cat_partial_ordinal__HF_left_line', 'cat_binary__SEX', 'cat_binary__SIM_GIPERT', 'cat_binary__nr_11', 'cat_binary__nr_01', 'cat_binary__nr_02', 'cat_binary__nr_03', 'cat_binary__nr_04', 'cat_binary__nr_07', 'cat_binary__nr_08', 'cat_binary__np_01', 'cat_binary__np_04', 'cat_binary__np_05', 'cat_binary__np_07', 'cat_binary__np_08', 'cat_binary__np_09', 'cat_binary__np_10', 'cat_binary__endocr_01', 'cat_binary__endocr_02', 'cat_binary__endocr_03', 'cat_binary__zab_leg_01', 'cat_binary__zab_leg_02', 'cat_binary__zab_leg_03', 'cat_binary__zab_leg_04', 'cat_binary__zab_leg_06', 'cat_binary__O_L_POST', 'cat_binary__K_SH_POST', 'cat_binary__MP_TP_POST', 'cat_binary__SVT_POST', 'cat_binary__GT_POST', 'cat_binary__FIB_G_POST', 'cat_binary__IM_PG_P', 'cat_binary__ritm_ecg_p_01', 'cat_binary__ritm_ecg_p_02', 'cat_binary__ritm_ecg_p_04', 'cat_binary__ritm_ecg_p_06', 'cat_binary__ritm_ecg_p_07', 'cat_binary__ritm_ecg_p_08', 'cat_binary__n_r_ecg_p_01', 'cat_binary__n_r_ecg_p_02', 'cat_binary__n_r_ecg_p_03', 'cat_binary__n_r_ecg_p_04', 'cat_binary__n_r_ecg_p_05', 'cat_binary__n_r_ecg_p_06', 'cat_binary__n_r_ecg_p_08', 'cat_binary__n_r_ecg_p_09', 'cat_binary__n_r_ecg_p_10', 'cat_binary__n_p_ecg_p_01', 'cat_binary__n_p_ecg_p_03', 'cat_binary__n_p_ecg_p_04', 'cat_binary__n_p_ecg_p_05', 'cat_binary__n_p_ecg_p_06', 'cat_binary__n_p_ecg_p_07', 'cat_binary__n_p_ecg_p_08', 'cat_binary__n_p_ecg_p_09', 'cat_binary__n_p_ecg_p_10', 'cat_binary__n_p_ecg_p_11', 'cat_binary__n_p_ecg_p_12', 'cat_binary__fibr_ter_01', 'cat_binary__fibr_ter_02', 'cat_binary__fibr_ter_03', 'cat_binary__fibr_ter_05', 'cat_binary__fibr_ter_06', 'cat_binary__fibr_ter_07', 'cat_binary__fibr_ter_08', 'cat_binary__GIPO_K', 'cat_binary__GIPER_NA', 'cat_binary__NITR_S', 'cat_binary__LID_S_n', 'cat_binary__B_BLOK_S_n', 'cat_binary__ANT_CA_S_n', 'cat_binary__GEPAR_S_n', 'cat_binary__ASP_S_n', 'cat_binary__TIKL_S_n', 'cat_binary__TRENT_S_n']"
smoteenn_auto__mec_fp1_fn10,5,9,DecisionTreeClassifier,generalization,22,42,90,3,0.40764331210191085,0.19642857142857142,0.88,0.32116788321167883,0.3181818181818182,0.6818181818181819,0.5990909090909091,0.529150262212918,0.16036349402669617,0.08221761267207228,0.7578787878787878,0.46555147830490073,0.7643312101910829,0.023283958435058594,157,"['num_log1p_standard_scaler__L_BLOOD', 'num_log1p_standard_scaler__AST_BLOOD', 'num_log1p_standard_scaler__ROE', 'num_log1p_standard_scaler__K_BLOOD', 'num_standard_scaler__AGE', 'num_standard_scaler__S_AD_ORIT', 'num_standard_scaler__D_AD_ORIT', 'num_standard_scaler__NA_BLOOD', 'cat_nominal__IBS_POST_2.0', 'cat_ordinal__INF_ANAM', 'cat_ordinal__STENOK_AN', 'cat_ordinal__FK_STENOK', 'cat_ordinal__GB', 'cat_ordinal__DLIT_AG', 'cat_ordinal__TIME_B_S', 'cat_ordinal__ant_im', 'cat_ordinal__lat_im', 'cat_ordinal__inf_im', 'cat_partial_ordinal__HF_right_line', 'cat_partial_ordinal__HF_left_line', 'cat_binary__SEX', 'cat_binary__nr_11', 'cat_binary__nr_02', 'cat_binary__nr_04', 'cat_binary__np_01', 'cat_binary__np_05', 'cat_binary__np_07', 'cat_binary__np_09', 'cat_binary__np_10', 'cat_binary__endocr_01', 'cat_binary__endocr_02', 'cat_binary__endocr_03', 'cat_binary__zab_leg_01', 'cat_binary__zab_leg_02', 'cat_binary__zab_leg_03', 'cat_binary__zab_leg_04', 'cat_binary__O_L_POST', 'cat_binary__K_SH_POST', 'cat_binary__MP_TP_POST', 'cat_binary__SVT_POST', 'cat_binary__FIB_G_POST', 'cat_binary__IM_PG_P', 'cat_binary__ritm_ecg_p_01', 'cat_binary__ritm_ecg_p_07', 'cat_binary__ritm_ecg_p_08', 'cat_binary__n_r_ecg_p_01', 'cat_binary__n_r_ecg_p_04', 'cat_binary__n_r_ecg_p_06', 'cat_binary__n_r_ecg_p_10', 'cat_binary__n_p_ecg_p_03', 'cat_binary__n_p_ecg_p_04', 'cat_binary__n_p_ecg_p_06', 'cat_binary__n_p_ecg_p_09', 'cat_binary__n_p_ecg_p_12', 'cat_binary__fibr_ter_02', 'cat_binary__fibr_ter_03', 'cat_binary__fibr_ter_05', 'cat_binary__fibr_ter_06', 'cat_binary__fibr_ter_07', 'cat_binary__fibr_ter_08', 'cat_binary__GIPO_K', 'cat_binary__GIPER_NA', 'cat_binary__NITR_S', 'cat_binary__LID_S_n', 'cat_binary__B_BLOK_S_n', 'cat_binary__ANT_CA_S_n', 'cat_binary__GEPAR_S_n', 'cat_binary__ASP_S_n', 'cat_binary__TIKL_S_n', 'cat_binary__TRENT_S_n']"
smoteenn_auto__mec_fp1_fn10,5,10,DecisionTreeClassifier,generalization,25,0,132,0,0.1592356687898089,0.1592356687898089,1.0,0.27472527472527475,0.0,1.0,0.5,0.0,0.0,0.0,0.6084848484848486,0.203980290830429,0.8407643312101911,0.023102283477783203,157,"['num_log1p_standard_scaler__L_BLOOD', 'num_log1p_standard_scaler__ROE', 'num_standard_scaler__AGE', 'num_standard_scaler__S_AD_ORIT', 'num_standard_scaler__D_AD_ORIT', 'cat_partial_ordinal__HF_right_line', 'cat_binary__zab_leg_02', 'cat_binary__K_SH_POST', 'cat_binary__ritm_ecg_p_01', 'cat_binary__NITR_S']"
smoteenn_auto__mec_fp1_fn10,6,1,DecisionTreeClassifier,generalization,23,37,96,2,0.379746835443038,0.19327731092436976,0.92,0.3194444444444444,0.2781954887218045,0.7218045112781954,0.5990977443609022,0.5059049808255105,0.16775821851995457,0.07844304249494116,0.6915789473684211,0.2979642053416584,0.7341772151898734,0.02252340316772461,158,"['num_log1p_standard_scaler__L_BLOOD', 'num_log1p_standard_scaler__AST_BLOOD', 'num_log1p_standard_scaler__ROE', 'num_log1p_standard_scaler__K_BLOOD', 'num_standard_scaler__AGE', 'num_standard_scaler__S_AD_ORIT', 'num_standard_scaler__D_AD_ORIT', 'num_standard_scaler__NA_BLOOD', 'cat_nominal__IBS_POST_1.0', 'cat_nominal__IBS_POST_2.0', 'cat_ordinal__FK_STENOK', 'cat_ordinal__TIME_B_S', 'cat_ordinal__ant_im', 'cat_ordinal__inf_im', 'cat_binary__nr_11', 'cat_binary__K_SH_POST', 'cat_binary__MP_TP_POST', 'cat_binary__ritm_ecg_p_01', 'cat_binary__n_r_ecg_p_01', 'cat_binary__n_p_ecg_p_01', 'cat_binary__n_p_ecg_p_12', 'cat_binary__fibr_ter_08', 'cat_binary__NITR_S', 'cat_binary__ASP_S_n', 'cat_binary__TIKL_S_n']"
smoteenn_auto__mec_fp1_fn10,6,2,DecisionTreeClassifier,generalization,26,0,132,0,0.16455696202531644,0.16455696202531644,1.0,0.2826086956521739,0.0,1.0,0.5,0.0,0.0,0.0,0.7208624708624709,0.26480349368174033,0.8354430379746836,0.023409366607666016,158,"['num_log1p_standard_scaler__L_BLOOD', 'num_log1p_standard_scaler__ROE', 'num_log1p_standard_scaler__K_BLOOD', 'num_standard_scaler__AGE', 'num_standard_scaler__S_AD_ORIT', 'num_standard_scaler__D_AD_ORIT', 'num_standard_scaler__NA_BLOOD', 'cat_nominal__IBS_POST_0.0', 'cat_nominal__IBS_POST_1.0', 'cat_nominal__IBS_POST_2.0', 'cat_ordinal__STENOK_AN', 'cat_ordinal__FK_STENOK', 'cat_ordinal__GB', 'cat_ordinal__TIME_B_S', 'cat_ordinal__ant_im', 'cat_ordinal__lat_im', 'cat_ordinal__inf_im', 'cat_partial_ordinal__HF_right_line', 'cat_partial_ordinal__HF_left_line', 'cat_binary__SIM_GIPERT', 'cat_binary__nr_01', 'cat_binary__np_05', 'cat_binary__endocr_02', 'cat_binary__zab_leg_01', 'cat_binary__zab_leg_02', 'cat_binary__zab_leg_03', 'cat_binary__O_L_POST', 'cat_binary__K_SH_POST', 'cat_binary__MP_TP_POST', 'cat_binary__GT_POST', 'cat_binary__ritm_ecg_p_01', 'cat_binary__ritm_ecg_p_02', 'cat_binary__ritm_ecg_p_07', 'cat_binary__n_r_ecg_p_04', 'cat_binary__n_r_ecg_p_05', 'cat_binary__n_r_ecg_p_08', 'cat_binary__n_r_ecg_p_09', 'cat_binary__n_p_ecg_p_04', 'cat_binary__n_p_ecg_p_05', 'cat_binary__n_p_ecg_p_06', 'cat_binary__n_p_ecg_p_10', 'cat_binary__fibr_ter_01', 'cat_binary__fibr_ter_05', 'cat_binary__fibr_ter_08', 'cat_binary__NITR_S', 'cat_binary__LID_S_n', 'cat_binary__B_BLOK_S_n', 'cat_binary__ANT_CA_S_n', 'cat_binary__ASP_S_n', 'cat_binary__TIKL_S_n']"
smoteenn_auto__mec_fp1_fn10,6,3,DecisionTreeClassifier,generalization,25,0,132,0,0.1592356687898089,0.1592356687898089,1.0,0.27472527472527475,0.0,1.0,0.5,0.0,0.0,0.0,0.5759090909090909,0.1839408259708239,0.8407643312101911,0.02248239517211914,157,"['num_log1p_standard_scaler__L_BLOOD', 'num_log1p_standard_scaler__ROE', 'num_standard_scaler__AGE', 'num_standard_scaler__S_AD_ORIT', 'num_standard_scaler__D_AD_ORIT', 'num_standard_scaler__NA_BLOOD', 'cat_ordinal__STENOK_AN', 'cat_ordinal__FK_STENOK', 'cat_ordinal__TIME_B_S', 'cat_ordinal__ant_im', 'cat_ordinal__inf_im', 'cat_partial_ordinal__HF_right_line', 'cat_partial_ordinal__HF_left_line', 'cat_binary__nr_04', 'cat_binary__np_04', 'cat_binary__np_10', 'cat_binary__zab_leg_03', 'cat_binary__O_L_POST', 'cat_binary__K_SH_POST', 'cat_binary__FIB_G_POST', 'cat_binary__IM_PG_P', 'cat_binary__ritm_ecg_p_01', 'cat_binary__ritm_ecg_p_02', 'cat_binary__ritm_ecg_p_04', 'cat_binary__ritm_ecg_p_06', 'cat_binary__ritm_ecg_p_07', 'cat_binary__n_r_ecg_p_02', 'cat_binary__n_p_ecg_p_05', 'cat_binary__n_p_ecg_p_09', 'cat_binary__n_p_ecg_p_10', 'cat_binary__n_p_ecg_p_12', 'cat_binary__fibr_ter_05', 'cat_binary__ANT_CA_S_n', 'cat_binary__ASP_S_n', 'cat_binary__TRENT_S_n']"
smoteenn_auto__mec_fp1_fn10,6,4,DecisionTreeClassifier,generalization,24,9,123,1,0.21019108280254778,0.16326530612244897,0.96,0.27906976744186046,0.06818181818181818,0.9318181818181819,0.514090909090909,0.25584085962673253,0.042224771809447656,0.009463722397476393,0.7246969696969696,0.29901644487806256,0.8471337579617835,0.023492097854614258,157,"['num_log1p_standard_scaler__L_BLOOD', 'num_log1p_standard_scaler__AST_BLOOD', 'num_log1p_standard_scaler__ROE', 'num_standard_scaler__AGE', 'num_standard_scaler__S_AD_ORIT', 'num_standard_scaler__D_AD_ORIT', 'num_standard_scaler__NA_BLOOD', 'cat_nominal__IBS_POST_1.0', 'cat_nominal__IBS_POST_2.0', 'cat_ordinal__INF_ANAM', 'cat_ordinal__STENOK_AN', 'cat_ordinal__FK_STENOK', 'cat_ordinal__GB', 'cat_ordinal__TIME_B_S', 'cat_ordinal__ant_im', 'cat_ordinal__lat_im', 'cat_ordinal__inf_im', 'cat_ordinal__post_im', 'cat_partial_ordinal__HF_right_line', 'cat_partial_ordinal__HF_left_line', 'cat_binary__SEX', 'cat_binary__SIM_GIPERT', 'cat_binary__nr_02', 'cat_binary__nr_03', 'cat_binary__nr_07', 'cat_binary__nr_08', 'cat_binary__np_04', 'cat_binary__np_05', 'cat_binary__np_07', 'cat_binary__np_08', 'cat_binary__np_09', 'cat_binary__np_10', 'cat_binary__endocr_01', 'cat_binary__endocr_02', 'cat_binary__endocr_03', 'cat_binary__zab_leg_01', 'cat_binary__zab_leg_02', 'cat_binary__zab_leg_03', 'cat_binary__zab_leg_04', 'cat_binary__zab_leg_06', 'cat_binary__O_L_POST', 'cat_binary__K_SH_POST', 'cat_binary__MP_TP_POST', 'cat_binary__SVT_POST', 'cat_binary__GT_POST', 'cat_binary__FIB_G_POST', 'cat_binary__IM_PG_P', 'cat_binary__ritm_ecg_p_01', 'cat_binary__ritm_ecg_p_02', 'cat_binary__ritm_ecg_p_04', 'cat_binary__ritm_ecg_p_06', 'cat_binary__ritm_ecg_p_07', 'cat_binary__ritm_ecg_p_08', 'cat_binary__n_r_ecg_p_01', 'cat_binary__n_r_ecg_p_02', 'cat_binary__n_r_ecg_p_03', 'cat_binary__n_r_ecg_p_04', 'cat_binary__n_r_ecg_p_05', 'cat_binary__n_r_ecg_p_06', 'cat_binary__n_r_ecg_p_08', 'cat_binary__n_r_ecg_p_09', 'cat_binary__n_r_ecg_p_10', 'cat_binary__n_p_ecg_p_01', 'cat_binary__n_p_ecg_p_03', 'cat_binary__n_p_ecg_p_04', 'cat_binary__n_p_ecg_p_05', 'cat_binary__n_p_ecg_p_06', 'cat_binary__n_p_ecg_p_07', 'cat_binary__n_p_ecg_p_08', 'cat_binary__n_p_ecg_p_09', 'cat_binary__n_p_ecg_p_10', 'cat_binary__n_p_ecg_p_11', 'cat_binary__n_p_ecg_p_12', 'cat_binary__fibr_ter_01', 'cat_binary__fibr_ter_02', 'cat_binary__fibr_ter_03', 'cat_binary__fibr_ter_05', 'cat_binary__fibr_ter_06', 'cat_binary__fibr_ter_07', 'cat_binary__fibr_ter_08', 'cat_binary__GIPO_K', 'cat_binary__GIPER_NA', 'cat_binary__NITR_S', 'cat_binary__LID_S_n', 'cat_binary__B_BLOK_S_n', 'cat_binary__ANT_CA_S_n', 'cat_binary__GEPAR_S_n', 'cat_binary__ASP_S_n', 'cat_binary__TIKL_S_n', 'cat_binary__TRENT_S_n']"
smoteenn_auto__mec_fp1_fn10,6,5,DecisionTreeClassifier,generalization,25,0,132,0,0.1592356687898089,0.1592356687898089,1.0,0.27472527472527475,0.0,1.0,0.5,0.0,0.0,0.0,0.5845454545454545,0.18708253989099743,0.8407643312101911,0.02349567413330078,157,"['num_log1p_standard_scaler__L_BLOOD', 'num_log1p_standard_scaler__ALT_BLOOD', 'num_log1p_standard_scaler__ROE', 'num_standard_scaler__AGE', 'num_standard_scaler__S_AD_ORIT', 'num_standard_scaler__D_AD_ORIT', 'num_standard_scaler__NA_BLOOD', 'cat_nominal__IBS_POST_1.0', 'cat_nominal__IBS_POST_2.0', 'cat_ordinal__INF_ANAM', 'cat_ordinal__STENOK_AN', 'cat_ordinal__FK_STENOK', 'cat_ordinal__DLIT_AG', 'cat_ordinal__TIME_B_S', 'cat_ordinal__ant_im', 'cat_ordinal__lat_im', 'cat_ordinal__inf_im', 'cat_partial_ordinal__HF_right_line', 'cat_binary__nr_04', 'cat_binary__nr_08', 'cat_binary__np_01', 'cat_binary__np_08', 'cat_binary__np_09', 'cat_binary__np_10', 'cat_binary__endocr_01', 'cat_binary__endocr_03', 'cat_binary__zab_leg_02', 'cat_binary__zab_leg_03', 'cat_binary__zab_leg_06', 'cat_binary__O_L_POST', 'cat_binary__K_SH_POST', 'cat_binary__MP_TP_POST', 'cat_binary__GT_POST', 'cat_binary__FIB_G_POST', 'cat_binary__IM_PG_P', 'cat_binary__ritm_ecg_p_01', 'cat_binary__ritm_ecg_p_02', 'cat_binary__ritm_ecg_p_04', 'cat_binary__ritm_ecg_p_06', 'cat_binary__ritm_ecg_p_07', 'cat_binary__ritm_ecg_p_08', 'cat_binary__n_r_ecg_p_04', 'cat_binary__n_r_ecg_p_05', 'cat_binary__n_r_ecg_p_06', 'cat_binary__n_r_ecg_p_10', 'cat_binary__n_p_ecg_p_01', 'cat_binary__n_p_ecg_p_03', 'cat_binary__n_p_ecg_p_04', 'cat_binary__n_p_ecg_p_05', 'cat_binary__n_p_ecg_p_06', 'cat_binary__n_p_ecg_p_07', 'cat_binary__n_p_ecg_p_08', 'cat_binary__n_p_ecg_p_10', 'cat_binary__n_p_ecg_p_11', 'cat_binary__n_p_ecg_p_12', 'cat_binary__fibr_ter_01', 'cat_binary__fibr_ter_02', 'cat_binary__fibr_ter_03', 'cat_binary__fibr_ter_06', 'cat_binary__fibr_ter_07', 'cat_binary__GIPO_K', 'cat_binary__NITR_S', 'cat_binary__B_BLOK_S_n', 'cat_binary__ANT_CA_S_n', 'cat_binary__ASP_S_n']"
smoteenn_auto__mec_fp1_fn10,6,6,DecisionTreeClassifier,generalization,23,20,112,2,0.27388535031847133,0.17037037037037037,0.92,0.2875,0.15151515151515152,0.8484848484848485,0.5357575757575758,0.37335497772755005,0.07538358866664016,0.02569406641262939,0.6622727272727272,0.22574582745981542,0.8407643312101911,0.024121522903442383,157,"['num_log1p_standard_scaler__L_BLOOD', 'num_log1p_standard_scaler__ROE', 'num_log1p_standard_scaler__K_BLOOD', 'num_standard_scaler__AGE', 'num_standard_scaler__S_AD_ORIT', 'num_standard_scaler__D_AD_ORIT', 'num_standard_scaler__NA_BLOOD', 'cat_nominal__IBS_POST_0.0', 'cat_nominal__IBS_POST_2.0', 'cat_ordinal__INF_ANAM', 'cat_ordinal__FK_STENOK', 'cat_ordinal__GB', 'cat_ordinal__DLIT_AG', 'cat_ordinal__TIME_B_S', 'cat_ordinal__ant_im', 'cat_ordinal__lat_im', 'cat_ordinal__inf_im', 'cat_ordinal__post_im', 'cat_partial_ordinal__HF_right_line', 'cat_partial_ordinal__HF_left_line', 'cat_binary__SIM_GIPERT', 'cat_binary__nr_01', 'cat_binary__nr_03', 'cat_binary__nr_07', 'cat_binary__nr_08', 'cat_binary__np_01', 'cat_binary__np_04', 'cat_binary__np_05', 'cat_binary__np_07', 'cat_binary__np_08', 'cat_binary__np_09', 'cat_binary__np_10', 'cat_binary__endocr_01', 'cat_binary__endocr_02', 'cat_binary__endocr_03', 'cat_binary__zab_leg_01', 'cat_binary__zab_leg_02', 'cat_binary__zab_leg_03', 'cat_binary__zab_leg_04', 'cat_binary__zab_leg_06', 'cat_binary__O_L_POST', 'cat_binary__K_SH_POST', 'cat_binary__MP_TP_POST', 'cat_binary__SVT_POST', 'cat_binary__GT_POST', 'cat_binary__FIB_G_POST', 'cat_binary__IM_PG_P', 'cat_binary__ritm_ecg_p_01', 'cat_binary__ritm_ecg_p_02', 'cat_binary__ritm_ecg_p_04', 'cat_binary__ritm_ecg_p_06', 'cat_binary__ritm_ecg_p_07', 'cat_binary__ritm_ecg_p_08', 'cat_binary__n_r_ecg_p_01', 'cat_binary__n_r_ecg_p_02', 'cat_binary__n_r_ecg_p_03', 'cat_binary__n_r_ecg_p_04', 'cat_binary__n_r_ecg_p_05', 'cat_binary__n_r_ecg_p_06', 'cat_binary__n_r_ecg_p_08', 'cat_binary__n_r_ecg_p_09', 'cat_binary__n_r_ecg_p_10', 'cat_binary__n_p_ecg_p_01', 'cat_binary__n_p_ecg_p_03', 'cat_binary__n_p_ecg_p_04', 'cat_binary__n_p_ecg_p_05', 'cat_binary__n_p_ecg_p_06', 'cat_binary__n_p_ecg_p_07', 'cat_binary__n_p_ecg_p_08', 'cat_binary__n_p_ecg_p_09', 'cat_binary__n_p_ecg_p_10', 'cat_binary__n_p_ecg_p_11', 'cat_binary__n_p_ecg_p_12', 'cat_binary__fibr_ter_01', 'cat_binary__fibr_ter_02', 'cat_binary__fibr_ter_03', 'cat_binary__fibr_ter_05', 'cat_binary__fibr_ter_06', 'cat_binary__fibr_ter_07', 'cat_binary__fibr_ter_08', 'cat_binary__GIPO_K', 'cat_binary__GIPER_NA', 'cat_binary__NITR_S', 'cat_binary__LID_S_n', 'cat_binary__B_BLOK_S_n', 'cat_binary__ANT_CA_S_n', 'cat_binary__GEPAR_S_n', 'cat_binary__ASP_S_n', 'cat_binary__TIKL_S_n', 'cat_binary__TRENT_S_n']"
smoteenn_auto__mec_fp1_fn10,6,7,DecisionTreeClassifier,generalization,25,0,132,0,0.1592356687898089,0.1592356687898089,1.0,0.27472527472527475,0.0,1.0,0.5,0.0,0.0,0.0,0.6460606060606061,0.21895541401273885,0.8407643312101911,0.0240328311920166,157,"['num_log1p_standard_scaler__L_BLOOD', 'num_standard_scaler__AGE', 'num_standard_scaler__S_AD_ORIT', 'num_standard_scaler__D_AD_ORIT', 'num_standard_scaler__NA_BLOOD', 'cat_nominal__IBS_POST_1.0', 'cat_nominal__IBS_POST_2.0', 'cat_ordinal__INF_ANAM', 'cat_ordinal__FK_STENOK', 'cat_ordinal__GB', 'cat_ordinal__DLIT_AG', 'cat_ordinal__TIME_B_S', 'cat_ordinal__ant_im', 'cat_partial_ordinal__HF_right_line', 'cat_partial_ordinal__HF_left_line', 'cat_binary__SEX', 'cat_binary__SIM_GIPERT', 'cat_binary__nr_11', 'cat_binary__nr_02', 'cat_binary__nr_04', 'cat_binary__nr_07', 'cat_binary__np_01', 'cat_binary__np_09', 'cat_binary__zab_leg_01', 'cat_binary__zab_leg_02', 'cat_binary__zab_leg_06', 'cat_binary__K_SH_POST', 'cat_binary__IM_PG_P', 'cat_binary__ritm_ecg_p_01', 'cat_binary__ritm_ecg_p_02', 'cat_binary__ritm_ecg_p_04', 'cat_binary__ritm_ecg_p_08', 'cat_binary__n_r_ecg_p_05', 'cat_binary__n_r_ecg_p_08', 'cat_binary__n_r_ecg_p_10', 'cat_binary__n_p_ecg_p_04', 'cat_binary__n_p_ecg_p_06', 'cat_binary__n_p_ecg_p_10', 'cat_binary__n_p_ecg_p_12', 'cat_binary__fibr_ter_06', 'cat_binary__fibr_ter_08', 'cat_binary__NITR_S', 'cat_binary__ANT_CA_S_n', 'cat_binary__ASP_S_n', 'cat_binary__TRENT_S_n']"
smoteenn_auto__mec_fp1_fn10,6,8,DecisionTreeClassifier,generalization,25,14,118,0,0.2484076433121019,0.17482517482517482,1.0,0.2976190476190476,0.10606060606060606,0.8939393939393939,0.553030303030303,0.3256694736394648,0.13616924761710866,0.03640902943930091,0.8209090909090909,0.4199062860680605,0.7515923566878981,0.02351832389831543,157,"['num_standard_scaler__S_AD_ORIT', 'num_standard_scaler__D_AD_ORIT', 'cat_nominal__IBS_POST_2.0', 'cat_ordinal__TIME_B_S', 'cat_ordinal__ant_im', 'cat_ordinal__inf_im', 'cat_partial_ordinal__HF_left_line', 'cat_binary__O_L_POST', 'cat_binary__K_SH_POST', 'cat_binary__ASP_S_n']"
smoteenn_auto__mec_fp1_fn10,6,9,DecisionTreeClassifier,generalization,25,0,132,0,0.1592356687898089,0.1592356687898089,1.0,0.27472527472527475,0.0,1.0,0.5,0.0,0.0,0.0,0.7239393939393939,0.2832528085746619,0.8407643312101911,0.023773908615112305,157,"['num_log1p_standard_scaler__L_BLOOD', 'num_log1p_standard_scaler__AST_BLOOD', 'num_log1p_standard_scaler__ROE', 'num_log1p_standard_scaler__K_BLOOD', 'num_standard_scaler__AGE', 'num_standard_scaler__S_AD_ORIT', 'num_standard_scaler__D_AD_ORIT', 'cat_nominal__IBS_POST_0.0', 'cat_nominal__IBS_POST_1.0', 'cat_nominal__IBS_POST_2.0', 'cat_ordinal__INF_ANAM', 'cat_ordinal__STENOK_AN', 'cat_ordinal__FK_STENOK', 'cat_ordinal__GB', 'cat_ordinal__DLIT_AG', 'cat_ordinal__TIME_B_S', 'cat_ordinal__ant_im', 'cat_ordinal__inf_im', 'cat_ordinal__post_im', 'cat_partial_ordinal__HF_right_line', 'cat_partial_ordinal__HF_left_line', 'cat_binary__nr_02', 'cat_binary__nr_03', 'cat_binary__nr_04', 'cat_binary__np_05', 'cat_binary__endocr_01', 'cat_binary__endocr_02', 'cat_binary__endocr_03', 'cat_binary__zab_leg_02', 'cat_binary__zab_leg_03', 'cat_binary__zab_leg_06', 'cat_binary__O_L_POST', 'cat_binary__K_SH_POST', 'cat_binary__MP_TP_POST', 'cat_binary__SVT_POST', 'cat_binary__GT_POST', 'cat_binary__FIB_G_POST', 'cat_binary__IM_PG_P', 'cat_binary__ritm_ecg_p_01', 'cat_binary__ritm_ecg_p_02', 'cat_binary__ritm_ecg_p_04', 'cat_binary__ritm_ecg_p_06', 'cat_binary__ritm_ecg_p_08', 'cat_binary__n_r_ecg_p_01', 'cat_binary__n_r_ecg_p_04', 'cat_binary__n_r_ecg_p_05', 'cat_binary__n_r_ecg_p_08', 'cat_binary__n_p_ecg_p_03', 'cat_binary__n_p_ecg_p_06', 'cat_binary__n_p_ecg_p_08', 'cat_binary__n_p_ecg_p_09', 'cat_binary__n_p_ecg_p_12', 'cat_binary__fibr_ter_02', 'cat_binary__fibr_ter_05', 'cat_binary__NITR_S', 'cat_binary__LID_S_n', 'cat_binary__B_BLOK_S_n', 'cat_binary__GEPAR_S_n', 'cat_binary__ASP_S_n', 'cat_binary__TRENT_S_n']"
smoteenn_auto__mec_fp1_fn10,6,10,DecisionTreeClassifier,generalization,25,0,132,0,0.1592356687898089,0.1592356687898089,1.0,0.27472527472527475,0.0,1.0,0.5,0.0,0.0,0.0,0.6398484848484849,0.23898038556761123,0.8407643312101911,0.021831512451171875,157,"['num_log1p_standard_scaler__L_BLOOD', 'num_log1p_standard_scaler__ALT_BLOOD', 'num_log1p_standard_scaler__AST_BLOOD', 'num_log1p_standard_scaler__ROE', 'num_log1p_standard_scaler__K_BLOOD', 'num_standard_scaler__AGE', 'num_standard_scaler__S_AD_ORIT', 'num_standard_scaler__D_AD_ORIT', 'num_standard_scaler__NA_BLOOD', 'cat_nominal__IBS_POST_0.0', 'cat_nominal__IBS_POST_1.0', 'cat_nominal__IBS_POST_2.0', 'cat_ordinal__INF_ANAM', 'cat_ordinal__STENOK_AN', 'cat_ordinal__FK_STENOK', 'cat_ordinal__GB', 'cat_ordinal__DLIT_AG', 'cat_ordinal__TIME_B_S', 'cat_ordinal__ant_im', 'cat_ordinal__lat_im', 'cat_ordinal__inf_im', 'cat_ordinal__post_im', 'cat_partial_ordinal__HF_right_line', 'cat_partial_ordinal__HF_left_line', 'cat_binary__SEX', 'cat_binary__SIM_GIPERT', 'cat_binary__nr_11', 'cat_binary__nr_01', 'cat_binary__nr_02', 'cat_binary__nr_03', 'cat_binary__nr_04', 'cat_binary__nr_07', 'cat_binary__nr_08', 'cat_binary__np_01', 'cat_binary__np_04', 'cat_binary__np_05', 'cat_binary__np_07', 'cat_binary__np_08', 'cat_binary__np_09', 'cat_binary__np_10', 'cat_binary__endocr_01', 'cat_binary__endocr_02', 'cat_binary__endocr_03', 'cat_binary__zab_leg_01', 'cat_binary__zab_leg_02', 'cat_binary__zab_leg_03', 'cat_binary__zab_leg_04', 'cat_binary__zab_leg_06', 'cat_binary__O_L_POST', 'cat_binary__K_SH_POST', 'cat_binary__MP_TP_POST', 'cat_binary__SVT_POST', 'cat_binary__GT_POST', 'cat_binary__FIB_G_POST', 'cat_binary__IM_PG_P', 'cat_binary__ritm_ecg_p_01', 'cat_binary__ritm_ecg_p_02', 'cat_binary__ritm_ecg_p_04', 'cat_binary__ritm_ecg_p_06', 'cat_binary__ritm_ecg_p_07', 'cat_binary__ritm_ecg_p_08', 'cat_binary__n_r_ecg_p_01', 'cat_binary__n_r_ecg_p_02', 'cat_binary__n_r_ecg_p_03', 'cat_binary__n_r_ecg_p_04', 'cat_binary__n_r_ecg_p_05', 'cat_binary__n_r_ecg_p_06', 'cat_binary__n_r_ecg_p_08', 'cat_binary__n_r_ecg_p_09', 'cat_binary__n_r_ecg_p_10', 'cat_binary__n_p_ecg_p_01', 'cat_binary__n_p_ecg_p_03', 'cat_binary__n_p_ecg_p_04', 'cat_binary__n_p_ecg_p_05', 'cat_binary__n_p_ecg_p_06', 'cat_binary__n_p_ecg_p_07', 'cat_binary__n_p_ecg_p_08', 'cat_binary__n_p_ecg_p_09', 'cat_binary__n_p_ecg_p_10', 'cat_binary__n_p_ecg_p_11', 'cat_binary__n_p_ecg_p_12', 'cat_binary__fibr_ter_01', 'cat_binary__fibr_ter_02', 'cat_binary__fibr_ter_03', 'cat_binary__fibr_ter_05', 'cat_binary__fibr_ter_06', 'cat_binary__fibr_ter_07', 'cat_binary__fibr_ter_08', 'cat_binary__GIPO_K', 'cat_binary__GIPER_NA', 'cat_binary__NITR_S', 'cat_binary__LID_S_n', 'cat_binary__B_BLOK_S_n', 'cat_binary__ANT_CA_S_n', 'cat_binary__GEPAR_S_n', 'cat_binary__ASP_S_n', 'cat_binary__TIKL_S_n', 'cat_binary__TRENT_S_n']"
smoteenn_auto__mec_fp1_fn10,7,1,DecisionTreeClassifier,generalization,25,0,133,0,0.15822784810126583,0.15822784810126583,1.0,0.273224043715847,0.0,1.0,0.5,0.0,0.0,0.0,0.5971428571428572,0.19747848101265825,0.8417721518987342,0.023397207260131836,158,"['num_log1p_standard_scaler__L_BLOOD', 'num_standard_scaler__S_AD_ORIT', 'num_standard_scaler__D_AD_ORIT', 'num_standard_scaler__NA_BLOOD', 'cat_ordinal__STENOK_AN', 'cat_ordinal__ant_im', 'cat_partial_ordinal__HF_left_line', 'cat_binary__nr_07', 'cat_binary__zab_leg_04', 'cat_binary__K_SH_POST', 'cat_binary__MP_TP_POST', 'cat_binary__ritm_ecg_p_01', 'cat_binary__n_r_ecg_p_03', 'cat_binary__NITR_S', 'cat_binary__ASP_S_n']"
smoteenn_auto__mec_fp1_fn10,7,2,DecisionTreeClassifier,generalization,26,0,132,0,0.16455696202531644,0.16455696202531644,1.0,0.2826086956521739,0.0,1.0,0.5,0.0,0.0,0.0,0.718385780885781,0.2753506425382642,0.8354430379746836,0.021867990493774414,158,"['num_log1p_standard_scaler__L_BLOOD', 'num_log1p_standard_scaler__ROE', 'num_log1p_standard_scaler__K_BLOOD', 'num_standard_scaler__AGE', 'num_standard_scaler__S_AD_ORIT', 'num_standard_scaler__D_AD_ORIT', 'num_standard_scaler__NA_BLOOD', 'cat_nominal__IBS_POST_0.0', 'cat_nominal__IBS_POST_2.0', 'cat_ordinal__INF_ANAM', 'cat_ordinal__FK_STENOK', 'cat_ordinal__GB', 'cat_ordinal__TIME_B_S', 'cat_ordinal__ant_im', 'cat_ordinal__inf_im', 'cat_ordinal__post_im', 'cat_partial_ordinal__HF_right_line', 'cat_partial_ordinal__HF_left_line', 'cat_binary__SIM_GIPERT', 'cat_binary__nr_11', 'cat_binary__endocr_01', 'cat_binary__endocr_03', 'cat_binary__zab_leg_01', 'cat_binary__O_L_POST', 'cat_binary__K_SH_POST', 'cat_binary__MP_TP_POST', 'cat_binary__SVT_POST', 'cat_binary__GT_POST', 'cat_binary__FIB_G_POST', 'cat_binary__IM_PG_P', 'cat_binary__ritm_ecg_p_01', 'cat_binary__ritm_ecg_p_02', 'cat_binary__ritm_ecg_p_06', 'cat_binary__ritm_ecg_p_08', 'cat_binary__n_r_ecg_p_03', 'cat_binary__n_r_ecg_p_05', 'cat_binary__n_r_ecg_p_06', 'cat_binary__n_p_ecg_p_03', 'cat_binary__n_p_ecg_p_04', 'cat_binary__n_p_ecg_p_09', 'cat_binary__n_p_ecg_p_11', 'cat_binary__n_p_ecg_p_12', 'cat_binary__fibr_ter_03', 'cat_binary__fibr_ter_06', 'cat_binary__GIPER_NA', 'cat_binary__NITR_S', 'cat_binary__ANT_CA_S_n', 'cat_binary__GEPAR_S_n', 'cat_binary__ASP_S_n', 'cat_binary__TRENT_S_n']"
smoteenn_auto__mec_fp1_fn10,7,3,DecisionTreeClassifier,generalization,25,0,132,0,0.1592356687898089,0.1592356687898089,1.0,0.27472527472527475,0.0,1.0,0.5,0.0,0.0,0.0,0.6318181818181817,0.23839854413102823,0.8407643312101911,0.023829936981201172,157,"['num_log1p_standard_scaler__L_BLOOD', 'num_log1p_standard_scaler__AST_BLOOD', 'num_log1p_standard_scaler__ROE', 'num_log1p_standard_scaler__K_BLOOD', 'num_standard_scaler__AGE', 'num_standard_scaler__S_AD_ORIT', 'num_standard_scaler__D_AD_ORIT', 'num_standard_scaler__NA_BLOOD', 'cat_nominal__IBS_POST_0.0', 'cat_ordinal__INF_ANAM', 'cat_ordinal__STENOK_AN', 'cat_ordinal__FK_STENOK', 'cat_ordinal__GB', 'cat_ordinal__DLIT_AG', 'cat_ordinal__TIME_B_S', 'cat_ordinal__ant_im', 'cat_ordinal__lat_im', 'cat_ordinal__inf_im', 'cat_partial_ordinal__HF_right_line', 'cat_partial_ordinal__HF_left_line', 'cat_binary__SEX', 'cat_binary__nr_11', 'cat_binary__nr_01', 'cat_binary__nr_02', 'cat_binary__nr_03', 'cat_binary__nr_04', 'cat_binary__nr_08', 'cat_binary__np_01', 'cat_binary__np_09', 'cat_binary__np_10', 'cat_binary__endocr_02', 'cat_binary__endocr_03', 'cat_binary__zab_leg_01', 'cat_binary__zab_leg_02', 'cat_binary__zab_leg_06', 'cat_binary__O_L_POST', 'cat_binary__K_SH_POST', 'cat_binary__SVT_POST', 'cat_binary__FIB_G_POST', 'cat_binary__IM_PG_P', 'cat_binary__ritm_ecg_p_01', 'cat_binary__ritm_ecg_p_04', 'cat_binary__ritm_ecg_p_06', 'cat_binary__ritm_ecg_p_07', 'cat_binary__n_r_ecg_p_01', 'cat_binary__n_r_ecg_p_02', 'cat_binary__n_r_ecg_p_05', 'cat_binary__n_r_ecg_p_06', 'cat_binary__n_r_ecg_p_08', 'cat_binary__n_r_ecg_p_10', 'cat_binary__n_p_ecg_p_03', 'cat_binary__n_p_ecg_p_05', 'cat_binary__n_p_ecg_p_06', 'cat_binary__n_p_ecg_p_12', 'cat_binary__fibr_ter_02', 'cat_binary__fibr_ter_05', 'cat_binary__fibr_ter_06', 'cat_binary__fibr_ter_07', 'cat_binary__fibr_ter_08', 'cat_binary__GIPER_NA', 'cat_binary__NITR_S', 'cat_binary__B_BLOK_S_n', 'cat_binary__ANT_CA_S_n', 'cat_binary__ASP_S_n', 'cat_binary__TIKL_S_n']"
smoteenn_auto__mec_fp1_fn10,7,4,DecisionTreeClassifier,generalization,25,0,132,0,0.1592356687898089,0.1592356687898089,1.0,0.27472527472527475,0.0,1.0,0.5,0.0,0.0,0.0,0.6331818181818182,0.20706944530332075,0.8407643312101911,0.021843671798706055,157,"['num_log1p_standard_scaler__L_BLOOD', 'num_standard_scaler__AGE', 'num_standard_scaler__S_AD_ORIT', 'num_standard_scaler__D_AD_ORIT', 'cat_nominal__IBS_POST_1.0', 'cat_ordinal__STENOK_AN', 'cat_ordinal__TIME_B_S', 'cat_ordinal__inf_im', 'cat_binary__nr_02', 'cat_binary__np_04', 'cat_binary__np_05', 'cat_binary__zab_leg_01', 'cat_binary__K_SH_POST', 'cat_binary__MP_TP_POST', 'cat_binary__fibr_ter_08', 'cat_binary__GIPO_K', 'cat_binary__NITR_S', 'cat_binary__ANT_CA_S_n', 'cat_binary__ASP_S_n', 'cat_binary__TRENT_S_n']"
smoteenn_auto__mec_fp1_fn10,7,5,DecisionTreeClassifier,generalization,25,0,132,0,0.1592356687898089,0.1592356687898089,1.0,0.27472527472527475,0.0,1.0,0.5,0.0,0.0,0.0,0.6951515151515151,0.24291197262164402,0.8407643312101911,0.024044275283813477,157,"['num_log1p_standard_scaler__L_BLOOD', 'num_log1p_standard_scaler__AST_BLOOD', 'num_standard_scaler__AGE', 'num_standard_scaler__S_AD_ORIT', 'num_standard_scaler__D_AD_ORIT', 'num_standard_scaler__NA_BLOOD', 'cat_nominal__IBS_POST_0.0', 'cat_nominal__IBS_POST_2.0', 'cat_ordinal__INF_ANAM', 'cat_ordinal__STENOK_AN', 'cat_ordinal__FK_STENOK', 'cat_ordinal__GB', 'cat_ordinal__TIME_B_S', 'cat_ordinal__ant_im', 'cat_partial_ordinal__HF_right_line', 'cat_partial_ordinal__HF_left_line', 'cat_binary__nr_02', 'cat_binary__nr_04', 'cat_binary__np_01', 'cat_binary__np_05', 'cat_binary__np_08', 'cat_binary__endocr_03', 'cat_binary__zab_leg_01', 'cat_binary__O_L_POST', 'cat_binary__K_SH_POST', 'cat_binary__MP_TP_POST', 'cat_binary__GT_POST', 'cat_binary__ritm_ecg_p_01', 'cat_binary__ritm_ecg_p_07', 'cat_binary__ritm_ecg_p_08', 'cat_binary__n_r_ecg_p_01', 'cat_binary__n_r_ecg_p_06', 'cat_binary__n_r_ecg_p_08', 'cat_binary__n_r_ecg_p_10', 'cat_binary__n_p_ecg_p_05', 'cat_binary__fibr_ter_05', 'cat_binary__GIPER_NA', 'cat_binary__NITR_S', 'cat_binary__ANT_CA_S_n', 'cat_binary__ASP_S_n']"
smoteenn_auto__mec_fp1_fn10,7,6,DecisionTreeClassifier,generalization,25,0,132,0,0.1592356687898089,0.1592356687898089,1.0,0.27472527472527475,0.0,1.0,0.5,0.0,0.0,0.0,0.5221212121212121,0.16629834609002836,0.8407643312101911,0.022117137908935547,157,"['num_log1p_standard_scaler__L_BLOOD', 'num_log1p_standard_scaler__ALT_BLOOD', 'num_log1p_standard_scaler__ROE', 'num_standard_scaler__AGE', 'num_standard_scaler__S_AD_ORIT', 'num_standard_scaler__D_AD_ORIT', 'num_standard_scaler__NA_BLOOD', 'cat_nominal__IBS_POST_1.0', 'cat_nominal__IBS_POST_2.0', 'cat_ordinal__STENOK_AN', 'cat_ordinal__FK_STENOK', 'cat_ordinal__DLIT_AG', 'cat_ordinal__TIME_B_S', 'cat_ordinal__ant_im', 'cat_ordinal__lat_im', 'cat_ordinal__inf_im', 'cat_ordinal__post_im', 'cat_partial_ordinal__HF_right_line', 'cat_partial_ordinal__HF_left_line', 'cat_binary__nr_11', 'cat_binary__nr_02', 'cat_binary__nr_04', 'cat_binary__nr_07', 'cat_binary__nr_08', 'cat_binary__np_04', 'cat_binary__np_05', 'cat_binary__np_07', 'cat_binary__np_10', 'cat_binary__endocr_01', 'cat_binary__endocr_02', 'cat_binary__zab_leg_03', 'cat_binary__zab_leg_06', 'cat_binary__O_L_POST', 'cat_binary__K_SH_POST', 'cat_binary__MP_TP_POST', 'cat_binary__IM_PG_P', 'cat_binary__ritm_ecg_p_01', 'cat_binary__ritm_ecg_p_04', 'cat_binary__ritm_ecg_p_06', 'cat_binary__ritm_ecg_p_07', 'cat_binary__ritm_ecg_p_08', 'cat_binary__n_r_ecg_p_02', 'cat_binary__n_r_ecg_p_04', 'cat_binary__n_r_ecg_p_05', 'cat_binary__n_r_ecg_p_08', 'cat_binary__n_r_ecg_p_09', 'cat_binary__n_r_ecg_p_10', 'cat_binary__n_p_ecg_p_01', 'cat_binary__n_p_ecg_p_03', 'cat_binary__n_p_ecg_p_04', 'cat_binary__n_p_ecg_p_05', 'cat_binary__n_p_ecg_p_06', 'cat_binary__n_p_ecg_p_07', 'cat_binary__n_p_ecg_p_08', 'cat_binary__n_p_ecg_p_09', 'cat_binary__n_p_ecg_p_10', 'cat_binary__n_p_ecg_p_11', 'cat_binary__n_p_ecg_p_12', 'cat_binary__fibr_ter_01', 'cat_binary__fibr_ter_02', 'cat_binary__fibr_ter_03', 'cat_binary__fibr_ter_05', 'cat_binary__fibr_ter_06', 'cat_binary__fibr_ter_07', 'cat_binary__fibr_ter_08', 'cat_binary__GIPO_K', 'cat_binary__GIPER_NA', 'cat_binary__NITR_S', 'cat_binary__LID_S_n', 'cat_binary__B_BLOK_S_n', 'cat_binary__ANT_CA_S_n', 'cat_binary__GEPAR_S_n', 'cat_binary__ASP_S_n', 'cat_binary__TIKL_S_n', 'cat_binary__TRENT_S_n']"
smoteenn_auto__mec_fp1_fn10,7,7,DecisionTreeClassifier,generalization,25,0,132,0,0.1592356687898089,0.1592356687898089,1.0,0.27472527472527475,0.0,1.0,0.5,0.0,0.0,0.0,0.5993939393939395,0.19616490595675326,0.8407643312101911,0.023241043090820312,157,"['num_standard_scaler__AGE', 'num_standard_scaler__S_AD_ORIT', 'num_standard_scaler__D_AD_ORIT', 'cat_binary__K_SH_POST', 'cat_binary__ritm_ecg_p_01']"
smoteenn_auto__mec_fp1_fn10,7,8,DecisionTreeClassifier,generalization,25,0,132,0,0.1592356687898089,0.1592356687898089,1.0,0.27472527472527475,0.0,1.0,0.5,0.0,0.0,0.0,0.6462121212121212,0.22877128702861188,0.8407643312101911,0.021880626678466797,157,"['num_log1p_standard_scaler__L_BLOOD', 'num_log1p_standard_scaler__ALT_BLOOD', 'num_standard_scaler__AGE', 'num_standard_scaler__S_AD_ORIT', 'num_standard_scaler__D_AD_ORIT', 'cat_ordinal__STENOK_AN', 'cat_ordinal__FK_STENOK', 'cat_ordinal__TIME_B_S', 'cat_ordinal__ant_im', 'cat_ordinal__lat_im', 'cat_ordinal__inf_im', 'cat_partial_ordinal__HF_right_line', 'cat_partial_ordinal__HF_left_line', 'cat_binary__nr_11', 'cat_binary__nr_01', 'cat_binary__np_04', 'cat_binary__np_07', 'cat_binary__endocr_01', 'cat_binary__endocr_02', 'cat_binary__zab_leg_02', 'cat_binary__zab_leg_03', 'cat_binary__O_L_POST', 'cat_binary__K_SH_POST', 'cat_binary__MP_TP_POST', 'cat_binary__IM_PG_P', 'cat_binary__ritm_ecg_p_01', 'cat_binary__ritm_ecg_p_02', 'cat_binary__ritm_ecg_p_06', 'cat_binary__ritm_ecg_p_07', 'cat_binary__n_r_ecg_p_02', 'cat_binary__n_r_ecg_p_04', 'cat_binary__n_r_ecg_p_06', 'cat_binary__n_r_ecg_p_08', 'cat_binary__n_r_ecg_p_09', 'cat_binary__n_r_ecg_p_10', 'cat_binary__n_p_ecg_p_01', 'cat_binary__n_p_ecg_p_03', 'cat_binary__n_p_ecg_p_04', 'cat_binary__n_p_ecg_p_07', 'cat_binary__n_p_ecg_p_08', 'cat_binary__n_p_ecg_p_09', 'cat_binary__n_p_ecg_p_12', 'cat_binary__fibr_ter_02', 'cat_binary__GIPO_K', 'cat_binary__GIPER_NA', 'cat_binary__NITR_S', 'cat_binary__ANT_CA_S_n', 'cat_binary__GEPAR_S_n', 'cat_binary__ASP_S_n', 'cat_binary__TIKL_S_n']"
smoteenn_auto__mec_fp1_fn10,7,9,DecisionTreeClassifier,generalization,25,0,132,0,0.1592356687898089,0.1592356687898089,1.0,0.27472527472527475,0.0,1.0,0.5,0.0,0.0,0.0,0.638030303030303,0.2421397257668879,0.8407643312101911,0.02416086196899414,157,"['num_log1p_standard_scaler__L_BLOOD', 'num_standard_scaler__AGE', 'num_standard_scaler__S_AD_ORIT', 'num_standard_scaler__D_AD_ORIT', 'num_standard_scaler__NA_BLOOD', 'cat_nominal__IBS_POST_1.0', 'cat_binary__K_SH_POST', 'cat_binary__MP_TP_POST', 'cat_binary__n_r_ecg_p_03', 'cat_binary__ANT_CA_S_n']"
smoteenn_auto__mec_fp1_fn10,7,10,DecisionTreeClassifier,generalization,25,0,132,0,0.1592356687898089,0.1592356687898089,1.0,0.27472527472527475,0.0,1.0,0.5,0.0,0.0,0.0,0.7257575757575758,0.2752882606178092,0.8407643312101911,0.021936655044555664,157,"['num_log1p_standard_scaler__L_BLOOD', 'num_log1p_standard_scaler__AST_BLOOD', 'num_log1p_standard_scaler__ROE', 'num_log1p_standard_scaler__K_BLOOD', 'num_standard_scaler__AGE', 'num_standard_scaler__S_AD_ORIT', 'num_standard_scaler__D_AD_ORIT', 'num_standard_scaler__NA_BLOOD', 'cat_nominal__IBS_POST_0.0', 'cat_ordinal__INF_ANAM', 'cat_ordinal__STENOK_AN', 'cat_ordinal__FK_STENOK', 'cat_ordinal__DLIT_AG', 'cat_ordinal__TIME_B_S', 'cat_ordinal__ant_im', 'cat_ordinal__lat_im', 'cat_partial_ordinal__HF_right_line', 'cat_partial_ordinal__HF_left_line', 'cat_binary__SEX', 'cat_binary__SIM_GIPERT', 'cat_binary__nr_03', 'cat_binary__nr_08', 'cat_binary__np_01', 'cat_binary__np_05', 'cat_binary__np_09', 'cat_binary__np_10', 'cat_binary__endocr_02', 'cat_binary__endocr_03', 'cat_binary__zab_leg_02', 'cat_binary__O_L_POST', 'cat_binary__K_SH_POST', 'cat_binary__IM_PG_P', 'cat_binary__ritm_ecg_p_01', 'cat_binary__ritm_ecg_p_07', 'cat_binary__ritm_ecg_p_08', 'cat_binary__n_r_ecg_p_01', 'cat_binary__n_r_ecg_p_09', 'cat_binary__n_p_ecg_p_01', 'cat_binary__n_p_ecg_p_08', 'cat_binary__n_p_ecg_p_10', 'cat_binary__n_p_ecg_p_12', 'cat_binary__fibr_ter_02', 'cat_binary__NITR_S', 'cat_binary__LID_S_n', 'cat_binary__ASP_S_n']"
smoteenn_auto__mec_fp1_fn10,8,1,DecisionTreeClassifier,generalization,25,0,133,0,0.15822784810126583,0.15822784810126583,1.0,0.273224043715847,0.0,1.0,0.5,0.0,0.0,0.0,0.6830075187969924,0.23001843431240016,0.8417721518987342,0.02422189712524414,158,"['num_log1p_standard_scaler__L_BLOOD', 'num_log1p_standard_scaler__AST_BLOOD', 'num_log1p_standard_scaler__ROE', 'num_log1p_standard_scaler__K_BLOOD', 'num_standard_scaler__AGE', 'num_standard_scaler__S_AD_ORIT', 'num_standard_scaler__D_AD_ORIT', 'num_standard_scaler__NA_BLOOD', 'cat_nominal__IBS_POST_0.0', 'cat_nominal__IBS_POST_1.0', 'cat_ordinal__GB', 'cat_ordinal__DLIT_AG', 'cat_ordinal__TIME_B_S', 'cat_ordinal__ant_im', 'cat_ordinal__lat_im', 'cat_ordinal__inf_im', 'cat_partial_ordinal__HF_right_line', 'cat_partial_ordinal__HF_left_line', 'cat_binary__SIM_GIPERT', 'cat_binary__nr_01', 'cat_binary__nr_02', 'cat_binary__nr_03', 'cat_binary__nr_04', 'cat_binary__nr_07', 'cat_binary__nr_08', 'cat_binary__np_01', 'cat_binary__np_04', 'cat_binary__np_05', 'cat_binary__np_07', 'cat_binary__np_08', 'cat_binary__np_09', 'cat_binary__np_10', 'cat_binary__endocr_01', 'cat_binary__endocr_02', 'cat_binary__endocr_03', 'cat_binary__zab_leg_01', 'cat_binary__zab_leg_02', 'cat_binary__zab_leg_03', 'cat_binary__zab_leg_04', 'cat_binary__zab_leg_06', 'cat_binary__O_L_POST', 'cat_binary__K_SH_POST', 'cat_binary__MP_TP_POST', 'cat_binary__SVT_POST', 'cat_binary__GT_POST', 'cat_binary__FIB_G_POST', 'cat_binary__IM_PG_P', 'cat_binary__ritm_ecg_p_01', 'cat_binary__ritm_ecg_p_02', 'cat_binary__ritm_ecg_p_04', 'cat_binary__ritm_ecg_p_06', 'cat_binary__ritm_ecg_p_07', 'cat_binary__ritm_ecg_p_08', 'cat_binary__n_r_ecg_p_01', 'cat_binary__n_r_ecg_p_02', 'cat_binary__n_r_ecg_p_03', 'cat_binary__n_r_ecg_p_04', 'cat_binary__n_r_ecg_p_05', 'cat_binary__n_r_ecg_p_06', 'cat_binary__n_r_ecg_p_08', 'cat_binary__n_r_ecg_p_09', 'cat_binary__n_r_ecg_p_10', 'cat_binary__n_p_ecg_p_01', 'cat_binary__n_p_ecg_p_03', 'cat_binary__n_p_ecg_p_04', 'cat_binary__n_p_ecg_p_05', 'cat_binary__n_p_ecg_p_06', 'cat_binary__n_p_ecg_p_07', 'cat_binary__n_p_ecg_p_08', 'cat_binary__n_p_ecg_p_09', 'cat_binary__n_p_ecg_p_10', 'cat_binary__n_p_ecg_p_11', 'cat_binary__n_p_ecg_p_12', 'cat_binary__fibr_ter_01', 'cat_binary__fibr_ter_02', 'cat_binary__fibr_ter_03', 'cat_binary__fibr_ter_05', 'cat_binary__fibr_ter_06', 'cat_binary__fibr_ter_07', 'cat_binary__fibr_ter_08', 'cat_binary__GIPO_K', 'cat_binary__GIPER_NA', 'cat_binary__NITR_S', 'cat_binary__LID_S_n', 'cat_binary__B_BLOK_S_n', 'cat_binary__ANT_CA_S_n', 'cat_binary__GEPAR_S_n', 'cat_binary__ASP_S_n', 'cat_binary__TIKL_S_n', 'cat_binary__TRENT_S_n']"
smoteenn_auto__mec_fp1_fn10,8,2,DecisionTreeClassifier,generalization,26,0,132,0,0.16455696202531644,0.16455696202531644,1.0,0.2826086956521739,0.0,1.0,0.5,0.0,0.0,0.0,0.6395687645687647,0.21590452283751552,0.8354430379746836,0.022645950317382812,158,"['num_log1p_standard_scaler__L_BLOOD', 'num_log1p_standard_scaler__AST_BLOOD', 'num_log1p_standard_scaler__ROE', 'num_log1p_standard_scaler__K_BLOOD', 'num_standard_scaler__AGE', 'num_standard_scaler__S_AD_ORIT', 'num_standard_scaler__D_AD_ORIT', 'num_standard_scaler__NA_BLOOD', 'cat_nominal__IBS_POST_0.0', 'cat_nominal__IBS_POST_1.0', 'cat_nominal__IBS_POST_2.0', 'cat_ordinal__INF_ANAM', 'cat_ordinal__STENOK_AN', 'cat_ordinal__DLIT_AG', 'cat_ordinal__TIME_B_S', 'cat_ordinal__ant_im', 'cat_ordinal__lat_im', 'cat_ordinal__inf_im', 'cat_ordinal__post_im', 'cat_partial_ordinal__HF_right_line', 'cat_partial_ordinal__HF_left_line', 'cat_binary__SEX', 'cat_binary__nr_11', 'cat_binary__nr_03', 'cat_binary__nr_07', 'cat_binary__nr_08', 'cat_binary__np_04', 'cat_binary__np_05', 'cat_binary__np_07', 'cat_binary__np_08', 'cat_binary__np_09', 'cat_binary__np_10', 'cat_binary__endocr_01', 'cat_binary__endocr_02', 'cat_binary__endocr_03', 'cat_binary__zab_leg_01', 'cat_binary__zab_leg_02', 'cat_binary__zab_leg_03', 'cat_binary__zab_leg_04', 'cat_binary__zab_leg_06', 'cat_binary__O_L_POST', 'cat_binary__K_SH_POST', 'cat_binary__MP_TP_POST', 'cat_binary__SVT_POST', 'cat_binary__GT_POST', 'cat_binary__FIB_G_POST', 'cat_binary__IM_PG_P', 'cat_binary__ritm_ecg_p_01', 'cat_binary__ritm_ecg_p_02', 'cat_binary__ritm_ecg_p_04', 'cat_binary__ritm_ecg_p_06', 'cat_binary__ritm_ecg_p_07', 'cat_binary__ritm_ecg_p_08', 'cat_binary__n_r_ecg_p_01', 'cat_binary__n_r_ecg_p_02', 'cat_binary__n_r_ecg_p_03', 'cat_binary__n_r_ecg_p_04', 'cat_binary__n_r_ecg_p_05', 'cat_binary__n_r_ecg_p_06', 'cat_binary__n_r_ecg_p_08', 'cat_binary__n_r_ecg_p_09', 'cat_binary__n_r_ecg_p_10', 'cat_binary__n_p_ecg_p_01', 'cat_binary__n_p_ecg_p_03', 'cat_binary__n_p_ecg_p_04', 'cat_binary__n_p_ecg_p_05', 'cat_binary__n_p_ecg_p_06', 'cat_binary__n_p_ecg_p_07', 'cat_binary__n_p_ecg_p_08', 'cat_binary__n_p_ecg_p_09', 'cat_binary__n_p_ecg_p_10', 'cat_binary__n_p_ecg_p_11', 'cat_binary__n_p_ecg_p_12', 'cat_binary__fibr_ter_01', 'cat_binary__fibr_ter_02', 'cat_binary__fibr_ter_03', 'cat_binary__fibr_ter_05', 'cat_binary__fibr_ter_06', 'cat_binary__fibr_ter_07', 'cat_binary__fibr_ter_08', 'cat_binary__GIPO_K', 'cat_binary__GIPER_NA', 'cat_binary__NITR_S', 'cat_binary__LID_S_n', 'cat_binary__B_BLOK_S_n', 'cat_binary__ANT_CA_S_n', 'cat_binary__GEPAR_S_n', 'cat_binary__ASP_S_n', 'cat_binary__TIKL_S_n', 'cat_binary__TRENT_S_n']"
smoteenn_auto__mec_fp1_fn10,8,3,DecisionTreeClassifier,generalization,25,0,132,0,0.1592356687898089,0.1592356687898089,1.0,0.27472527472527475,0.0,1.0,0.5,0.0,0.0,0.0,0.7092424242424241,0.33827380952380953,0.8407643312101911,0.023326873779296875,157,"['num_log1p_standard_scaler__L_BLOOD', 'num_log1p_standard_scaler__AST_BLOOD', 'num_log1p_standard_scaler__ROE', 'num_standard_scaler__AGE', 'num_standard_scaler__S_AD_ORIT', 'num_standard_scaler__D_AD_ORIT', 'cat_nominal__IBS_POST_0.0', 'cat_ordinal__STENOK_AN', 'cat_ordinal__FK_STENOK', 'cat_ordinal__GB', 'cat_ordinal__DLIT_AG', 'cat_ordinal__TIME_B_S', 'cat_ordinal__ant_im', 'cat_binary__nr_02', 'cat_binary__nr_04', 'cat_binary__np_01', 'cat_binary__O_L_POST', 'cat_binary__K_SH_POST', 'cat_binary__MP_TP_POST', 'cat_binary__ritm_ecg_p_01', 'cat_binary__ritm_ecg_p_06', 'cat_binary__n_r_ecg_p_08', 'cat_binary__n_p_ecg_p_01', 'cat_binary__n_p_ecg_p_10', 'cat_binary__ANT_CA_S_n']"
smoteenn_auto__mec_fp1_fn10,8,4,DecisionTreeClassifier,generalization,25,44,88,0,0.4394904458598726,0.22123893805309736,1.0,0.36231884057971014,0.3333333333333333,0.6666666666666667,0.6666666666666666,0.5773502691896257,0.2715627232967842,0.13736263736263732,0.7287878787878788,0.2669849532733447,0.5605095541401274,0.022831201553344727,157,"['num_log1p_standard_scaler__L_BLOOD', 'num_log1p_standard_scaler__ROE', 'num_standard_scaler__AGE', 'num_standard_scaler__S_AD_ORIT', 'num_standard_scaler__D_AD_ORIT', 'num_standard_scaler__NA_BLOOD', 'cat_nominal__IBS_POST_0.0', 'cat_ordinal__GB', 'cat_ordinal__TIME_B_S', 'cat_ordinal__inf_im', 'cat_partial_ordinal__HF_right_line', 'cat_binary__np_05', 'cat_binary__np_08', 'cat_binary__np_10', 'cat_binary__zab_leg_01', 'cat_binary__zab_leg_02', 'cat_binary__K_SH_POST', 'cat_binary__ritm_ecg_p_01', 'cat_binary__n_r_ecg_p_05', 'cat_binary__n_p_ecg_p_07', 'cat_binary__n_p_ecg_p_08', 'cat_binary__n_p_ecg_p_12', 'cat_binary__fibr_ter_05', 'cat_binary__fibr_ter_08', 'cat_binary__ASP_S_n']"
smoteenn_auto__mec_fp1_fn10,8,5,DecisionTreeClassifier,generalization,22,34,98,3,0.35668789808917195,0.18333333333333332,0.88,0.30344827586206896,0.25757575757575757,0.7424242424242424,0.5687878787878788,0.4760952285695233,0.11860620163984288,0.05416045332538022,0.48757575757575755,0.15798015065242066,0.8152866242038217,0.023599863052368164,157,"['num_log1p_standard_scaler__L_BLOOD', 'num_standard_scaler__S_AD_ORIT', 'num_standard_scaler__D_AD_ORIT', 'num_standard_scaler__NA_BLOOD', 'cat_ordinal__TIME_B_S', 'cat_partial_ordinal__HF_right_line', 'cat_binary__endocr_02', 'cat_binary__K_SH_POST', 'cat_binary__IM_PG_P', 'cat_binary__NITR_S']"
smoteenn_auto__mec_fp1_fn10,8,6,DecisionTreeClassifier,generalization,25,0,132,0,0.1592356687898089,0.1592356687898089,1.0,0.27472527472527475,0.0,1.0,0.5,0.0,0.0,0.0,0.5,0.1592356687898089,0.8407643312101911,0.023731231689453125,157,"['num_log1p_standard_scaler__L_BLOOD', 'num_log1p_standard_scaler__ROE', 'num_log1p_standard_scaler__K_BLOOD', 'num_standard_scaler__AGE', 'num_standard_scaler__S_AD_ORIT', 'num_standard_scaler__D_AD_ORIT', 'cat_ordinal__GB', 'cat_ordinal__DLIT_AG', 'cat_ordinal__ant_im', 'cat_binary__nr_03', 'cat_binary__nr_04', 'cat_binary__K_SH_POST', 'cat_binary__GT_POST', 'cat_binary__IM_PG_P', 'cat_binary__ritm_ecg_p_01', 'cat_binary__n_r_ecg_p_02', 'cat_binary__n_p_ecg_p_03', 'cat_binary__n_p_ecg_p_12', 'cat_binary__GEPAR_S_n', 'cat_binary__ASP_S_n']"
smoteenn_auto__mec_fp1_fn10,8,7,DecisionTreeClassifier,generalization,25,0,132,0,0.1592356687898089,0.1592356687898089,1.0,0.27472527472527475,0.0,1.0,0.5,0.0,0.0,0.0,0.6,0.32738853503184717,0.8407643312101911,0.02322530746459961,157,"['num_log1p_standard_scaler__L_BLOOD', 'num_log1p_standard_scaler__ROE', 'num_standard_scaler__AGE', 'num_standard_scaler__S_AD_ORIT', 'num_standard_scaler__D_AD_ORIT', 'num_standard_scaler__NA_BLOOD', 'cat_nominal__IBS_POST_0.0', 'cat_nominal__IBS_POST_2.0', 'cat_ordinal__INF_ANAM', 'cat_ordinal__STENOK_AN', 'cat_ordinal__GB', 'cat_ordinal__TIME_B_S', 'cat_ordinal__ant_im', 'cat_ordinal__post_im', 'cat_partial_ordinal__HF_right_line', 'cat_partial_ordinal__HF_left_line', 'cat_binary__SEX', 'cat_binary__nr_11', 'cat_binary__nr_04', 'cat_binary__nr_07', 'cat_binary__np_01', 'cat_binary__np_07', 'cat_binary__endocr_01', 'cat_binary__endocr_02', 'cat_binary__zab_leg_01', 'cat_binary__zab_leg_02', 'cat_binary__zab_leg_04', 'cat_binary__O_L_POST', 'cat_binary__K_SH_POST', 'cat_binary__GT_POST', 'cat_binary__IM_PG_P', 'cat_binary__ritm_ecg_p_02', 'cat_binary__ritm_ecg_p_07', 'cat_binary__n_r_ecg_p_02', 'cat_binary__n_r_ecg_p_04', 'cat_binary__n_r_ecg_p_08', 'cat_binary__n_p_ecg_p_01', 'cat_binary__n_p_ecg_p_04', 'cat_binary__n_p_ecg_p_05', 'cat_binary__n_p_ecg_p_07', 'cat_binary__n_p_ecg_p_09', 'cat_binary__n_p_ecg_p_10', 'cat_binary__n_p_ecg_p_12', 'cat_binary__fibr_ter_02', 'cat_binary__fibr_ter_05', 'cat_binary__fibr_ter_06', 'cat_binary__fibr_ter_08', 'cat_binary__NITR_S', 'cat_binary__LID_S_n', 'cat_binary__ASP_S_n']"
smoteenn_auto__mec_fp1_fn10,8,8,DecisionTreeClassifier,generalization,25,36,96,0,0.3885350318471338,0.2066115702479339,1.0,0.3424657534246575,0.2727272727272727,0.7272727272727273,0.6363636363636364,0.5222329678670935,0.2373786217577698,0.10668563300142253,0.6922727272727273,0.2628664693682443,0.6114649681528662,0.022997140884399414,157,"['num_log1p_standard_scaler__L_BLOOD', 'num_log1p_standard_scaler__AST_BLOOD', 'num_log1p_standard_scaler__ROE', 'num_log1p_standard_scaler__K_BLOOD', 'num_standard_scaler__AGE', 'num_standard_scaler__S_AD_ORIT', 'num_standard_scaler__D_AD_ORIT', 'num_standard_scaler__NA_BLOOD', 'cat_nominal__IBS_POST_0.0', 'cat_nominal__IBS_POST_1.0', 'cat_nominal__IBS_POST_2.0', 'cat_ordinal__INF_ANAM', 'cat_ordinal__STENOK_AN', 'cat_ordinal__FK_STENOK', 'cat_ordinal__GB', 'cat_ordinal__DLIT_AG', 'cat_ordinal__TIME_B_S', 'cat_ordinal__ant_im', 'cat_ordinal__lat_im', 'cat_ordinal__inf_im', 'cat_ordinal__post_im', 'cat_partial_ordinal__HF_right_line', 'cat_partial_ordinal__HF_left_line', 'cat_binary__nr_11', 'cat_binary__nr_01', 'cat_binary__nr_02', 'cat_binary__nr_03', 'cat_binary__nr_04', 'cat_binary__nr_07', 'cat_binary__np_01', 'cat_binary__np_05', 'cat_binary__np_07', 'cat_binary__np_08', 'cat_binary__endocr_01', 'cat_binary__endocr_03', 'cat_binary__zab_leg_01', 'cat_binary__zab_leg_02', 'cat_binary__zab_leg_03', 'cat_binary__zab_leg_04', 'cat_binary__zab_leg_06', 'cat_binary__O_L_POST', 'cat_binary__K_SH_POST', 'cat_binary__MP_TP_POST', 'cat_binary__SVT_POST', 'cat_binary__GT_POST', 'cat_binary__FIB_G_POST', 'cat_binary__IM_PG_P', 'cat_binary__ritm_ecg_p_01', 'cat_binary__ritm_ecg_p_02', 'cat_binary__ritm_ecg_p_04', 'cat_binary__ritm_ecg_p_06', 'cat_binary__ritm_ecg_p_07', 'cat_binary__ritm_ecg_p_08', 'cat_binary__n_r_ecg_p_01', 'cat_binary__n_r_ecg_p_02', 'cat_binary__n_r_ecg_p_03', 'cat_binary__n_r_ecg_p_04', 'cat_binary__n_r_ecg_p_05', 'cat_binary__n_r_ecg_p_06', 'cat_binary__n_r_ecg_p_08', 'cat_binary__n_r_ecg_p_09', 'cat_binary__n_r_ecg_p_10', 'cat_binary__n_p_ecg_p_01', 'cat_binary__n_p_ecg_p_03', 'cat_binary__n_p_ecg_p_04', 'cat_binary__n_p_ecg_p_05', 'cat_binary__n_p_ecg_p_06', 'cat_binary__n_p_ecg_p_07', 'cat_binary__n_p_ecg_p_08', 'cat_binary__n_p_ecg_p_09', 'cat_binary__n_p_ecg_p_10', 'cat_binary__n_p_ecg_p_11', 'cat_binary__n_p_ecg_p_12', 'cat_binary__fibr_ter_01', 'cat_binary__fibr_ter_02', 'cat_binary__fibr_ter_03', 'cat_binary__fibr_ter_05', 'cat_binary__fibr_ter_06', 'cat_binary__fibr_ter_07', 'cat_binary__fibr_ter_08', 'cat_binary__GIPO_K', 'cat_binary__GIPER_NA', 'cat_binary__NITR_S', 'cat_binary__LID_S_n', 'cat_binary__B_BLOK_S_n', 'cat_binary__ANT_CA_S_n', 'cat_binary__GEPAR_S_n', 'cat_binary__ASP_S_n', 'cat_binary__TIKL_S_n', 'cat_binary__TRENT_S_n']"
smoteenn_auto__mec_fp1_fn10,8,9,DecisionTreeClassifier,generalization,25,0,132,0,0.1592356687898089,0.1592356687898089,1.0,0.27472527472527475,0.0,1.0,0.5,0.0,0.0,0.0,0.5,0.1592356687898089,0.8407643312101911,0.02391505241394043,157,"['num_log1p_standard_scaler__L_BLOOD', 'num_log1p_standard_scaler__ROE', 'num_log1p_standard_scaler__K_BLOOD', 'num_standard_scaler__AGE', 'num_standard_scaler__S_AD_ORIT', 'num_standard_scaler__D_AD_ORIT', 'num_standard_scaler__NA_BLOOD', 'cat_nominal__IBS_POST_1.0', 'cat_nominal__IBS_POST_2.0', 'cat_ordinal__STENOK_AN', 'cat_ordinal__FK_STENOK', 'cat_ordinal__GB', 'cat_ordinal__DLIT_AG', 'cat_ordinal__TIME_B_S', 'cat_ordinal__ant_im', 'cat_ordinal__inf_im', 'cat_ordinal__post_im', 'cat_partial_ordinal__HF_right_line', 'cat_binary__SEX', 'cat_binary__SIM_GIPERT', 'cat_binary__nr_11', 'cat_binary__nr_02', 'cat_binary__nr_04', 'cat_binary__nr_07', 'cat_binary__nr_08', 'cat_binary__np_01', 'cat_binary__np_04', 'cat_binary__np_05', 'cat_binary__np_07', 'cat_binary__np_08', 'cat_binary__np_09', 'cat_binary__np_10', 'cat_binary__endocr_01', 'cat_binary__endocr_02', 'cat_binary__endocr_03', 'cat_binary__zab_leg_01', 'cat_binary__zab_leg_02', 'cat_binary__zab_leg_03', 'cat_binary__zab_leg_04', 'cat_binary__zab_leg_06', 'cat_binary__O_L_POST', 'cat_binary__K_SH_POST', 'cat_binary__MP_TP_POST', 'cat_binary__SVT_POST', 'cat_binary__GT_POST', 'cat_binary__FIB_G_POST', 'cat_binary__IM_PG_P', 'cat_binary__ritm_ecg_p_01', 'cat_binary__ritm_ecg_p_02', 'cat_binary__ritm_ecg_p_04', 'cat_binary__ritm_ecg_p_06', 'cat_binary__ritm_ecg_p_07', 'cat_binary__ritm_ecg_p_08', 'cat_binary__n_r_ecg_p_01', 'cat_binary__n_r_ecg_p_02', 'cat_binary__n_r_ecg_p_03', 'cat_binary__n_r_ecg_p_04', 'cat_binary__n_r_ecg_p_05', 'cat_binary__n_r_ecg_p_06', 'cat_binary__n_r_ecg_p_08', 'cat_binary__n_r_ecg_p_09', 'cat_binary__n_r_ecg_p_10', 'cat_binary__n_p_ecg_p_01', 'cat_binary__n_p_ecg_p_03', 'cat_binary__n_p_ecg_p_04', 'cat_binary__n_p_ecg_p_05', 'cat_binary__n_p_ecg_p_06', 'cat_binary__n_p_ecg_p_07', 'cat_binary__n_p_ecg_p_08', 'cat_binary__n_p_ecg_p_09', 'cat_binary__n_p_ecg_p_10', 'cat_binary__n_p_ecg_p_11', 'cat_binary__n_p_ecg_p_12', 'cat_binary__fibr_ter_01', 'cat_binary__fibr_ter_02', 'cat_binary__fibr_ter_03', 'cat_binary__fibr_ter_05', 'cat_binary__fibr_ter_06', 'cat_binary__fibr_ter_07', 'cat_binary__fibr_ter_08', 'cat_binary__GIPO_K', 'cat_binary__GIPER_NA', 'cat_binary__NITR_S', 'cat_binary__LID_S_n', 'cat_binary__B_BLOK_S_n', 'cat_binary__ANT_CA_S_n', 'cat_binary__GEPAR_S_n', 'cat_binary__ASP_S_n', 'cat_binary__TIKL_S_n', 'cat_binary__TRENT_S_n']"
smoteenn_auto__mec_fp1_fn10,8,10,DecisionTreeClassifier,generalization,25,0,132,0,0.1592356687898089,0.1592356687898089,1.0,0.27472527472527475,0.0,1.0,0.5,0.0,0.0,0.0,0.6437878787878788,0.23518067730339912,0.8407643312101911,0.023197412490844727,157,"['num_log1p_standard_scaler__L_BLOOD', 'num_log1p_standard_scaler__ROE', 'num_standard_scaler__AGE', 'num_standard_scaler__S_AD_ORIT', 'num_standard_scaler__D_AD_ORIT', 'cat_ordinal__GB', 'cat_ordinal__TIME_B_S', 'cat_ordinal__ant_im', 'cat_binary__zab_leg_04', 'cat_binary__K_SH_POST', 'cat_binary__n_r_ecg_p_02', 'cat_binary__n_p_ecg_p_06', 'cat_binary__NITR_S', 'cat_binary__GEPAR_S_n', 'cat_binary__ASP_S_n']"
smoteenn_auto__mec_fp1_fn10,9,1,DecisionTreeClassifier,generalization,25,0,133,0,0.15822784810126583,0.15822784810126583,1.0,0.273224043715847,0.0,1.0,0.5,0.0,0.0,0.0,0.5966917293233083,0.19017626878031466,0.8417721518987342,0.02356719970703125,158,"['num_log1p_standard_scaler__L_BLOOD', 'num_standard_scaler__AGE', 'num_standard_scaler__S_AD_ORIT', 'num_standard_scaler__D_AD_ORIT', 'num_standard_scaler__NA_BLOOD', 'cat_nominal__IBS_POST_2.0', 'cat_ordinal__FK_STENOK', 'cat_ordinal__TIME_B_S', 'cat_ordinal__lat_im', 'cat_partial_ordinal__HF_right_line', 'cat_binary__zab_leg_02', 'cat_binary__zab_leg_03', 'cat_binary__O_L_POST', 'cat_binary__K_SH_POST', 'cat_binary__ritm_ecg_p_01', 'cat_binary__n_r_ecg_p_08', 'cat_binary__n_p_ecg_p_01', 'cat_binary__n_p_ecg_p_12', 'cat_binary__NITR_S', 'cat_binary__ASP_S_n']"
smoteenn_auto__mec_fp1_fn10,9,2,DecisionTreeClassifier,generalization,26,0,132,0,0.16455696202531644,0.16455696202531644,1.0,0.2826086956521739,0.0,1.0,0.5,0.0,0.0,0.0,0.5241841491841491,0.17161872169860373,0.8354430379746836,0.023694515228271484,158,"['num_log1p_standard_scaler__L_BLOOD', 'num_log1p_standard_scaler__ROE', 'num_log1p_standard_scaler__K_BLOOD', 'num_standard_scaler__AGE', 'num_standard_scaler__S_AD_ORIT', 'num_standard_scaler__D_AD_ORIT', 'num_standard_scaler__NA_BLOOD', 'cat_nominal__IBS_POST_0.0', 'cat_nominal__IBS_POST_2.0', 'cat_ordinal__STENOK_AN', 'cat_ordinal__FK_STENOK', 'cat_ordinal__GB', 'cat_ordinal__DLIT_AG', 'cat_ordinal__TIME_B_S', 'cat_ordinal__ant_im', 'cat_ordinal__inf_im', 'cat_ordinal__post_im', 'cat_partial_ordinal__HF_right_line', 'cat_partial_ordinal__HF_left_line', 'cat_binary__SIM_GIPERT', 'cat_binary__nr_11', 'cat_binary__nr_01', 'cat_binary__nr_02', 'cat_binary__nr_03', 'cat_binary__nr_04', 'cat_binary__np_07', 'cat_binary__np_10', 'cat_binary__endocr_02', 'cat_binary__zab_leg_01', 'cat_binary__zab_leg_02', 'cat_binary__zab_leg_03', 'cat_binary__zab_leg_06', 'cat_binary__O_L_POST', 'cat_binary__K_SH_POST', 'cat_binary__MP_TP_POST', 'cat_binary__FIB_G_POST', 'cat_binary__IM_PG_P', 'cat_binary__ritm_ecg_p_02', 'cat_binary__ritm_ecg_p_06', 'cat_binary__ritm_ecg_p_07', 'cat_binary__n_r_ecg_p_02', 'cat_binary__n_r_ecg_p_04', 'cat_binary__n_r_ecg_p_05', 'cat_binary__n_r_ecg_p_06', 'cat_binary__n_r_ecg_p_08', 'cat_binary__n_p_ecg_p_01', 'cat_binary__n_p_ecg_p_04', 'cat_binary__n_p_ecg_p_07', 'cat_binary__n_p_ecg_p_09', 'cat_binary__n_p_ecg_p_10', 'cat_binary__n_p_ecg_p_11', 'cat_binary__n_p_ecg_p_12', 'cat_binary__fibr_ter_01', 'cat_binary__fibr_ter_02', 'cat_binary__fibr_ter_03', 'cat_binary__fibr_ter_05', 'cat_binary__fibr_ter_07', 'cat_binary__NITR_S', 'cat_binary__LID_S_n', 'cat_binary__B_BLOK_S_n', 'cat_binary__ANT_CA_S_n', 'cat_binary__GEPAR_S_n', 'cat_binary__ASP_S_n', 'cat_binary__TIKL_S_n', 'cat_binary__TRENT_S_n']"
smoteenn_auto__mec_fp1_fn10,9,3,DecisionTreeClassifier,generalization,25,0,132,0,0.1592356687898089,0.1592356687898089,1.0,0.27472527472527475,0.0,1.0,0.5,0.0,0.0,0.0,0.6907575757575758,0.3132025477707006,0.8407643312101911,0.023667335510253906,157,"['num_log1p_standard_scaler__L_BLOOD', 'num_log1p_standard_scaler__AST_BLOOD', 'num_log1p_standard_scaler__ROE', 'num_standard_scaler__AGE', 'num_standard_scaler__S_AD_ORIT', 'num_standard_scaler__D_AD_ORIT', 'num_standard_scaler__NA_BLOOD', 'cat_nominal__IBS_POST_0.0', 'cat_nominal__IBS_POST_1.0', 'cat_ordinal__INF_ANAM', 'cat_ordinal__STENOK_AN', 'cat_ordinal__FK_STENOK', 'cat_ordinal__DLIT_AG', 'cat_ordinal__TIME_B_S', 'cat_ordinal__ant_im', 'cat_ordinal__lat_im', 'cat_ordinal__inf_im', 'cat_partial_ordinal__HF_right_line', 'cat_partial_ordinal__HF_left_line', 'cat_binary__SEX', 'cat_binary__nr_11', 'cat_binary__nr_02', 'cat_binary__nr_03', 'cat_binary__nr_07', 'cat_binary__nr_08', 'cat_binary__np_01', 'cat_binary__np_04', 'cat_binary__np_05', 'cat_binary__np_07', 'cat_binary__np_08', 'cat_binary__np_09', 'cat_binary__np_10', 'cat_binary__endocr_01', 'cat_binary__endocr_02', 'cat_binary__endocr_03', 'cat_binary__zab_leg_01', 'cat_binary__zab_leg_02', 'cat_binary__zab_leg_03', 'cat_binary__zab_leg_04', 'cat_binary__zab_leg_06', 'cat_binary__O_L_POST', 'cat_binary__K_SH_POST', 'cat_binary__MP_TP_POST', 'cat_binary__SVT_POST', 'cat_binary__GT_POST', 'cat_binary__FIB_G_POST', 'cat_binary__IM_PG_P', 'cat_binary__ritm_ecg_p_01', 'cat_binary__ritm_ecg_p_02', 'cat_binary__ritm_ecg_p_04', 'cat_binary__ritm_ecg_p_06', 'cat_binary__ritm_ecg_p_07', 'cat_binary__ritm_ecg_p_08', 'cat_binary__n_r_ecg_p_01', 'cat_binary__n_r_ecg_p_02', 'cat_binary__n_r_ecg_p_03', 'cat_binary__n_r_ecg_p_04', 'cat_binary__n_r_ecg_p_05', 'cat_binary__n_r_ecg_p_06', 'cat_binary__n_r_ecg_p_08', 'cat_binary__n_r_ecg_p_09', 'cat_binary__n_r_ecg_p_10', 'cat_binary__n_p_ecg_p_01', 'cat_binary__n_p_ecg_p_03', 'cat_binary__n_p_ecg_p_04', 'cat_binary__n_p_ecg_p_05', 'cat_binary__n_p_ecg_p_06', 'cat_binary__n_p_ecg_p_07', 'cat_binary__n_p_ecg_p_08', 'cat_binary__n_p_ecg_p_09', 'cat_binary__n_p_ecg_p_10', 'cat_binary__n_p_ecg_p_11', 'cat_binary__n_p_ecg_p_12', 'cat_binary__fibr_ter_01', 'cat_binary__fibr_ter_02', 'cat_binary__fibr_ter_03', 'cat_binary__fibr_ter_05', 'cat_binary__fibr_ter_06', 'cat_binary__fibr_ter_07', 'cat_binary__fibr_ter_08', 'cat_binary__GIPO_K', 'cat_binary__GIPER_NA', 'cat_binary__NITR_S', 'cat_binary__LID_S_n', 'cat_binary__B_BLOK_S_n', 'cat_binary__ANT_CA_S_n', 'cat_binary__GEPAR_S_n', 'cat_binary__ASP_S_n', 'cat_binary__TIKL_S_n', 'cat_binary__TRENT_S_n']"
smoteenn_auto__mec_fp1_fn10,9,4,DecisionTreeClassifier,generalization,25,0,132,0,0.1592356687898089,0.1592356687898089,1.0,0.27472527472527475,0.0,1.0,0.5,0.0,0.0,0.0,0.5,0.1592356687898089,0.8407643312101911,0.023223161697387695,157,"['num_log1p_standard_scaler__L_BLOOD', 'num_log1p_standard_scaler__ALT_BLOOD', 'num_log1p_standard_scaler__AST_BLOOD', 'num_log1p_standard_scaler__ROE', 'num_log1p_standard_scaler__K_BLOOD', 'num_standard_scaler__AGE', 'num_standard_scaler__S_AD_ORIT', 'num_standard_scaler__D_AD_ORIT', 'num_standard_scaler__NA_BLOOD', 'cat_nominal__IBS_POST_2.0', 'cat_ordinal__INF_ANAM', 'cat_ordinal__STENOK_AN', 'cat_ordinal__FK_STENOK', 'cat_ordinal__GB', 'cat_ordinal__TIME_B_S', 'cat_ordinal__ant_im', 'cat_ordinal__lat_im', 'cat_partial_ordinal__HF_right_line', 'cat_partial_ordinal__HF_left_line', 'cat_binary__SIM_GIPERT', 'cat_binary__nr_11', 'cat_binary__nr_01', 'cat_binary__nr_04', 'cat_binary__nr_08', 'cat_binary__np_01', 'cat_binary__np_07', 'cat_binary__np_09', 'cat_binary__np_10', 'cat_binary__endocr_01', 'cat_binary__endocr_02', 'cat_binary__endocr_03', 'cat_binary__zab_leg_01', 'cat_binary__zab_leg_02', 'cat_binary__zab_leg_03', 'cat_binary__zab_leg_04', 'cat_binary__O_L_POST', 'cat_binary__K_SH_POST', 'cat_binary__MP_TP_POST', 'cat_binary__SVT_POST', 'cat_binary__GT_POST', 'cat_binary__FIB_G_POST', 'cat_binary__IM_PG_P', 'cat_binary__ritm_ecg_p_01', 'cat_binary__ritm_ecg_p_04', 'cat_binary__ritm_ecg_p_07', 'cat_binary__n_r_ecg_p_01', 'cat_binary__n_r_ecg_p_02', 'cat_binary__n_r_ecg_p_03', 'cat_binary__n_r_ecg_p_05', 'cat_binary__n_r_ecg_p_06', 'cat_binary__n_r_ecg_p_08', 'cat_binary__n_p_ecg_p_01', 'cat_binary__n_p_ecg_p_03', 'cat_binary__n_p_ecg_p_05', 'cat_binary__n_p_ecg_p_06', 'cat_binary__n_p_ecg_p_07', 'cat_binary__n_p_ecg_p_12', 'cat_binary__fibr_ter_02', 'cat_binary__fibr_ter_03', 'cat_binary__fibr_ter_08', 'cat_binary__GIPO_K', 'cat_binary__GIPER_NA', 'cat_binary__NITR_S', 'cat_binary__LID_S_n', 'cat_binary__B_BLOK_S_n', 'cat_binary__ANT_CA_S_n', 'cat_binary__GEPAR_S_n', 'cat_binary__ASP_S_n', 'cat_binary__TIKL_S_n', 'cat_binary__TRENT_S_n']"
smoteenn_auto__mec_fp1_fn10,9,5,DecisionTreeClassifier,generalization,25,22,110,0,0.29936305732484075,0.18518518518518517,1.0,0.3125,0.16666666666666666,0.8333333333333334,0.5833333333333334,0.408248290463863,0.17568209223157663,0.05988023952095822,0.6821212121212121,0.26156407264911663,0.7006369426751592,0.022236347198486328,157,"['num_log1p_standard_scaler__L_BLOOD', 'num_log1p_standard_scaler__ALT_BLOOD', 'num_log1p_standard_scaler__AST_BLOOD', 'num_log1p_standard_scaler__ROE', 'num_log1p_standard_scaler__K_BLOOD', 'num_standard_scaler__AGE', 'num_standard_scaler__S_AD_ORIT', 'num_standard_scaler__D_AD_ORIT', 'num_standard_scaler__NA_BLOOD', 'cat_nominal__IBS_POST_0.0', 'cat_nominal__IBS_POST_1.0', 'cat_nominal__IBS_POST_2.0', 'cat_ordinal__INF_ANAM', 'cat_ordinal__STENOK_AN', 'cat_ordinal__FK_STENOK', 'cat_ordinal__GB', 'cat_ordinal__DLIT_AG', 'cat_ordinal__TIME_B_S', 'cat_ordinal__ant_im', 'cat_ordinal__lat_im', 'cat_ordinal__inf_im', 'cat_ordinal__post_im', 'cat_partial_ordinal__HF_right_line', 'cat_partial_ordinal__HF_left_line', 'cat_binary__SEX', 'cat_binary__SIM_GIPERT', 'cat_binary__nr_11', 'cat_binary__nr_01', 'cat_binary__nr_02', 'cat_binary__nr_03', 'cat_binary__nr_04', 'cat_binary__nr_07', 'cat_binary__nr_08', 'cat_binary__np_01', 'cat_binary__np_04', 'cat_binary__np_05', 'cat_binary__np_07', 'cat_binary__np_08', 'cat_binary__np_09', 'cat_binary__np_10', 'cat_binary__endocr_01', 'cat_binary__endocr_02', 'cat_binary__endocr_03', 'cat_binary__zab_leg_01', 'cat_binary__zab_leg_02', 'cat_binary__zab_leg_03', 'cat_binary__zab_leg_04', 'cat_binary__zab_leg_06', 'cat_binary__O_L_POST', 'cat_binary__K_SH_POST', 'cat_binary__MP_TP_POST', 'cat_binary__SVT_POST', 'cat_binary__GT_POST', 'cat_binary__FIB_G_POST', 'cat_binary__IM_PG_P', 'cat_binary__ritm_ecg_p_01', 'cat_binary__ritm_ecg_p_02', 'cat_binary__ritm_ecg_p_04', 'cat_binary__ritm_ecg_p_06', 'cat_binary__ritm_ecg_p_07', 'cat_binary__ritm_ecg_p_08', 'cat_binary__n_r_ecg_p_01', 'cat_binary__n_r_ecg_p_02', 'cat_binary__n_r_ecg_p_03', 'cat_binary__n_r_ecg_p_04', 'cat_binary__n_r_ecg_p_05', 'cat_binary__n_r_ecg_p_06', 'cat_binary__n_r_ecg_p_08', 'cat_binary__n_r_ecg_p_09', 'cat_binary__n_r_ecg_p_10', 'cat_binary__n_p_ecg_p_01', 'cat_binary__n_p_ecg_p_03', 'cat_binary__n_p_ecg_p_04', 'cat_binary__n_p_ecg_p_05', 'cat_binary__n_p_ecg_p_06', 'cat_binary__n_p_ecg_p_07', 'cat_binary__n_p_ecg_p_08', 'cat_binary__n_p_ecg_p_09', 'cat_binary__n_p_ecg_p_10', 'cat_binary__n_p_ecg_p_11', 'cat_binary__n_p_ecg_p_12', 'cat_binary__fibr_ter_01', 'cat_binary__fibr_ter_02', 'cat_binary__fibr_ter_03', 'cat_binary__fibr_ter_05', 'cat_binary__fibr_ter_06', 'cat_binary__fibr_ter_07', 'cat_binary__fibr_ter_08', 'cat_binary__GIPO_K', 'cat_binary__GIPER_NA', 'cat_binary__NITR_S', 'cat_binary__LID_S_n', 'cat_binary__B_BLOK_S_n', 'cat_binary__ANT_CA_S_n', 'cat_binary__GEPAR_S_n', 'cat_binary__ASP_S_n', 'cat_binary__TIKL_S_n', 'cat_binary__TRENT_S_n']"
smoteenn_auto__mec_fp1_fn10,9,6,DecisionTreeClassifier,generalization,25,0,132,0,0.1592356687898089,0.1592356687898089,1.0,0.27472527472527475,0.0,1.0,0.5,0.0,0.0,0.0,0.5895454545454546,0.20173352824475305,0.8407643312101911,0.024198293685913086,157,"['num_log1p_standard_scaler__L_BLOOD', 'num_log1p_standard_scaler__ROE', 'num_log1p_standard_scaler__K_BLOOD', 'num_standard_scaler__AGE', 'num_standard_scaler__S_AD_ORIT', 'num_standard_scaler__D_AD_ORIT', 'num_standard_scaler__NA_BLOOD', 'cat_nominal__IBS_POST_1.0', 'cat_nominal__IBS_POST_2.0', 'cat_ordinal__INF_ANAM', 'cat_ordinal__STENOK_AN', 'cat_ordinal__FK_STENOK', 'cat_ordinal__GB', 'cat_ordinal__DLIT_AG', 'cat_ordinal__TIME_B_S', 'cat_ordinal__ant_im', 'cat_ordinal__lat_im', 'cat_ordinal__inf_im', 'cat_partial_ordinal__HF_right_line', 'cat_binary__SEX', 'cat_binary__SIM_GIPERT', 'cat_binary__nr_11', 'cat_binary__nr_01', 'cat_binary__nr_02', 'cat_binary__nr_03', 'cat_binary__nr_04', 'cat_binary__nr_08', 'cat_binary__np_05', 'cat_binary__np_07', 'cat_binary__np_08', 'cat_binary__np_09', 'cat_binary__np_10', 'cat_binary__endocr_01', 'cat_binary__endocr_02', 'cat_binary__endocr_03', 'cat_binary__zab_leg_01', 'cat_binary__zab_leg_02', 'cat_binary__zab_leg_03', 'cat_binary__zab_leg_04', 'cat_binary__zab_leg_06', 'cat_binary__O_L_POST', 'cat_binary__K_SH_POST', 'cat_binary__MP_TP_POST', 'cat_binary__SVT_POST', 'cat_binary__GT_POST', 'cat_binary__FIB_G_POST', 'cat_binary__IM_PG_P', 'cat_binary__ritm_ecg_p_01', 'cat_binary__ritm_ecg_p_02', 'cat_binary__ritm_ecg_p_04', 'cat_binary__ritm_ecg_p_06', 'cat_binary__ritm_ecg_p_07', 'cat_binary__ritm_ecg_p_08', 'cat_binary__n_r_ecg_p_01', 'cat_binary__n_r_ecg_p_02', 'cat_binary__n_r_ecg_p_03', 'cat_binary__n_r_ecg_p_04', 'cat_binary__n_r_ecg_p_05', 'cat_binary__n_r_ecg_p_06', 'cat_binary__n_r_ecg_p_08', 'cat_binary__n_r_ecg_p_09', 'cat_binary__n_r_ecg_p_10', 'cat_binary__n_p_ecg_p_01', 'cat_binary__n_p_ecg_p_03', 'cat_binary__n_p_ecg_p_04', 'cat_binary__n_p_ecg_p_05', 'cat_binary__n_p_ecg_p_06', 'cat_binary__n_p_ecg_p_07', 'cat_binary__n_p_ecg_p_08', 'cat_binary__n_p_ecg_p_09', 'cat_binary__n_p_ecg_p_10', 'cat_binary__n_p_ecg_p_11', 'cat_binary__n_p_ecg_p_12', 'cat_binary__fibr_ter_01', 'cat_binary__fibr_ter_02', 'cat_binary__fibr_ter_03', 'cat_binary__fibr_ter_05', 'cat_binary__fibr_ter_06', 'cat_binary__fibr_ter_07', 'cat_binary__fibr_ter_08', 'cat_binary__GIPO_K', 'cat_binary__GIPER_NA', 'cat_binary__NITR_S', 'cat_binary__LID_S_n', 'cat_binary__B_BLOK_S_n', 'cat_binary__ANT_CA_S_n', 'cat_binary__GEPAR_S_n', 'cat_binary__ASP_S_n', 'cat_binary__TIKL_S_n', 'cat_binary__TRENT_S_n']"
smoteenn_auto__mec_fp1_fn10,9,7,DecisionTreeClassifier,generalization,25,0,132,0,0.1592356687898089,0.1592356687898089,1.0,0.27472527472527475,0.0,1.0,0.5,0.0,0.0,0.0,0.6593939393939394,0.2585391129784168,0.8407643312101911,0.022286176681518555,157,"['num_log1p_standard_scaler__L_BLOOD', 'num_log1p_standard_scaler__AST_BLOOD', 'num_log1p_standard_scaler__ROE', 'num_log1p_standard_scaler__K_BLOOD', 'num_standard_scaler__AGE', 'num_standard_scaler__S_AD_ORIT', 'num_standard_scaler__D_AD_ORIT', 'num_standard_scaler__NA_BLOOD', 'cat_nominal__IBS_POST_0.0', 'cat_nominal__IBS_POST_2.0', 'cat_ordinal__INF_ANAM', 'cat_ordinal__STENOK_AN', 'cat_ordinal__FK_STENOK', 'cat_ordinal__DLIT_AG', 'cat_ordinal__TIME_B_S', 'cat_ordinal__ant_im', 'cat_ordinal__inf_im', 'cat_partial_ordinal__HF_right_line', 'cat_partial_ordinal__HF_left_line', 'cat_binary__SEX', 'cat_binary__SIM_GIPERT', 'cat_binary__nr_03', 'cat_binary__nr_04', 'cat_binary__np_04', 'cat_binary__np_05', 'cat_binary__np_09', 'cat_binary__np_10', 'cat_binary__endocr_01', 'cat_binary__endocr_02', 'cat_binary__endocr_03', 'cat_binary__zab_leg_01', 'cat_binary__zab_leg_02', 'cat_binary__zab_leg_03', 'cat_binary__zab_leg_04', 'cat_binary__zab_leg_06', 'cat_binary__K_SH_POST', 'cat_binary__MP_TP_POST', 'cat_binary__GT_POST', 'cat_binary__FIB_G_POST', 'cat_binary__IM_PG_P', 'cat_binary__ritm_ecg_p_01', 'cat_binary__ritm_ecg_p_02', 'cat_binary__ritm_ecg_p_07', 'cat_binary__n_r_ecg_p_01', 'cat_binary__n_r_ecg_p_08', 'cat_binary__n_r_ecg_p_10', 'cat_binary__n_p_ecg_p_01', 'cat_binary__n_p_ecg_p_03', 'cat_binary__n_p_ecg_p_06', 'cat_binary__n_p_ecg_p_07', 'cat_binary__n_p_ecg_p_09', 'cat_binary__n_p_ecg_p_10', 'cat_binary__n_p_ecg_p_11', 'cat_binary__n_p_ecg_p_12', 'cat_binary__fibr_ter_02', 'cat_binary__fibr_ter_03', 'cat_binary__fibr_ter_05', 'cat_binary__fibr_ter_06', 'cat_binary__fibr_ter_07', 'cat_binary__fibr_ter_08', 'cat_binary__GIPO_K', 'cat_binary__GIPER_NA', 'cat_binary__NITR_S', 'cat_binary__LID_S_n', 'cat_binary__B_BLOK_S_n', 'cat_binary__ANT_CA_S_n', 'cat_binary__GEPAR_S_n', 'cat_binary__ASP_S_n', 'cat_binary__TIKL_S_n', 'cat_binary__TRENT_S_n']"
smoteenn_auto__mec_fp1_fn10,9,8,DecisionTreeClassifier,generalization,25,0,132,0,0.1592356687898089,0.1592356687898089,1.0,0.27472527472527475,0.0,1.0,0.5,0.0,0.0,0.0,0.7698484848484848,0.3517890646877716,0.8407643312101911,0.023993968963623047,157,"['num_log1p_standard_scaler__L_BLOOD', 'num_log1p_standard_scaler__AST_BLOOD', 'num_log1p_standard_scaler__ROE', 'num_log1p_standard_scaler__K_BLOOD', 'num_standard_scaler__AGE', 'num_standard_scaler__S_AD_ORIT', 'num_standard_scaler__D_AD_ORIT', 'num_standard_scaler__NA_BLOOD', 'cat_nominal__IBS_POST_0.0', 'cat_nominal__IBS_POST_1.0', 'cat_nominal__IBS_POST_2.0', 'cat_ordinal__INF_ANAM', 'cat_ordinal__STENOK_AN', 'cat_ordinal__FK_STENOK', 'cat_ordinal__GB', 'cat_ordinal__DLIT_AG', 'cat_ordinal__TIME_B_S', 'cat_ordinal__post_im', 'cat_partial_ordinal__HF_right_line', 'cat_partial_ordinal__HF_left_line', 'cat_binary__SEX', 'cat_binary__nr_11', 'cat_binary__nr_08', 'cat_binary__np_01', 'cat_binary__np_08', 'cat_binary__endocr_01', 'cat_binary__endocr_03', 'cat_binary__zab_leg_02', 'cat_binary__zab_leg_04', 'cat_binary__zab_leg_06', 'cat_binary__O_L_POST', 'cat_binary__K_SH_POST', 'cat_binary__MP_TP_POST', 'cat_binary__SVT_POST', 'cat_binary__ritm_ecg_p_01', 'cat_binary__ritm_ecg_p_02', 'cat_binary__ritm_ecg_p_04', 'cat_binary__ritm_ecg_p_06', 'cat_binary__ritm_ecg_p_08', 'cat_binary__n_r_ecg_p_02', 'cat_binary__n_r_ecg_p_03', 'cat_binary__n_r_ecg_p_06', 'cat_binary__n_r_ecg_p_09', 'cat_binary__n_r_ecg_p_10', 'cat_binary__n_p_ecg_p_01', 'cat_binary__n_p_ecg_p_03', 'cat_binary__n_p_ecg_p_05', 'cat_binary__n_p_ecg_p_06', 'cat_binary__n_p_ecg_p_07', 'cat_binary__n_p_ecg_p_08', 'cat_binary__n_p_ecg_p_10', 'cat_binary__n_p_ecg_p_12', 'cat_binary__fibr_ter_02', 'cat_binary__fibr_ter_03', 'cat_binary__fibr_ter_05', 'cat_binary__fibr_ter_07', 'cat_binary__GIPO_K', 'cat_binary__GIPER_NA', 'cat_binary__NITR_S', 'cat_binary__LID_S_n', 'cat_binary__B_BLOK_S_n', 'cat_binary__ANT_CA_S_n', 'cat_binary__ASP_S_n', 'cat_binary__TIKL_S_n', 'cat_binary__TRENT_S_n']"
smoteenn_auto__mec_fp1_fn10,9,9,DecisionTreeClassifier,generalization,25,0,132,0,0.1592356687898089,0.1592356687898089,1.0,0.27472527472527475,0.0,1.0,0.5,0.0,0.0,0.0,0.5,0.1592356687898089,0.8407643312101911,0.02218770980834961,157,"['num_log1p_standard_scaler__L_BLOOD', 'num_log1p_standard_scaler__AST_BLOOD', 'num_log1p_standard_scaler__ROE', 'num_log1p_standard_scaler__K_BLOOD', 'num_standard_scaler__AGE', 'num_standard_scaler__S_AD_ORIT', 'num_standard_scaler__D_AD_ORIT', 'num_standard_scaler__NA_BLOOD', 'cat_nominal__IBS_POST_0.0', 'cat_nominal__IBS_POST_2.0', 'cat_ordinal__STENOK_AN', 'cat_ordinal__DLIT_AG', 'cat_ordinal__TIME_B_S', 'cat_ordinal__ant_im', 'cat_partial_ordinal__HF_right_line', 'cat_partial_ordinal__HF_left_line', 'cat_binary__SIM_GIPERT', 'cat_binary__nr_07', 'cat_binary__np_07', 'cat_binary__np_09', 'cat_binary__zab_leg_06', 'cat_binary__O_L_POST', 'cat_binary__K_SH_POST', 'cat_binary__MP_TP_POST', 'cat_binary__IM_PG_P', 'cat_binary__ritm_ecg_p_01', 'cat_binary__ritm_ecg_p_04', 'cat_binary__ritm_ecg_p_07', 'cat_binary__n_r_ecg_p_01', 'cat_binary__n_r_ecg_p_03', 'cat_binary__n_r_ecg_p_04', 'cat_binary__n_r_ecg_p_05', 'cat_binary__n_r_ecg_p_06', 'cat_binary__n_r_ecg_p_08', 'cat_binary__n_p_ecg_p_03', 'cat_binary__n_p_ecg_p_04', 'cat_binary__n_p_ecg_p_05', 'cat_binary__n_p_ecg_p_09', 'cat_binary__n_p_ecg_p_10', 'cat_binary__fibr_ter_02', 'cat_binary__NITR_S', 'cat_binary__ANT_CA_S_n', 'cat_binary__GEPAR_S_n', 'cat_binary__ASP_S_n', 'cat_binary__TRENT_S_n']"
smoteenn_auto__mec_fp1_fn10,9,10,DecisionTreeClassifier,generalization,25,0,132,0,0.1592356687898089,0.1592356687898089,1.0,0.27472527472527475,0.0,1.0,0.5,0.0,0.0,0.0,0.603939393939394,0.197313780742784,0.8407643312101911,0.024530649185180664,157,"['num_log1p_standard_scaler__L_BLOOD', 'num_log1p_standard_scaler__ROE', 'num_log1p_standard_scaler__K_BLOOD', 'num_standard_scaler__AGE', 'num_standard_scaler__S_AD_ORIT', 'num_standard_scaler__D_AD_ORIT', 'num_standard_scaler__NA_BLOOD', 'cat_nominal__IBS_POST_0.0', 'cat_nominal__IBS_POST_1.0', 'cat_nominal__IBS_POST_2.0', 'cat_ordinal__INF_ANAM', 'cat_ordinal__STENOK_AN', 'cat_ordinal__FK_STENOK', 'cat_ordinal__GB', 'cat_ordinal__DLIT_AG', 'cat_ordinal__TIME_B_S', 'cat_ordinal__ant_im', 'cat_ordinal__inf_im', 'cat_partial_ordinal__HF_right_line', 'cat_partial_ordinal__HF_left_line', 'cat_binary__SEX', 'cat_binary__nr_02', 'cat_binary__nr_03', 'cat_binary__nr_04', 'cat_binary__nr_08', 'cat_binary__np_05', 'cat_binary__np_09', 'cat_binary__np_10', 'cat_binary__endocr_01', 'cat_binary__endocr_02', 'cat_binary__endocr_03', 'cat_binary__zab_leg_01', 'cat_binary__zab_leg_02', 'cat_binary__zab_leg_03', 'cat_binary__O_L_POST', 'cat_binary__K_SH_POST', 'cat_binary__IM_PG_P', 'cat_binary__ritm_ecg_p_01', 'cat_binary__ritm_ecg_p_02', 'cat_binary__ritm_ecg_p_06', 'cat_binary__ritm_ecg_p_07', 'cat_binary__n_r_ecg_p_01', 'cat_binary__n_r_ecg_p_03', 'cat_binary__n_r_ecg_p_04', 'cat_binary__n_r_ecg_p_05', 'cat_binary__n_r_ecg_p_06', 'cat_binary__n_p_ecg_p_04', 'cat_binary__n_p_ecg_p_06', 'cat_binary__n_p_ecg_p_09', 'cat_binary__n_p_ecg_p_10', 'cat_binary__n_p_ecg_p_12', 'cat_binary__fibr_ter_01', 'cat_binary__fibr_ter_06', 'cat_binary__fibr_ter_08', 'cat_binary__NITR_S', 'cat_binary__ANT_CA_S_n', 'cat_binary__GEPAR_S_n', 'cat_binary__ASP_S_n', 'cat_binary__TIKL_S_n', 'cat_binary__TRENT_S_n']"
smoteenn_auto__mec_fp1_fn10,10,1,DecisionTreeClassifier,generalization,25,0,133,0,0.15822784810126583,0.15822784810126583,1.0,0.273224043715847,0.0,1.0,0.5,0.0,0.0,0.0,0.7401503759398497,0.33536455932584003,0.8417721518987342,0.021784305572509766,158,"['num_log1p_standard_scaler__L_BLOOD', 'num_standard_scaler__AGE', 'num_standard_scaler__S_AD_ORIT', 'num_standard_scaler__D_AD_ORIT', 'cat_ordinal__TIME_B_S', 'cat_partial_ordinal__HF_right_line', 'cat_binary__K_SH_POST', 'cat_binary__IM_PG_P', 'cat_binary__ritm_ecg_p_01', 'cat_binary__n_p_ecg_p_06']"
smoteenn_auto__mec_fp1_fn10,10,2,DecisionTreeClassifier,generalization,26,0,132,0,0.16455696202531644,0.16455696202531644,1.0,0.2826086956521739,0.0,1.0,0.5,0.0,0.0,0.0,0.6509324009324009,0.24923712809202941,0.8354430379746836,0.023369550704956055,158,"['num_log1p_standard_scaler__L_BLOOD', 'num_log1p_standard_scaler__ROE', 'num_standard_scaler__AGE', 'num_standard_scaler__S_AD_ORIT', 'num_standard_scaler__D_AD_ORIT', 'num_standard_scaler__NA_BLOOD', 'cat_nominal__IBS_POST_0.0', 'cat_nominal__IBS_POST_1.0', 'cat_nominal__IBS_POST_2.0', 'cat_ordinal__TIME_B_S', 'cat_ordinal__ant_im', 'cat_ordinal__inf_im', 'cat_binary__SEX', 'cat_binary__nr_11', 'cat_binary__nr_04', 'cat_binary__np_04', 'cat_binary__np_09', 'cat_binary__endocr_01', 'cat_binary__O_L_POST', 'cat_binary__K_SH_POST', 'cat_binary__MP_TP_POST', 'cat_binary__SVT_POST', 'cat_binary__ritm_ecg_p_01', 'cat_binary__ritm_ecg_p_02', 'cat_binary__ritm_ecg_p_06', 'cat_binary__ritm_ecg_p_07', 'cat_binary__n_r_ecg_p_10', 'cat_binary__n_p_ecg_p_06', 'cat_binary__n_p_ecg_p_09', 'cat_binary__n_p_ecg_p_12', 'cat_binary__fibr_ter_06', 'cat_binary__NITR_S', 'cat_binary__B_BLOK_S_n', 'cat_binary__ASP_S_n', 'cat_binary__TIKL_S_n']"
smoteenn_auto__mec_fp1_fn10,10,3,DecisionTreeClassifier,generalization,25,0,132,0,0.1592356687898089,0.1592356687898089,1.0,0.27472527472527475,0.0,1.0,0.5,0.0,0.0,0.0,0.7428787878787879,0.34790422677815774,0.8407643312101911,0.021988868713378906,157,"['num_log1p_standard_scaler__L_BLOOD', 'num_log1p_standard_scaler__ROE', 'num_standard_scaler__AGE', 'num_standard_scaler__S_AD_ORIT', 'num_standard_scaler__D_AD_ORIT', 'num_standard_scaler__NA_BLOOD', 'cat_nominal__IBS_POST_0.0', 'cat_nominal__IBS_POST_2.0', 'cat_ordinal__INF_ANAM', 'cat_ordinal__STENOK_AN', 'cat_ordinal__DLIT_AG', 'cat_ordinal__TIME_B_S', 'cat_ordinal__ant_im', 'cat_ordinal__lat_im', 'cat_ordinal__inf_im', 'cat_partial_ordinal__HF_right_line', 'cat_partial_ordinal__HF_left_line', 'cat_binary__nr_11', 'cat_binary__nr_04', 'cat_binary__nr_07', 'cat_binary__np_08', 'cat_binary__endocr_02', 'cat_binary__endocr_03', 'cat_binary__zab_leg_01', 'cat_binary__zab_leg_02', 'cat_binary__zab_leg_06', 'cat_binary__O_L_POST', 'cat_binary__K_SH_POST', 'cat_binary__MP_TP_POST', 'cat_binary__FIB_G_POST', 'cat_binary__IM_PG_P', 'cat_binary__ritm_ecg_p_01', 'cat_binary__n_r_ecg_p_01', 'cat_binary__n_r_ecg_p_08', 'cat_binary__n_r_ecg_p_10', 'cat_binary__n_p_ecg_p_07', 'cat_binary__n_p_ecg_p_09', 'cat_binary__n_p_ecg_p_11', 'cat_binary__n_p_ecg_p_12', 'cat_binary__fibr_ter_03', 'cat_binary__fibr_ter_05', 'cat_binary__fibr_ter_08', 'cat_binary__NITR_S', 'cat_binary__ASP_S_n', 'cat_binary__TRENT_S_n']"
smoteenn_auto__mec_fp1_fn10,10,4,DecisionTreeClassifier,generalization,25,0,132,0,0.1592356687898089,0.1592356687898089,1.0,0.27472527472527475,0.0,1.0,0.5,0.0,0.0,0.0,0.6589393939393939,0.28366310364355896,0.8407643312101911,0.023342370986938477,157,"['num_log1p_standard_scaler__L_BLOOD', 'num_log1p_standard_scaler__AST_BLOOD', 'num_log1p_standard_scaler__ROE', 'num_standard_scaler__AGE', 'num_standard_scaler__S_AD_ORIT', 'num_standard_scaler__D_AD_ORIT', 'num_standard_scaler__NA_BLOOD', 'cat_nominal__IBS_POST_0.0', 'cat_nominal__IBS_POST_1.0', 'cat_nominal__IBS_POST_2.0', 'cat_ordinal__INF_ANAM', 'cat_ordinal__STENOK_AN', 'cat_ordinal__FK_STENOK', 'cat_ordinal__TIME_B_S', 'cat_ordinal__ant_im', 'cat_ordinal__lat_im', 'cat_partial_ordinal__HF_right_line', 'cat_binary__SEX', 'cat_binary__nr_11', 'cat_binary__nr_01', 'cat_binary__np_08', 'cat_binary__np_09', 'cat_binary__np_10', 'cat_binary__endocr_03', 'cat_binary__zab_leg_02', 'cat_binary__zab_leg_04', 'cat_binary__zab_leg_06', 'cat_binary__K_SH_POST', 'cat_binary__MP_TP_POST', 'cat_binary__SVT_POST', 'cat_binary__ritm_ecg_p_01', 'cat_binary__ritm_ecg_p_02', 'cat_binary__ritm_ecg_p_08', 'cat_binary__n_r_ecg_p_04', 'cat_binary__n_r_ecg_p_06', 'cat_binary__n_p_ecg_p_01', 'cat_binary__n_p_ecg_p_05', 'cat_binary__n_p_ecg_p_10', 'cat_binary__n_p_ecg_p_11', 'cat_binary__n_p_ecg_p_12', 'cat_binary__fibr_ter_05', 'cat_binary__NITR_S', 'cat_binary__LID_S_n', 'cat_binary__B_BLOK_S_n', 'cat_binary__ASP_S_n']"
smoteenn_auto__mec_fp1_fn10,10,5,DecisionTreeClassifier,generalization,25,0,132,0,0.1592356687898089,0.1592356687898089,1.0,0.27472527472527475,0.0,1.0,0.5,0.0,0.0,0.0,0.6328787878787878,0.22944438099421627,0.8407643312101911,0.02174544334411621,157,"['num_log1p_standard_scaler__L_BLOOD', 'num_standard_scaler__AGE', 'num_standard_scaler__S_AD_ORIT', 'num_standard_scaler__D_AD_ORIT', 'cat_ordinal__FK_STENOK', 'cat_ordinal__ant_im', 'cat_ordinal__inf_im', 'cat_partial_ordinal__HF_right_line', 'cat_binary__K_SH_POST', 'cat_binary__ritm_ecg_p_02']"
smoteenn_auto__mec_fp1_fn10,10,6,DecisionTreeClassifier,generalization,25,0,132,0,0.1592356687898089,0.1592356687898089,1.0,0.27472527472527475,0.0,1.0,0.5,0.0,0.0,0.0,0.541969696969697,0.17262025038436196,0.8407643312101911,0.0236508846282959,157,"['num_log1p_standard_scaler__L_BLOOD', 'num_log1p_standard_scaler__AST_BLOOD', 'num_log1p_standard_scaler__ROE', 'num_standard_scaler__AGE', 'num_standard_scaler__S_AD_ORIT', 'num_standard_scaler__D_AD_ORIT', 'num_standard_scaler__NA_BLOOD', 'cat_nominal__IBS_POST_0.0', 'cat_nominal__IBS_POST_1.0', 'cat_nominal__IBS_POST_2.0', 'cat_ordinal__INF_ANAM', 'cat_ordinal__TIME_B_S', 'cat_partial_ordinal__HF_right_line', 'cat_partial_ordinal__HF_left_line', 'cat_binary__nr_11', 'cat_binary__nr_02', 'cat_binary__nr_07', 'cat_binary__np_08', 'cat_binary__np_09', 'cat_binary__endocr_01', 'cat_binary__zab_leg_03', 'cat_binary__zab_leg_04', 'cat_binary__O_L_POST', 'cat_binary__K_SH_POST', 'cat_binary__ritm_ecg_p_01', 'cat_binary__ritm_ecg_p_02', 'cat_binary__ritm_ecg_p_06', 'cat_binary__n_r_ecg_p_01', 'cat_binary__n_p_ecg_p_03', 'cat_binary__n_p_ecg_p_06', 'cat_binary__n_p_ecg_p_12', 'cat_binary__fibr_ter_07', 'cat_binary__fibr_ter_08', 'cat_binary__NITR_S', 'cat_binary__ASP_S_n']"
smoteenn_auto__mec_fp1_fn10,10,7,DecisionTreeClassifier,generalization,25,0,132,0,0.1592356687898089,0.1592356687898089,1.0,0.27472527472527475,0.0,1.0,0.5,0.0,0.0,0.0,0.5959090909090909,0.19183358178614987,0.8407643312101911,0.023596525192260742,157,"['num_log1p_standard_scaler__L_BLOOD', 'num_log1p_standard_scaler__AST_BLOOD', 'num_log1p_standard_scaler__ROE', 'num_log1p_standard_scaler__K_BLOOD', 'num_standard_scaler__AGE', 'num_standard_scaler__S_AD_ORIT', 'num_standard_scaler__D_AD_ORIT', 'num_standard_scaler__NA_BLOOD', 'cat_nominal__IBS_POST_2.0', 'cat_ordinal__INF_ANAM', 'cat_ordinal__STENOK_AN', 'cat_ordinal__FK_STENOK', 'cat_ordinal__GB', 'cat_ordinal__DLIT_AG', 'cat_ordinal__TIME_B_S', 'cat_ordinal__ant_im', 'cat_ordinal__inf_im', 'cat_ordinal__post_im', 'cat_partial_ordinal__HF_right_line', 'cat_partial_ordinal__HF_left_line', 'cat_binary__nr_01', 'cat_binary__nr_02', 'cat_binary__nr_03', 'cat_binary__nr_07', 'cat_binary__nr_08', 'cat_binary__np_01', 'cat_binary__np_04', 'cat_binary__np_05', 'cat_binary__np_07', 'cat_binary__np_08', 'cat_binary__np_09', 'cat_binary__np_10', 'cat_binary__endocr_01', 'cat_binary__endocr_02', 'cat_binary__endocr_03', 'cat_binary__zab_leg_01', 'cat_binary__zab_leg_02', 'cat_binary__zab_leg_03', 'cat_binary__zab_leg_04', 'cat_binary__zab_leg_06', 'cat_binary__O_L_POST', 'cat_binary__K_SH_POST', 'cat_binary__MP_TP_POST', 'cat_binary__SVT_POST', 'cat_binary__GT_POST', 'cat_binary__FIB_G_POST', 'cat_binary__IM_PG_P', 'cat_binary__ritm_ecg_p_01', 'cat_binary__ritm_ecg_p_02', 'cat_binary__ritm_ecg_p_04', 'cat_binary__ritm_ecg_p_06', 'cat_binary__ritm_ecg_p_07', 'cat_binary__ritm_ecg_p_08', 'cat_binary__n_r_ecg_p_01', 'cat_binary__n_r_ecg_p_02', 'cat_binary__n_r_ecg_p_03', 'cat_binary__n_r_ecg_p_04', 'cat_binary__n_r_ecg_p_05', 'cat_binary__n_r_ecg_p_06', 'cat_binary__n_r_ecg_p_08', 'cat_binary__n_r_ecg_p_09', 'cat_binary__n_r_ecg_p_10', 'cat_binary__n_p_ecg_p_01', 'cat_binary__n_p_ecg_p_03', 'cat_binary__n_p_ecg_p_04', 'cat_binary__n_p_ecg_p_05', 'cat_binary__n_p_ecg_p_06', 'cat_binary__n_p_ecg_p_07', 'cat_binary__n_p_ecg_p_08', 'cat_binary__n_p_ecg_p_09', 'cat_binary__n_p_ecg_p_10', 'cat_binary__n_p_ecg_p_11', 'cat_binary__n_p_ecg_p_12', 'cat_binary__fibr_ter_01', 'cat_binary__fibr_ter_02', 'cat_binary__fibr_ter_03', 'cat_binary__fibr_ter_05', 'cat_binary__fibr_ter_06', 'cat_binary__fibr_ter_07', 'cat_binary__fibr_ter_08', 'cat_binary__GIPO_K', 'cat_binary__GIPER_NA', 'cat_binary__NITR_S', 'cat_binary__LID_S_n', 'cat_binary__B_BLOK_S_n', 'cat_binary__ANT_CA_S_n', 'cat_binary__GEPAR_S_n', 'cat_binary__ASP_S_n', 'cat_binary__TIKL_S_n', 'cat_binary__TRENT_S_n']"
smoteenn_auto__mec_fp1_fn10,10,8,DecisionTreeClassifier,generalization,25,0,132,0,0.1592356687898089,0.1592356687898089,1.0,0.27472527472527475,0.0,1.0,0.5,0.0,0.0,0.0,0.644090909090909,0.2744609673142,0.8407643312101911,0.02354907989501953,157,"['num_log1p_standard_scaler__L_BLOOD', 'num_log1p_standard_scaler__ALT_BLOOD', 'num_log1p_standard_scaler__ROE', 'num_log1p_standard_scaler__K_BLOOD', 'num_standard_scaler__AGE', 'num_standard_scaler__S_AD_ORIT', 'num_standard_scaler__D_AD_ORIT', 'num_standard_scaler__NA_BLOOD', 'cat_nominal__IBS_POST_0.0', 'cat_nominal__IBS_POST_2.0', 'cat_ordinal__STENOK_AN', 'cat_ordinal__FK_STENOK', 'cat_ordinal__GB', 'cat_ordinal__DLIT_AG', 'cat_ordinal__TIME_B_S', 'cat_ordinal__ant_im', 'cat_ordinal__lat_im', 'cat_partial_ordinal__HF_right_line', 'cat_binary__SEX', 'cat_binary__SIM_GIPERT', 'cat_binary__nr_01', 'cat_binary__nr_02', 'cat_binary__nr_03', 'cat_binary__nr_04', 'cat_binary__nr_07', 'cat_binary__nr_08', 'cat_binary__np_01', 'cat_binary__np_07', 'cat_binary__np_08', 'cat_binary__endocr_02', 'cat_binary__endocr_03', 'cat_binary__zab_leg_04', 'cat_binary__zab_leg_06', 'cat_binary__O_L_POST', 'cat_binary__K_SH_POST', 'cat_binary__SVT_POST', 'cat_binary__FIB_G_POST', 'cat_binary__ritm_ecg_p_01', 'cat_binary__ritm_ecg_p_02', 'cat_binary__ritm_ecg_p_07', 'cat_binary__ritm_ecg_p_08', 'cat_binary__n_r_ecg_p_01', 'cat_binary__n_r_ecg_p_03', 'cat_binary__n_r_ecg_p_08', 'cat_binary__n_r_ecg_p_10', 'cat_binary__n_p_ecg_p_03', 'cat_binary__n_p_ecg_p_06', 'cat_binary__n_p_ecg_p_07', 'cat_binary__n_p_ecg_p_08', 'cat_binary__n_p_ecg_p_09', 'cat_binary__n_p_ecg_p_10', 'cat_binary__n_p_ecg_p_11', 'cat_binary__n_p_ecg_p_12', 'cat_binary__fibr_ter_01', 'cat_binary__fibr_ter_02', 'cat_binary__fibr_ter_03', 'cat_binary__fibr_ter_05', 'cat_binary__fibr_ter_06', 'cat_binary__fibr_ter_07', 'cat_binary__fibr_ter_08', 'cat_binary__GIPO_K', 'cat_binary__GIPER_NA', 'cat_binary__NITR_S', 'cat_binary__LID_S_n', 'cat_binary__B_BLOK_S_n', 'cat_binary__ANT_CA_S_n', 'cat_binary__GEPAR_S_n', 'cat_binary__ASP_S_n', 'cat_binary__TIKL_S_n', 'cat_binary__TRENT_S_n']"
smoteenn_auto__mec_fp1_fn10,10,9,DecisionTreeClassifier,generalization,25,0,132,0,0.1592356687898089,0.1592356687898089,1.0,0.27472527472527475,0.0,1.0,0.5,0.0,0.0,0.0,0.6106060606060607,0.2806339567499629,0.8407643312101911,0.02343583106994629,157,"['num_log1p_standard_scaler__L_BLOOD', 'num_standard_scaler__AGE', 'num_standard_scaler__S_AD_ORIT', 'num_standard_scaler__D_AD_ORIT', 'cat_nominal__IBS_POST_2.0', 'cat_ordinal__INF_ANAM', 'cat_ordinal__TIME_B_S', 'cat_ordinal__ant_im', 'cat_ordinal__lat_im', 'cat_ordinal__inf_im', 'cat_ordinal__post_im', 'cat_partial_ordinal__HF_right_line', 'cat_binary__nr_03', 'cat_binary__nr_04', 'cat_binary__np_08', 'cat_binary__endocr_01', 'cat_binary__endocr_02', 'cat_binary__endocr_03', 'cat_binary__zab_leg_03', 'cat_binary__K_SH_POST', 'cat_binary__SVT_POST', 'cat_binary__GT_POST', 'cat_binary__IM_PG_P', 'cat_binary__ritm_ecg_p_01', 'cat_binary__ritm_ecg_p_07', 'cat_binary__n_r_ecg_p_01', 'cat_binary__n_r_ecg_p_05', 'cat_binary__n_p_ecg_p_01', 'cat_binary__n_p_ecg_p_03', 'cat_binary__GIPO_K', 'cat_binary__GIPER_NA', 'cat_binary__NITR_S', 'cat_binary__B_BLOK_S_n', 'cat_binary__ANT_CA_S_n', 'cat_binary__ASP_S_n']"
smoteenn_auto__mec_fp1_fn10,10,10,DecisionTreeClassifier,generalization,25,0,132,0,0.1592356687898089,0.1592356687898089,1.0,0.27472527472527475,0.0,1.0,0.5,0.0,0.0,0.0,0.6813636363636363,0.2354777070063694,0.8407643312101911,0.02281785011291504,157,"['num_log1p_standard_scaler__L_BLOOD', 'num_log1p_standard_scaler__ROE', 'num_standard_scaler__AGE', 'num_standard_scaler__S_AD_ORIT', 'num_standard_scaler__D_AD_ORIT', 'num_standard_scaler__NA_BLOOD', 'cat_nominal__IBS_POST_2.0', 'cat_ordinal__INF_ANAM', 'cat_ordinal__FK_STENOK', 'cat_ordinal__GB', 'cat_ordinal__DLIT_AG', 'cat_ordinal__TIME_B_S', 'cat_ordinal__lat_im', 'cat_ordinal__post_im', 'cat_partial_ordinal__HF_left_line', 'cat_binary__nr_11', 'cat_binary__nr_04', 'cat_binary__nr_07', 'cat_binary__np_01', 'cat_binary__np_05', 'cat_binary__np_10', 'cat_binary__endocr_01', 'cat_binary__zab_leg_01', 'cat_binary__O_L_POST', 'cat_binary__K_SH_POST', 'cat_binary__GT_POST', 'cat_binary__IM_PG_P', 'cat_binary__ritm_ecg_p_01', 'cat_binary__ritm_ecg_p_04', 'cat_binary__ritm_ecg_p_06', 'cat_binary__ritm_ecg_p_07', 'cat_binary__n_r_ecg_p_03', 'cat_binary__n_p_ecg_p_01', 'cat_binary__n_p_ecg_p_04', 'cat_binary__fibr_ter_01', 'cat_binary__fibr_ter_05', 'cat_binary__NITR_S', 'cat_binary__ANT_CA_S_n', 'cat_binary__GEPAR_S_n', 'cat_binary__ASP_S_n']"
