experiment_name,iteration,fold,model,split,tp,tn,fp,fn,accuracy,precision,recall,f1,specificity,fpr,balanced_accuracy,geometric_mean,mcc,kappa,roc_auc,average_precision,average_cost,score_time,fold_size,selected_features_names
csl_fp1_fn10__standard,1,1,RandomForestClassifier,generalization,24,60,73,1,0.5316455696202531,0.24742268041237114,0.96,0.39344262295081966,0.45112781954887216,0.5488721804511278,0.7055639097744361,0.6580901965284981,0.308192385993558,0.1895189241647025,0.7858646616541354,0.4405912031676288,0.5253164556962026,0.11611676216125488,158,"['num_log1p_standard_scaler__L_BLOOD', 'num_log1p_standard_scaler__AST_BLOOD', 'num_log1p_standard_scaler__ROE', 'num_standard_scaler__AGE', 'num_standard_scaler__S_AD_ORIT', 'num_standard_scaler__D_AD_ORIT', 'cat_nominal__IBS_POST_1.0', 'cat_ordinal__FK_STENOK', 'cat_ordinal__TIME_B_S', 'cat_ordinal__ant_im', 'cat_ordinal__inf_im', 'cat_partial_ordinal__HF_right_line', 'cat_binary__nr_07', 'cat_binary__np_07', 'cat_binary__zab_leg_01', 'cat_binary__zab_leg_02', 'cat_binary__zab_leg_03', 'cat_binary__K_SH_POST', 'cat_binary__ritm_ecg_p_01', 'cat_binary__n_p_ecg_p_03', 'cat_binary__n_p_ecg_p_07', 'cat_binary__fibr_ter_05', 'cat_binary__NITR_S', 'cat_binary__ASP_S_n', 'cat_binary__TIKL_S_n']"
csl_fp1_fn10__standard,1,2,RandomForestClassifier,generalization,24,48,84,2,0.45569620253164556,0.2222222222222222,0.9230769230769231,0.3582089552238806,0.36363636363636365,0.6363636363636364,0.6433566433566433,0.5793654595023211,0.2285728160686048,0.12651067112368208,0.7922494172494173,0.5839301697704915,0.6582278481012658,0.0923304557800293,158,"['num_log1p_standard_scaler__L_BLOOD', 'num_log1p_standard_scaler__AST_BLOOD', 'num_standard_scaler__AGE', 'num_standard_scaler__S_AD_ORIT', 'num_standard_scaler__D_AD_ORIT', 'num_standard_scaler__NA_BLOOD', 'cat_nominal__IBS_POST_0.0', 'cat_ordinal__INF_ANAM', 'cat_ordinal__STENOK_AN', 'cat_ordinal__FK_STENOK', 'cat_ordinal__GB', 'cat_ordinal__TIME_B_S', 'cat_ordinal__ant_im', 'cat_ordinal__lat_im', 'cat_ordinal__inf_im', 'cat_partial_ordinal__HF_right_line', 'cat_partial_ordinal__HF_left_line', 'cat_binary__SEX', 'cat_binary__nr_02', 'cat_binary__nr_03', 'cat_binary__nr_04', 'cat_binary__np_07', 'cat_binary__np_10', 'cat_binary__endocr_01', 'cat_binary__endocr_02', 'cat_binary__O_L_POST', 'cat_binary__K_SH_POST', 'cat_binary__MP_TP_POST', 'cat_binary__GT_POST', 'cat_binary__FIB_G_POST', 'cat_binary__IM_PG_P', 'cat_binary__ritm_ecg_p_01', 'cat_binary__ritm_ecg_p_04', 'cat_binary__ritm_ecg_p_06', 'cat_binary__ritm_ecg_p_07', 'cat_binary__n_r_ecg_p_03', 'cat_binary__n_r_ecg_p_04', 'cat_binary__n_r_ecg_p_05', 'cat_binary__n_r_ecg_p_06', 'cat_binary__n_r_ecg_p_08', 'cat_binary__n_r_ecg_p_09', 'cat_binary__n_p_ecg_p_06', 'cat_binary__n_p_ecg_p_09', 'cat_binary__n_p_ecg_p_10', 'cat_binary__n_p_ecg_p_12', 'cat_binary__fibr_ter_03', 'cat_binary__fibr_ter_07', 'cat_binary__fibr_ter_08', 'cat_binary__NITR_S', 'cat_binary__LID_S_n', 'cat_binary__B_BLOK_S_n', 'cat_binary__ANT_CA_S_n', 'cat_binary__GEPAR_S_n', 'cat_binary__ASP_S_n', 'cat_binary__TRENT_S_n']"
csl_fp1_fn10__standard,1,3,RandomForestClassifier,generalization,25,42,90,0,0.4267515923566879,0.21739130434782608,1.0,0.35714285714285715,0.3181818181818182,0.6818181818181819,0.6590909090909091,0.5640760748177662,0.26300182599044497,0.12939001848428844,0.8778787878787878,0.5736816916380105,0.5732484076433121,0.1345994472503662,157,"['num_log1p_standard_scaler__L_BLOOD', 'num_standard_scaler__AGE', 'num_standard_scaler__S_AD_ORIT', 'num_standard_scaler__D_AD_ORIT', 'num_standard_scaler__NA_BLOOD', 'cat_ordinal__INF_ANAM', 'cat_ordinal__TIME_B_S', 'cat_partial_ordinal__HF_right_line', 'cat_binary__nr_02', 'cat_binary__O_L_POST', 'cat_binary__K_SH_POST', 'cat_binary__SVT_POST', 'cat_binary__ritm_ecg_p_01', 'cat_binary__n_r_ecg_p_01', 'cat_binary__n_r_ecg_p_04']"
csl_fp1_fn10__standard,1,4,RandomForestClassifier,generalization,25,41,91,0,0.42038216560509556,0.21551724137931033,1.0,0.3546099290780142,0.3106060606060606,0.6893939393939394,0.6553030303030303,0.5573204290227127,0.25872951385088067,0.12548203464528362,0.8845454545454545,0.5359080132277123,0.5796178343949044,0.05477023124694824,157,"['num_log1p_standard_scaler__L_BLOOD', 'num_log1p_standard_scaler__ROE', 'num_log1p_standard_scaler__K_BLOOD', 'num_standard_scaler__AGE', 'num_standard_scaler__S_AD_ORIT', 'num_standard_scaler__D_AD_ORIT', 'num_standard_scaler__NA_BLOOD', 'cat_nominal__IBS_POST_0.0', 'cat_nominal__IBS_POST_1.0', 'cat_ordinal__INF_ANAM', 'cat_ordinal__STENOK_AN', 'cat_ordinal__FK_STENOK', 'cat_ordinal__DLIT_AG', 'cat_ordinal__TIME_B_S', 'cat_ordinal__ant_im', 'cat_ordinal__lat_im', 'cat_ordinal__inf_im', 'cat_partial_ordinal__HF_right_line', 'cat_binary__SEX', 'cat_binary__nr_01', 'cat_binary__nr_02', 'cat_binary__nr_03', 'cat_binary__nr_04', 'cat_binary__nr_07', 'cat_binary__nr_08', 'cat_binary__np_01', 'cat_binary__np_04', 'cat_binary__np_05', 'cat_binary__np_07', 'cat_binary__np_08', 'cat_binary__np_09', 'cat_binary__np_10', 'cat_binary__endocr_01', 'cat_binary__endocr_02', 'cat_binary__endocr_03', 'cat_binary__zab_leg_01', 'cat_binary__zab_leg_02', 'cat_binary__zab_leg_03', 'cat_binary__zab_leg_04', 'cat_binary__zab_leg_06', 'cat_binary__O_L_POST', 'cat_binary__K_SH_POST', 'cat_binary__MP_TP_POST', 'cat_binary__SVT_POST', 'cat_binary__GT_POST', 'cat_binary__FIB_G_POST', 'cat_binary__IM_PG_P', 'cat_binary__ritm_ecg_p_01', 'cat_binary__ritm_ecg_p_02', 'cat_binary__ritm_ecg_p_04', 'cat_binary__ritm_ecg_p_06', 'cat_binary__ritm_ecg_p_07', 'cat_binary__ritm_ecg_p_08', 'cat_binary__n_r_ecg_p_01', 'cat_binary__n_r_ecg_p_02', 'cat_binary__n_r_ecg_p_03', 'cat_binary__n_r_ecg_p_04', 'cat_binary__n_r_ecg_p_05', 'cat_binary__n_r_ecg_p_06', 'cat_binary__n_r_ecg_p_08', 'cat_binary__n_r_ecg_p_09', 'cat_binary__n_r_ecg_p_10', 'cat_binary__n_p_ecg_p_01', 'cat_binary__n_p_ecg_p_03', 'cat_binary__n_p_ecg_p_04', 'cat_binary__n_p_ecg_p_05', 'cat_binary__n_p_ecg_p_06', 'cat_binary__n_p_ecg_p_07', 'cat_binary__n_p_ecg_p_08', 'cat_binary__n_p_ecg_p_09', 'cat_binary__n_p_ecg_p_10', 'cat_binary__n_p_ecg_p_11', 'cat_binary__n_p_ecg_p_12', 'cat_binary__fibr_ter_01', 'cat_binary__fibr_ter_02', 'cat_binary__fibr_ter_03', 'cat_binary__fibr_ter_05', 'cat_binary__fibr_ter_06', 'cat_binary__fibr_ter_07', 'cat_binary__fibr_ter_08', 'cat_binary__GIPO_K', 'cat_binary__GIPER_NA', 'cat_binary__NITR_S', 'cat_binary__LID_S_n', 'cat_binary__B_BLOK_S_n', 'cat_binary__ANT_CA_S_n', 'cat_binary__GEPAR_S_n', 'cat_binary__ASP_S_n', 'cat_binary__TIKL_S_n', 'cat_binary__TRENT_S_n']"
csl_fp1_fn10__standard,1,5,RandomForestClassifier,generalization,21,61,71,4,0.5222929936305732,0.22826086956521738,0.84,0.358974358974359,0.4621212121212121,0.5378787878787878,0.651060606060606,0.6230423887520159,0.22443345561838768,0.14481806957658494,0.7690909090909092,0.5356424943808515,0.7070063694267515,0.1037905216217041,157,"['num_log1p_standard_scaler__L_BLOOD', 'num_log1p_standard_scaler__ROE', 'num_log1p_standard_scaler__K_BLOOD', 'num_standard_scaler__AGE', 'num_standard_scaler__S_AD_ORIT', 'num_standard_scaler__D_AD_ORIT', 'num_standard_scaler__NA_BLOOD', 'cat_ordinal__INF_ANAM', 'cat_ordinal__FK_STENOK', 'cat_ordinal__DLIT_AG', 'cat_ordinal__TIME_B_S', 'cat_ordinal__ant_im', 'cat_binary__np_04', 'cat_binary__K_SH_POST', 'cat_binary__MP_TP_POST', 'cat_binary__ritm_ecg_p_01', 'cat_binary__n_r_ecg_p_05', 'cat_binary__n_p_ecg_p_03', 'cat_binary__n_p_ecg_p_07', 'cat_binary__NITR_S']"
csl_fp1_fn10__standard,1,6,RandomForestClassifier,generalization,25,19,113,0,0.2802547770700637,0.18115942028985507,1.0,0.3067484662576687,0.14393939393939395,0.8560606060606061,0.571969696969697,0.37939345531966406,0.16148057828399576,0.050826601037932795,0.8806060606060606,0.725805664903062,0.7197452229299363,0.11147904396057129,157,"['num_log1p_standard_scaler__L_BLOOD', 'num_log1p_standard_scaler__ALT_BLOOD', 'num_log1p_standard_scaler__AST_BLOOD', 'num_log1p_standard_scaler__ROE', 'num_standard_scaler__AGE', 'num_standard_scaler__S_AD_ORIT', 'num_standard_scaler__D_AD_ORIT', 'num_standard_scaler__NA_BLOOD', 'cat_nominal__IBS_POST_1.0', 'cat_nominal__IBS_POST_2.0', 'cat_ordinal__STENOK_AN', 'cat_ordinal__FK_STENOK', 'cat_ordinal__GB', 'cat_ordinal__TIME_B_S', 'cat_ordinal__ant_im', 'cat_partial_ordinal__HF_right_line', 'cat_partial_ordinal__HF_left_line', 'cat_binary__SEX', 'cat_binary__SIM_GIPERT', 'cat_binary__nr_02', 'cat_binary__nr_03', 'cat_binary__nr_07', 'cat_binary__np_08', 'cat_binary__np_09', 'cat_binary__np_10', 'cat_binary__endocr_01', 'cat_binary__endocr_02', 'cat_binary__zab_leg_02', 'cat_binary__zab_leg_06', 'cat_binary__O_L_POST', 'cat_binary__K_SH_POST', 'cat_binary__MP_TP_POST', 'cat_binary__SVT_POST', 'cat_binary__GT_POST', 'cat_binary__ritm_ecg_p_01', 'cat_binary__ritm_ecg_p_04', 'cat_binary__ritm_ecg_p_06', 'cat_binary__ritm_ecg_p_07', 'cat_binary__ritm_ecg_p_08', 'cat_binary__n_r_ecg_p_01', 'cat_binary__n_r_ecg_p_05', 'cat_binary__n_p_ecg_p_01', 'cat_binary__n_p_ecg_p_03', 'cat_binary__n_p_ecg_p_05', 'cat_binary__n_p_ecg_p_06', 'cat_binary__n_p_ecg_p_07', 'cat_binary__n_p_ecg_p_08', 'cat_binary__n_p_ecg_p_10', 'cat_binary__n_p_ecg_p_12', 'cat_binary__fibr_ter_02', 'cat_binary__fibr_ter_03', 'cat_binary__fibr_ter_05', 'cat_binary__fibr_ter_06', 'cat_binary__fibr_ter_07', 'cat_binary__fibr_ter_08', 'cat_binary__GIPO_K', 'cat_binary__GIPER_NA', 'cat_binary__NITR_S', 'cat_binary__LID_S_n', 'cat_binary__B_BLOK_S_n', 'cat_binary__ANT_CA_S_n', 'cat_binary__GEPAR_S_n', 'cat_binary__ASP_S_n', 'cat_binary__TIKL_S_n', 'cat_binary__TRENT_S_n']"
csl_fp1_fn10__standard,1,7,RandomForestClassifier,generalization,24,55,77,1,0.5031847133757962,0.2376237623762376,0.96,0.38095238095238093,0.4166666666666667,0.5833333333333333,0.6883333333333334,0.6324555320336759,0.28771298201308027,0.16874830301384747,0.9,0.7577712779761488,0.554140127388535,0.13965940475463867,157,"['num_log1p_standard_scaler__L_BLOOD', 'num_log1p_standard_scaler__ROE', 'num_log1p_standard_scaler__K_BLOOD', 'num_standard_scaler__AGE', 'num_standard_scaler__S_AD_ORIT', 'num_standard_scaler__D_AD_ORIT', 'cat_nominal__IBS_POST_0.0', 'cat_nominal__IBS_POST_1.0', 'cat_ordinal__INF_ANAM', 'cat_ordinal__STENOK_AN', 'cat_ordinal__FK_STENOK', 'cat_ordinal__DLIT_AG', 'cat_ordinal__TIME_B_S', 'cat_ordinal__ant_im', 'cat_ordinal__inf_im', 'cat_partial_ordinal__HF_right_line', 'cat_binary__SIM_GIPERT', 'cat_binary__nr_03', 'cat_binary__nr_04', 'cat_binary__np_01', 'cat_binary__np_04', 'cat_binary__np_07', 'cat_binary__np_09', 'cat_binary__np_10', 'cat_binary__endocr_01', 'cat_binary__endocr_02', 'cat_binary__endocr_03', 'cat_binary__zab_leg_02', 'cat_binary__K_SH_POST', 'cat_binary__MP_TP_POST', 'cat_binary__GT_POST', 'cat_binary__IM_PG_P', 'cat_binary__ritm_ecg_p_01', 'cat_binary__ritm_ecg_p_02', 'cat_binary__ritm_ecg_p_04', 'cat_binary__ritm_ecg_p_07', 'cat_binary__ritm_ecg_p_08', 'cat_binary__n_r_ecg_p_05', 'cat_binary__n_r_ecg_p_06', 'cat_binary__n_r_ecg_p_10', 'cat_binary__n_p_ecg_p_03', 'cat_binary__n_p_ecg_p_04', 'cat_binary__n_p_ecg_p_08', 'cat_binary__n_p_ecg_p_10', 'cat_binary__n_p_ecg_p_12', 'cat_binary__fibr_ter_02', 'cat_binary__fibr_ter_05', 'cat_binary__fibr_ter_07', 'cat_binary__fibr_ter_08', 'cat_binary__GIPER_NA', 'cat_binary__NITR_S', 'cat_binary__LID_S_n', 'cat_binary__B_BLOK_S_n', 'cat_binary__ANT_CA_S_n', 'cat_binary__ASP_S_n']"
csl_fp1_fn10__standard,1,8,RandomForestClassifier,generalization,25,23,109,0,0.3057324840764331,0.1865671641791045,1.0,0.31446540880503143,0.17424242424242425,0.8257575757575757,0.5871212121212122,0.4174235549683609,0.18029951461554616,0.0629688441110442,0.8733333333333333,0.6946960285241982,0.6942675159235668,0.11658024787902832,157,"['num_log1p_standard_scaler__L_BLOOD', 'num_log1p_standard_scaler__AST_BLOOD', 'num_log1p_standard_scaler__ROE', 'num_log1p_standard_scaler__K_BLOOD', 'num_standard_scaler__AGE', 'num_standard_scaler__S_AD_ORIT', 'num_standard_scaler__D_AD_ORIT', 'num_standard_scaler__NA_BLOOD', 'cat_nominal__IBS_POST_0.0', 'cat_nominal__IBS_POST_1.0', 'cat_nominal__IBS_POST_2.0', 'cat_ordinal__FK_STENOK', 'cat_ordinal__TIME_B_S', 'cat_ordinal__ant_im', 'cat_ordinal__inf_im', 'cat_ordinal__post_im', 'cat_partial_ordinal__HF_right_line', 'cat_partial_ordinal__HF_left_line', 'cat_binary__SEX', 'cat_binary__nr_11', 'cat_binary__nr_03', 'cat_binary__nr_07', 'cat_binary__np_01', 'cat_binary__np_04', 'cat_binary__np_07', 'cat_binary__endocr_02', 'cat_binary__zab_leg_01', 'cat_binary__zab_leg_02', 'cat_binary__zab_leg_04', 'cat_binary__zab_leg_06', 'cat_binary__O_L_POST', 'cat_binary__K_SH_POST', 'cat_binary__MP_TP_POST', 'cat_binary__SVT_POST', 'cat_binary__FIB_G_POST', 'cat_binary__IM_PG_P', 'cat_binary__ritm_ecg_p_01', 'cat_binary__ritm_ecg_p_04', 'cat_binary__ritm_ecg_p_07', 'cat_binary__n_r_ecg_p_02', 'cat_binary__n_r_ecg_p_08', 'cat_binary__n_r_ecg_p_09', 'cat_binary__n_p_ecg_p_01', 'cat_binary__n_p_ecg_p_03', 'cat_binary__n_p_ecg_p_04', 'cat_binary__n_p_ecg_p_05', 'cat_binary__n_p_ecg_p_06', 'cat_binary__n_p_ecg_p_07', 'cat_binary__n_p_ecg_p_08', 'cat_binary__n_p_ecg_p_09', 'cat_binary__n_p_ecg_p_10', 'cat_binary__n_p_ecg_p_11', 'cat_binary__n_p_ecg_p_12', 'cat_binary__fibr_ter_01', 'cat_binary__fibr_ter_02', 'cat_binary__fibr_ter_03', 'cat_binary__fibr_ter_05', 'cat_binary__fibr_ter_06', 'cat_binary__fibr_ter_07', 'cat_binary__fibr_ter_08', 'cat_binary__GIPO_K', 'cat_binary__GIPER_NA', 'cat_binary__NITR_S', 'cat_binary__LID_S_n', 'cat_binary__B_BLOK_S_n', 'cat_binary__ANT_CA_S_n', 'cat_binary__GEPAR_S_n', 'cat_binary__ASP_S_n', 'cat_binary__TIKL_S_n', 'cat_binary__TRENT_S_n']"
csl_fp1_fn10__standard,1,9,RandomForestClassifier,generalization,22,73,59,3,0.6050955414012739,0.2716049382716049,0.88,0.41509433962264153,0.553030303030303,0.446969696969697,0.7165151515151515,0.697614984548545,0.31704868283730997,0.22696950444726816,0.8136363636363637,0.501159077180151,0.5668789808917197,0.06170010566711426,157,"['num_log1p_standard_scaler__L_BLOOD', 'num_log1p_standard_scaler__K_BLOOD', 'num_standard_scaler__AGE', 'num_standard_scaler__S_AD_ORIT', 'num_standard_scaler__D_AD_ORIT', 'num_standard_scaler__NA_BLOOD', 'cat_nominal__IBS_POST_2.0', 'cat_ordinal__STENOK_AN', 'cat_ordinal__FK_STENOK', 'cat_ordinal__GB', 'cat_ordinal__DLIT_AG', 'cat_ordinal__TIME_B_S', 'cat_ordinal__ant_im', 'cat_ordinal__lat_im', 'cat_ordinal__inf_im', 'cat_partial_ordinal__HF_right_line', 'cat_binary__SEX', 'cat_binary__nr_11', 'cat_binary__nr_08', 'cat_binary__zab_leg_01', 'cat_binary__zab_leg_02', 'cat_binary__O_L_POST', 'cat_binary__K_SH_POST', 'cat_binary__IM_PG_P', 'cat_binary__ritm_ecg_p_01', 'cat_binary__ritm_ecg_p_07', 'cat_binary__n_r_ecg_p_01', 'cat_binary__n_r_ecg_p_05', 'cat_binary__n_r_ecg_p_09', 'cat_binary__n_r_ecg_p_10', 'cat_binary__n_p_ecg_p_03', 'cat_binary__n_p_ecg_p_06', 'cat_binary__n_p_ecg_p_09', 'cat_binary__n_p_ecg_p_12', 'cat_binary__fibr_ter_02', 'cat_binary__NITR_S', 'cat_binary__ANT_CA_S_n', 'cat_binary__GEPAR_S_n', 'cat_binary__ASP_S_n', 'cat_binary__TIKL_S_n']"
csl_fp1_fn10__standard,1,10,RandomForestClassifier,generalization,22,63,69,3,0.5414012738853503,0.24175824175824176,0.88,0.3793103448275862,0.4772727272727273,0.5227272727272727,0.6786363636363637,0.6480740698407861,0.264828164952557,0.17259552042160742,0.8133333333333332,0.5790677286361758,0.6305732484076433,0.1409778594970703,157,"['num_log1p_standard_scaler__L_BLOOD', 'num_log1p_standard_scaler__AST_BLOOD', 'num_standard_scaler__AGE', 'num_standard_scaler__S_AD_ORIT', 'num_standard_scaler__D_AD_ORIT', 'num_standard_scaler__NA_BLOOD', 'cat_nominal__IBS_POST_0.0', 'cat_nominal__IBS_POST_2.0', 'cat_ordinal__INF_ANAM', 'cat_ordinal__STENOK_AN', 'cat_ordinal__FK_STENOK', 'cat_ordinal__GB', 'cat_ordinal__DLIT_AG', 'cat_ordinal__TIME_B_S', 'cat_ordinal__ant_im', 'cat_ordinal__lat_im', 'cat_ordinal__inf_im', 'cat_partial_ordinal__HF_right_line', 'cat_partial_ordinal__HF_left_line', 'cat_binary__SEX', 'cat_binary__nr_11', 'cat_binary__nr_03', 'cat_binary__nr_04', 'cat_binary__np_05', 'cat_binary__np_08', 'cat_binary__endocr_01', 'cat_binary__endocr_02', 'cat_binary__endocr_03', 'cat_binary__zab_leg_01', 'cat_binary__zab_leg_02', 'cat_binary__zab_leg_04', 'cat_binary__K_SH_POST', 'cat_binary__FIB_G_POST', 'cat_binary__IM_PG_P', 'cat_binary__ritm_ecg_p_01', 'cat_binary__ritm_ecg_p_02', 'cat_binary__ritm_ecg_p_04', 'cat_binary__ritm_ecg_p_06', 'cat_binary__ritm_ecg_p_07', 'cat_binary__n_r_ecg_p_01', 'cat_binary__n_r_ecg_p_03', 'cat_binary__n_r_ecg_p_04', 'cat_binary__n_r_ecg_p_05', 'cat_binary__n_r_ecg_p_06', 'cat_binary__n_r_ecg_p_08', 'cat_binary__n_r_ecg_p_09', 'cat_binary__n_r_ecg_p_10', 'cat_binary__n_p_ecg_p_01', 'cat_binary__n_p_ecg_p_03', 'cat_binary__n_p_ecg_p_04', 'cat_binary__n_p_ecg_p_05', 'cat_binary__n_p_ecg_p_06', 'cat_binary__n_p_ecg_p_07', 'cat_binary__n_p_ecg_p_08', 'cat_binary__n_p_ecg_p_09', 'cat_binary__n_p_ecg_p_10', 'cat_binary__n_p_ecg_p_11', 'cat_binary__n_p_ecg_p_12', 'cat_binary__fibr_ter_01', 'cat_binary__fibr_ter_02', 'cat_binary__fibr_ter_03', 'cat_binary__fibr_ter_05', 'cat_binary__fibr_ter_06', 'cat_binary__fibr_ter_07', 'cat_binary__fibr_ter_08', 'cat_binary__GIPO_K', 'cat_binary__GIPER_NA', 'cat_binary__NITR_S', 'cat_binary__LID_S_n', 'cat_binary__B_BLOK_S_n', 'cat_binary__ANT_CA_S_n', 'cat_binary__GEPAR_S_n', 'cat_binary__ASP_S_n', 'cat_binary__TIKL_S_n', 'cat_binary__TRENT_S_n']"
csl_fp1_fn10__standard,2,1,RandomForestClassifier,generalization,24,52,81,1,0.4810126582278481,0.22857142857142856,0.96,0.36923076923076925,0.39097744360902253,0.6090225563909775,0.6754887218045112,0.6126486316516684,0.27129541051206696,0.1526487900588619,0.8604511278195488,0.6401051573517619,0.5759493670886076,0.0742490291595459,158,"['num_log1p_standard_scaler__L_BLOOD', 'num_log1p_standard_scaler__K_BLOOD', 'num_standard_scaler__AGE', 'num_standard_scaler__S_AD_ORIT', 'num_standard_scaler__D_AD_ORIT', 'num_standard_scaler__NA_BLOOD', 'cat_nominal__IBS_POST_1.0', 'cat_nominal__IBS_POST_2.0', 'cat_ordinal__INF_ANAM', 'cat_ordinal__STENOK_AN', 'cat_ordinal__GB', 'cat_ordinal__DLIT_AG', 'cat_ordinal__TIME_B_S', 'cat_ordinal__ant_im', 'cat_ordinal__post_im', 'cat_binary__SIM_GIPERT', 'cat_binary__nr_11', 'cat_binary__nr_04', 'cat_binary__nr_07', 'cat_binary__np_05', 'cat_binary__np_09', 'cat_binary__np_10', 'cat_binary__zab_leg_01', 'cat_binary__zab_leg_02', 'cat_binary__zab_leg_04', 'cat_binary__O_L_POST', 'cat_binary__K_SH_POST', 'cat_binary__MP_TP_POST', 'cat_binary__SVT_POST', 'cat_binary__IM_PG_P', 'cat_binary__ritm_ecg_p_01', 'cat_binary__ritm_ecg_p_06', 'cat_binary__n_r_ecg_p_04', 'cat_binary__n_r_ecg_p_05', 'cat_binary__n_r_ecg_p_10', 'cat_binary__n_p_ecg_p_04', 'cat_binary__n_p_ecg_p_12', 'cat_binary__fibr_ter_03', 'cat_binary__fibr_ter_05', 'cat_binary__GIPO_K', 'cat_binary__GIPER_NA', 'cat_binary__NITR_S', 'cat_binary__LID_S_n', 'cat_binary__ANT_CA_S_n', 'cat_binary__ASP_S_n']"
csl_fp1_fn10__standard,2,2,RandomForestClassifier,generalization,25,63,69,1,0.5569620253164557,0.26595744680851063,0.9615384615384616,0.4166666666666667,0.4772727272727273,0.5227272727272727,0.7194055944055944,0.6774334534964184,0.33143427490538185,0.21404206935758952,0.8251748251748252,0.43184744684137266,0.5,0.05467629432678223,158,"['num_log1p_standard_scaler__L_BLOOD', 'num_log1p_standard_scaler__ALT_BLOOD', 'num_log1p_standard_scaler__AST_BLOOD', 'num_log1p_standard_scaler__ROE', 'num_standard_scaler__AGE', 'num_standard_scaler__S_AD_ORIT', 'num_standard_scaler__D_AD_ORIT', 'num_standard_scaler__NA_BLOOD', 'cat_nominal__IBS_POST_2.0', 'cat_ordinal__INF_ANAM', 'cat_ordinal__STENOK_AN', 'cat_ordinal__FK_STENOK', 'cat_ordinal__GB', 'cat_ordinal__DLIT_AG', 'cat_ordinal__TIME_B_S', 'cat_ordinal__ant_im', 'cat_ordinal__lat_im', 'cat_ordinal__inf_im', 'cat_partial_ordinal__HF_right_line', 'cat_partial_ordinal__HF_left_line', 'cat_binary__SEX', 'cat_binary__nr_11', 'cat_binary__nr_04', 'cat_binary__np_01', 'cat_binary__np_05', 'cat_binary__np_09', 'cat_binary__np_10', 'cat_binary__endocr_01', 'cat_binary__zab_leg_01', 'cat_binary__zab_leg_04', 'cat_binary__O_L_POST', 'cat_binary__K_SH_POST', 'cat_binary__MP_TP_POST', 'cat_binary__SVT_POST', 'cat_binary__GT_POST', 'cat_binary__IM_PG_P', 'cat_binary__ritm_ecg_p_01', 'cat_binary__ritm_ecg_p_02', 'cat_binary__ritm_ecg_p_04', 'cat_binary__ritm_ecg_p_08', 'cat_binary__n_r_ecg_p_02', 'cat_binary__n_r_ecg_p_04', 'cat_binary__n_r_ecg_p_05', 'cat_binary__n_r_ecg_p_06', 'cat_binary__n_r_ecg_p_08', 'cat_binary__n_r_ecg_p_09', 'cat_binary__n_r_ecg_p_10', 'cat_binary__n_p_ecg_p_01', 'cat_binary__n_p_ecg_p_03', 'cat_binary__n_p_ecg_p_04', 'cat_binary__n_p_ecg_p_05', 'cat_binary__n_p_ecg_p_06', 'cat_binary__n_p_ecg_p_07', 'cat_binary__n_p_ecg_p_08', 'cat_binary__n_p_ecg_p_09', 'cat_binary__n_p_ecg_p_10', 'cat_binary__n_p_ecg_p_11', 'cat_binary__n_p_ecg_p_12', 'cat_binary__fibr_ter_01', 'cat_binary__fibr_ter_02', 'cat_binary__fibr_ter_03', 'cat_binary__fibr_ter_05', 'cat_binary__fibr_ter_06', 'cat_binary__fibr_ter_07', 'cat_binary__fibr_ter_08', 'cat_binary__GIPO_K', 'cat_binary__GIPER_NA', 'cat_binary__NITR_S', 'cat_binary__LID_S_n', 'cat_binary__B_BLOK_S_n', 'cat_binary__ANT_CA_S_n', 'cat_binary__GEPAR_S_n', 'cat_binary__ASP_S_n', 'cat_binary__TIKL_S_n', 'cat_binary__TRENT_S_n']"
csl_fp1_fn10__standard,2,3,RandomForestClassifier,generalization,21,90,42,4,0.7070063694267515,0.3333333333333333,0.84,0.4772727272727273,0.6818181818181818,0.31818181818181823,0.7609090909090909,0.7567874686642695,0.38953095502906354,0.3228951809488093,0.8469696969696969,0.5785502882554809,0.5222929936305732,0.09389567375183105,157,"['num_log1p_standard_scaler__L_BLOOD', 'num_log1p_standard_scaler__AST_BLOOD', 'num_log1p_standard_scaler__ROE', 'num_standard_scaler__AGE', 'num_standard_scaler__S_AD_ORIT', 'num_standard_scaler__D_AD_ORIT', 'num_standard_scaler__NA_BLOOD', 'cat_nominal__IBS_POST_0.0', 'cat_nominal__IBS_POST_2.0', 'cat_ordinal__INF_ANAM', 'cat_ordinal__STENOK_AN', 'cat_ordinal__FK_STENOK', 'cat_ordinal__GB', 'cat_ordinal__DLIT_AG', 'cat_ordinal__TIME_B_S', 'cat_ordinal__ant_im', 'cat_ordinal__inf_im', 'cat_partial_ordinal__HF_right_line', 'cat_partial_ordinal__HF_left_line', 'cat_binary__SEX', 'cat_binary__nr_11', 'cat_binary__nr_02', 'cat_binary__nr_04', 'cat_binary__nr_07', 'cat_binary__nr_08', 'cat_binary__np_08', 'cat_binary__np_09', 'cat_binary__endocr_01', 'cat_binary__endocr_02', 'cat_binary__endocr_03', 'cat_binary__zab_leg_01', 'cat_binary__zab_leg_02', 'cat_binary__zab_leg_03', 'cat_binary__zab_leg_04', 'cat_binary__zab_leg_06', 'cat_binary__O_L_POST', 'cat_binary__K_SH_POST', 'cat_binary__MP_TP_POST', 'cat_binary__SVT_POST', 'cat_binary__GT_POST', 'cat_binary__FIB_G_POST', 'cat_binary__IM_PG_P', 'cat_binary__ritm_ecg_p_01', 'cat_binary__ritm_ecg_p_02', 'cat_binary__ritm_ecg_p_04', 'cat_binary__ritm_ecg_p_06', 'cat_binary__ritm_ecg_p_07', 'cat_binary__ritm_ecg_p_08', 'cat_binary__n_r_ecg_p_01', 'cat_binary__n_r_ecg_p_02', 'cat_binary__n_r_ecg_p_03', 'cat_binary__n_r_ecg_p_04', 'cat_binary__n_r_ecg_p_05', 'cat_binary__n_r_ecg_p_06', 'cat_binary__n_r_ecg_p_08', 'cat_binary__n_r_ecg_p_09', 'cat_binary__n_r_ecg_p_10', 'cat_binary__n_p_ecg_p_01', 'cat_binary__n_p_ecg_p_03', 'cat_binary__n_p_ecg_p_04', 'cat_binary__n_p_ecg_p_05', 'cat_binary__n_p_ecg_p_06', 'cat_binary__n_p_ecg_p_07', 'cat_binary__n_p_ecg_p_08', 'cat_binary__n_p_ecg_p_09', 'cat_binary__n_p_ecg_p_10', 'cat_binary__n_p_ecg_p_11', 'cat_binary__n_p_ecg_p_12', 'cat_binary__fibr_ter_01', 'cat_binary__fibr_ter_02', 'cat_binary__fibr_ter_03', 'cat_binary__fibr_ter_05', 'cat_binary__fibr_ter_06', 'cat_binary__fibr_ter_07', 'cat_binary__fibr_ter_08', 'cat_binary__GIPO_K', 'cat_binary__GIPER_NA', 'cat_binary__NITR_S', 'cat_binary__LID_S_n', 'cat_binary__B_BLOK_S_n', 'cat_binary__ANT_CA_S_n', 'cat_binary__GEPAR_S_n', 'cat_binary__ASP_S_n', 'cat_binary__TIKL_S_n', 'cat_binary__TRENT_S_n']"
csl_fp1_fn10__standard,2,4,RandomForestClassifier,generalization,23,71,61,2,0.5987261146496815,0.27380952380952384,0.92,0.42201834862385323,0.5378787878787878,0.46212121212121215,0.728939393939394,0.7034546786030247,0.3358972291432703,0.2340277239990708,0.8415151515151514,0.6350825648014861,0.5159235668789809,0.10674285888671875,157,"['num_log1p_standard_scaler__L_BLOOD', 'num_log1p_standard_scaler__ROE', 'num_log1p_standard_scaler__K_BLOOD', 'num_standard_scaler__AGE', 'num_standard_scaler__S_AD_ORIT', 'num_standard_scaler__D_AD_ORIT', 'num_standard_scaler__NA_BLOOD', 'cat_ordinal__INF_ANAM', 'cat_ordinal__STENOK_AN', 'cat_ordinal__DLIT_AG', 'cat_ordinal__TIME_B_S', 'cat_ordinal__ant_im', 'cat_ordinal__lat_im', 'cat_ordinal__inf_im', 'cat_partial_ordinal__HF_right_line', 'cat_partial_ordinal__HF_left_line', 'cat_binary__SEX', 'cat_binary__SIM_GIPERT', 'cat_binary__nr_11', 'cat_binary__nr_01', 'cat_binary__nr_02', 'cat_binary__nr_03', 'cat_binary__nr_04', 'cat_binary__np_01', 'cat_binary__np_04', 'cat_binary__np_05', 'cat_binary__np_08', 'cat_binary__endocr_01', 'cat_binary__zab_leg_02', 'cat_binary__zab_leg_04', 'cat_binary__zab_leg_06', 'cat_binary__K_SH_POST', 'cat_binary__IM_PG_P', 'cat_binary__ritm_ecg_p_01', 'cat_binary__ritm_ecg_p_07', 'cat_binary__ritm_ecg_p_08', 'cat_binary__n_r_ecg_p_08', 'cat_binary__n_r_ecg_p_09', 'cat_binary__n_r_ecg_p_10', 'cat_binary__n_p_ecg_p_10', 'cat_binary__n_p_ecg_p_12', 'cat_binary__fibr_ter_02', 'cat_binary__fibr_ter_07', 'cat_binary__GIPO_K', 'cat_binary__GIPER_NA', 'cat_binary__NITR_S', 'cat_binary__ANT_CA_S_n', 'cat_binary__ASP_S_n', 'cat_binary__TIKL_S_n', 'cat_binary__TRENT_S_n']"
csl_fp1_fn10__standard,2,5,RandomForestClassifier,generalization,23,76,56,2,0.6305732484076433,0.2911392405063291,0.92,0.4423076923076923,0.5757575757575758,0.4242424242424242,0.7478787878787879,0.7278028371042323,0.3627984996793493,0.2643399579899821,0.883030303030303,0.704576864805526,0.4840764331210191,0.1145484447479248,157,"['num_log1p_standard_scaler__L_BLOOD', 'num_log1p_standard_scaler__ALT_BLOOD', 'num_log1p_standard_scaler__ROE', 'num_standard_scaler__AGE', 'num_standard_scaler__S_AD_ORIT', 'num_standard_scaler__D_AD_ORIT', 'num_standard_scaler__NA_BLOOD', 'cat_nominal__IBS_POST_1.0', 'cat_nominal__IBS_POST_2.0', 'cat_ordinal__STENOK_AN', 'cat_ordinal__FK_STENOK', 'cat_ordinal__GB', 'cat_ordinal__DLIT_AG', 'cat_ordinal__TIME_B_S', 'cat_ordinal__ant_im', 'cat_ordinal__lat_im', 'cat_ordinal__inf_im', 'cat_partial_ordinal__HF_right_line', 'cat_partial_ordinal__HF_left_line', 'cat_binary__SEX', 'cat_binary__nr_02', 'cat_binary__nr_07', 'cat_binary__nr_08', 'cat_binary__np_01', 'cat_binary__np_05', 'cat_binary__np_08', 'cat_binary__np_09', 'cat_binary__np_10', 'cat_binary__endocr_01', 'cat_binary__zab_leg_02', 'cat_binary__O_L_POST', 'cat_binary__K_SH_POST', 'cat_binary__MP_TP_POST', 'cat_binary__SVT_POST', 'cat_binary__ritm_ecg_p_01', 'cat_binary__ritm_ecg_p_02', 'cat_binary__ritm_ecg_p_06', 'cat_binary__ritm_ecg_p_07', 'cat_binary__n_r_ecg_p_04', 'cat_binary__n_r_ecg_p_05', 'cat_binary__n_r_ecg_p_10', 'cat_binary__n_p_ecg_p_03', 'cat_binary__n_p_ecg_p_08', 'cat_binary__n_p_ecg_p_12', 'cat_binary__fibr_ter_03', 'cat_binary__fibr_ter_05', 'cat_binary__fibr_ter_06', 'cat_binary__GIPO_K', 'cat_binary__GIPER_NA', 'cat_binary__NITR_S', 'cat_binary__LID_S_n', 'cat_binary__B_BLOK_S_n', 'cat_binary__ANT_CA_S_n', 'cat_binary__ASP_S_n', 'cat_binary__TRENT_S_n']"
csl_fp1_fn10__standard,2,6,RandomForestClassifier,generalization,24,35,97,1,0.37579617834394907,0.19834710743801653,0.96,0.3287671232876712,0.26515151515151514,0.7348484848484849,0.6125757575757576,0.504524979109513,0.19596923996224772,0.08807491702228554,0.8215151515151515,0.5706707272115505,0.6815286624203821,0.11682319641113281,157,"['num_log1p_standard_scaler__L_BLOOD', 'num_log1p_standard_scaler__ROE', 'num_standard_scaler__AGE', 'num_standard_scaler__S_AD_ORIT', 'num_standard_scaler__D_AD_ORIT', 'num_standard_scaler__NA_BLOOD', 'cat_nominal__IBS_POST_1.0', 'cat_nominal__IBS_POST_2.0', 'cat_ordinal__INF_ANAM', 'cat_ordinal__FK_STENOK', 'cat_ordinal__GB', 'cat_ordinal__DLIT_AG', 'cat_ordinal__TIME_B_S', 'cat_ordinal__ant_im', 'cat_ordinal__lat_im', 'cat_ordinal__inf_im', 'cat_ordinal__post_im', 'cat_partial_ordinal__HF_right_line', 'cat_partial_ordinal__HF_left_line', 'cat_binary__nr_11', 'cat_binary__nr_01', 'cat_binary__nr_03', 'cat_binary__nr_04', 'cat_binary__nr_07', 'cat_binary__nr_08', 'cat_binary__np_01', 'cat_binary__np_04', 'cat_binary__np_05', 'cat_binary__np_07', 'cat_binary__np_08', 'cat_binary__np_09', 'cat_binary__np_10', 'cat_binary__endocr_01', 'cat_binary__endocr_02', 'cat_binary__endocr_03', 'cat_binary__zab_leg_01', 'cat_binary__zab_leg_02', 'cat_binary__zab_leg_03', 'cat_binary__zab_leg_04', 'cat_binary__zab_leg_06', 'cat_binary__O_L_POST', 'cat_binary__K_SH_POST', 'cat_binary__MP_TP_POST', 'cat_binary__SVT_POST', 'cat_binary__GT_POST', 'cat_binary__FIB_G_POST', 'cat_binary__IM_PG_P', 'cat_binary__ritm_ecg_p_01', 'cat_binary__ritm_ecg_p_02', 'cat_binary__ritm_ecg_p_04', 'cat_binary__ritm_ecg_p_06', 'cat_binary__ritm_ecg_p_07', 'cat_binary__ritm_ecg_p_08', 'cat_binary__n_r_ecg_p_01', 'cat_binary__n_r_ecg_p_02', 'cat_binary__n_r_ecg_p_03', 'cat_binary__n_r_ecg_p_04', 'cat_binary__n_r_ecg_p_05', 'cat_binary__n_r_ecg_p_06', 'cat_binary__n_r_ecg_p_08', 'cat_binary__n_r_ecg_p_09', 'cat_binary__n_r_ecg_p_10', 'cat_binary__n_p_ecg_p_01', 'cat_binary__n_p_ecg_p_03', 'cat_binary__n_p_ecg_p_04', 'cat_binary__n_p_ecg_p_05', 'cat_binary__n_p_ecg_p_06', 'cat_binary__n_p_ecg_p_07', 'cat_binary__n_p_ecg_p_08', 'cat_binary__n_p_ecg_p_09', 'cat_binary__n_p_ecg_p_10', 'cat_binary__n_p_ecg_p_11', 'cat_binary__n_p_ecg_p_12', 'cat_binary__fibr_ter_01', 'cat_binary__fibr_ter_02', 'cat_binary__fibr_ter_03', 'cat_binary__fibr_ter_05', 'cat_binary__fibr_ter_06', 'cat_binary__fibr_ter_07', 'cat_binary__fibr_ter_08', 'cat_binary__GIPO_K', 'cat_binary__GIPER_NA', 'cat_binary__NITR_S', 'cat_binary__LID_S_n', 'cat_binary__B_BLOK_S_n', 'cat_binary__ANT_CA_S_n', 'cat_binary__GEPAR_S_n', 'cat_binary__ASP_S_n', 'cat_binary__TIKL_S_n', 'cat_binary__TRENT_S_n']"
csl_fp1_fn10__standard,2,7,RandomForestClassifier,generalization,23,82,50,2,0.6687898089171974,0.3150684931506849,0.92,0.46938775510204084,0.6212121212121212,0.3787878787878788,0.7706060606060606,0.7559862111937965,0.397030080244792,0.30436264485344233,0.8972727272727272,0.7188313368791487,0.445859872611465,0.12296891212463379,157,"['num_log1p_standard_scaler__L_BLOOD', 'num_standard_scaler__AGE', 'num_standard_scaler__S_AD_ORIT', 'num_standard_scaler__D_AD_ORIT', 'num_standard_scaler__NA_BLOOD', 'cat_nominal__IBS_POST_2.0', 'cat_ordinal__INF_ANAM', 'cat_ordinal__STENOK_AN', 'cat_ordinal__GB', 'cat_ordinal__DLIT_AG', 'cat_ordinal__ant_im', 'cat_ordinal__inf_im', 'cat_partial_ordinal__HF_right_line', 'cat_partial_ordinal__HF_left_line', 'cat_binary__np_07', 'cat_binary__np_09', 'cat_binary__endocr_03', 'cat_binary__K_SH_POST', 'cat_binary__MP_TP_POST', 'cat_binary__ritm_ecg_p_01', 'cat_binary__ritm_ecg_p_07', 'cat_binary__ritm_ecg_p_08', 'cat_binary__n_r_ecg_p_09', 'cat_binary__n_p_ecg_p_03', 'cat_binary__n_p_ecg_p_09', 'cat_binary__n_p_ecg_p_10', 'cat_binary__n_p_ecg_p_12', 'cat_binary__NITR_S', 'cat_binary__ANT_CA_S_n', 'cat_binary__ASP_S_n']"
csl_fp1_fn10__standard,2,8,RandomForestClassifier,generalization,24,42,90,1,0.42038216560509556,0.21052631578947367,0.96,0.34532374100719426,0.3181818181818182,0.6818181818181819,0.639090909090909,0.5526794237662059,0.22824383604504178,0.11387458909632209,0.8545454545454546,0.6539867821508855,0.6369426751592356,0.06297945976257324,157,"['num_log1p_standard_scaler__L_BLOOD', 'num_log1p_standard_scaler__ROE', 'num_standard_scaler__AGE', 'num_standard_scaler__S_AD_ORIT', 'num_standard_scaler__D_AD_ORIT', 'num_standard_scaler__NA_BLOOD', 'cat_nominal__IBS_POST_0.0', 'cat_nominal__IBS_POST_2.0', 'cat_ordinal__STENOK_AN', 'cat_ordinal__FK_STENOK', 'cat_ordinal__TIME_B_S', 'cat_ordinal__ant_im', 'cat_ordinal__lat_im', 'cat_partial_ordinal__HF_right_line', 'cat_partial_ordinal__HF_left_line', 'cat_binary__SEX', 'cat_binary__nr_03', 'cat_binary__np_05', 'cat_binary__endocr_01', 'cat_binary__endocr_03', 'cat_binary__zab_leg_02', 'cat_binary__zab_leg_03', 'cat_binary__O_L_POST', 'cat_binary__K_SH_POST', 'cat_binary__IM_PG_P', 'cat_binary__ritm_ecg_p_01', 'cat_binary__n_p_ecg_p_01', 'cat_binary__n_p_ecg_p_07', 'cat_binary__n_p_ecg_p_09', 'cat_binary__fibr_ter_02', 'cat_binary__GIPER_NA', 'cat_binary__NITR_S', 'cat_binary__B_BLOK_S_n', 'cat_binary__ASP_S_n', 'cat_binary__TRENT_S_n']"
csl_fp1_fn10__standard,2,9,RandomForestClassifier,generalization,24,54,78,1,0.4968152866242038,0.23529411764705882,0.96,0.3779527559055118,0.4090909090909091,0.5909090909090908,0.6845454545454546,0.6266795614405123,0.2830798049745749,0.1641620055259787,0.8009090909090909,0.42649248658938793,0.5605095541401274,0.12032198905944824,157,"['num_log1p_standard_scaler__L_BLOOD', 'num_log1p_standard_scaler__ROE', 'num_standard_scaler__AGE', 'num_standard_scaler__S_AD_ORIT', 'num_standard_scaler__D_AD_ORIT', 'num_standard_scaler__NA_BLOOD', 'cat_nominal__IBS_POST_1.0', 'cat_nominal__IBS_POST_2.0', 'cat_ordinal__TIME_B_S', 'cat_ordinal__ant_im', 'cat_ordinal__inf_im', 'cat_partial_ordinal__HF_right_line', 'cat_partial_ordinal__HF_left_line', 'cat_binary__SIM_GIPERT', 'cat_binary__nr_11', 'cat_binary__nr_01', 'cat_binary__nr_04', 'cat_binary__zab_leg_02', 'cat_binary__zab_leg_04', 'cat_binary__O_L_POST', 'cat_binary__K_SH_POST', 'cat_binary__GT_POST', 'cat_binary__IM_PG_P', 'cat_binary__ritm_ecg_p_01', 'cat_binary__ritm_ecg_p_02', 'cat_binary__n_p_ecg_p_01', 'cat_binary__n_p_ecg_p_04', 'cat_binary__n_p_ecg_p_05', 'cat_binary__n_p_ecg_p_07', 'cat_binary__n_p_ecg_p_10', 'cat_binary__fibr_ter_07', 'cat_binary__NITR_S', 'cat_binary__ANT_CA_S_n', 'cat_binary__ASP_S_n', 'cat_binary__TIKL_S_n']"
csl_fp1_fn10__standard,2,10,RandomForestClassifier,generalization,22,54,78,3,0.4840764331210191,0.22,0.88,0.352,0.4090909090909091,0.5909090909090908,0.6445454545454545,0.6000000000000001,0.21996519950941174,0.1304615384615384,0.803030303030303,0.5536684659431069,0.6878980891719745,0.09430980682373047,157,"['num_log1p_standard_scaler__L_BLOOD', 'num_log1p_standard_scaler__ROE', 'num_standard_scaler__AGE', 'num_standard_scaler__S_AD_ORIT', 'num_standard_scaler__D_AD_ORIT', 'num_standard_scaler__NA_BLOOD', 'cat_nominal__IBS_POST_0.0', 'cat_nominal__IBS_POST_2.0', 'cat_ordinal__STENOK_AN', 'cat_ordinal__FK_STENOK', 'cat_ordinal__GB', 'cat_ordinal__TIME_B_S', 'cat_ordinal__ant_im', 'cat_ordinal__lat_im', 'cat_ordinal__inf_im', 'cat_partial_ordinal__HF_right_line', 'cat_partial_ordinal__HF_left_line', 'cat_binary__nr_01', 'cat_binary__nr_02', 'cat_binary__nr_04', 'cat_binary__nr_08', 'cat_binary__np_01', 'cat_binary__np_09', 'cat_binary__endocr_01', 'cat_binary__endocr_03', 'cat_binary__zab_leg_01', 'cat_binary__zab_leg_02', 'cat_binary__zab_leg_03', 'cat_binary__O_L_POST', 'cat_binary__K_SH_POST', 'cat_binary__MP_TP_POST', 'cat_binary__SVT_POST', 'cat_binary__GT_POST', 'cat_binary__FIB_G_POST', 'cat_binary__IM_PG_P', 'cat_binary__ritm_ecg_p_01', 'cat_binary__ritm_ecg_p_02', 'cat_binary__ritm_ecg_p_04', 'cat_binary__ritm_ecg_p_07', 'cat_binary__n_r_ecg_p_01', 'cat_binary__n_r_ecg_p_03', 'cat_binary__n_r_ecg_p_09', 'cat_binary__n_p_ecg_p_04', 'cat_binary__n_p_ecg_p_06', 'cat_binary__n_p_ecg_p_10', 'cat_binary__n_p_ecg_p_12', 'cat_binary__fibr_ter_02', 'cat_binary__fibr_ter_05', 'cat_binary__fibr_ter_07', 'cat_binary__fibr_ter_08', 'cat_binary__GIPO_K', 'cat_binary__NITR_S', 'cat_binary__ANT_CA_S_n', 'cat_binary__ASP_S_n', 'cat_binary__TIKL_S_n']"
csl_fp1_fn10__standard,3,1,RandomForestClassifier,generalization,23,40,93,2,0.3987341772151899,0.19827586206896552,0.92,0.3262411347517731,0.3007518796992481,0.6992481203007519,0.610375939849624,0.5260149516157391,0.1823671433655751,0.08908848161184624,0.7759398496240603,0.4648274961554144,0.7151898734177216,0.05428290367126465,158,"['num_log1p_standard_scaler__L_BLOOD', 'num_log1p_standard_scaler__AST_BLOOD', 'num_log1p_standard_scaler__ROE', 'num_log1p_standard_scaler__K_BLOOD', 'num_standard_scaler__AGE', 'num_standard_scaler__S_AD_ORIT', 'num_standard_scaler__D_AD_ORIT', 'num_standard_scaler__NA_BLOOD', 'cat_nominal__IBS_POST_2.0', 'cat_ordinal__STENOK_AN', 'cat_ordinal__FK_STENOK', 'cat_ordinal__GB', 'cat_ordinal__DLIT_AG', 'cat_ordinal__TIME_B_S', 'cat_ordinal__ant_im', 'cat_ordinal__lat_im', 'cat_ordinal__inf_im', 'cat_partial_ordinal__HF_right_line', 'cat_partial_ordinal__HF_left_line', 'cat_binary__SEX', 'cat_binary__nr_11', 'cat_binary__nr_01', 'cat_binary__nr_02', 'cat_binary__nr_04', 'cat_binary__nr_08', 'cat_binary__np_01', 'cat_binary__np_04', 'cat_binary__np_05', 'cat_binary__np_07', 'cat_binary__np_08', 'cat_binary__np_09', 'cat_binary__np_10', 'cat_binary__endocr_01', 'cat_binary__endocr_02', 'cat_binary__endocr_03', 'cat_binary__zab_leg_01', 'cat_binary__zab_leg_02', 'cat_binary__zab_leg_03', 'cat_binary__zab_leg_04', 'cat_binary__zab_leg_06', 'cat_binary__O_L_POST', 'cat_binary__K_SH_POST', 'cat_binary__MP_TP_POST', 'cat_binary__SVT_POST', 'cat_binary__GT_POST', 'cat_binary__FIB_G_POST', 'cat_binary__IM_PG_P', 'cat_binary__ritm_ecg_p_01', 'cat_binary__ritm_ecg_p_02', 'cat_binary__ritm_ecg_p_04', 'cat_binary__ritm_ecg_p_06', 'cat_binary__ritm_ecg_p_07', 'cat_binary__ritm_ecg_p_08', 'cat_binary__n_r_ecg_p_01', 'cat_binary__n_r_ecg_p_02', 'cat_binary__n_r_ecg_p_03', 'cat_binary__n_r_ecg_p_04', 'cat_binary__n_r_ecg_p_05', 'cat_binary__n_r_ecg_p_06', 'cat_binary__n_r_ecg_p_08', 'cat_binary__n_r_ecg_p_09', 'cat_binary__n_r_ecg_p_10', 'cat_binary__n_p_ecg_p_01', 'cat_binary__n_p_ecg_p_03', 'cat_binary__n_p_ecg_p_04', 'cat_binary__n_p_ecg_p_05', 'cat_binary__n_p_ecg_p_06', 'cat_binary__n_p_ecg_p_07', 'cat_binary__n_p_ecg_p_08', 'cat_binary__n_p_ecg_p_09', 'cat_binary__n_p_ecg_p_10', 'cat_binary__n_p_ecg_p_11', 'cat_binary__n_p_ecg_p_12', 'cat_binary__fibr_ter_01', 'cat_binary__fibr_ter_02', 'cat_binary__fibr_ter_03', 'cat_binary__fibr_ter_05', 'cat_binary__fibr_ter_06', 'cat_binary__fibr_ter_07', 'cat_binary__fibr_ter_08', 'cat_binary__GIPO_K', 'cat_binary__GIPER_NA', 'cat_binary__NITR_S', 'cat_binary__LID_S_n', 'cat_binary__B_BLOK_S_n', 'cat_binary__ANT_CA_S_n', 'cat_binary__GEPAR_S_n', 'cat_binary__ASP_S_n', 'cat_binary__TIKL_S_n', 'cat_binary__TRENT_S_n']"
csl_fp1_fn10__standard,3,2,RandomForestClassifier,generalization,26,44,88,0,0.4430379746835443,0.22807017543859648,1.0,0.37142857142857144,0.3333333333333333,0.6666666666666667,0.6666666666666666,0.5773502691896257,0.2757233972895037,0.14130434782608703,0.9210372960372961,0.7336525990082993,0.5569620253164557,0.11236262321472168,158,"['num_log1p_standard_scaler__L_BLOOD', 'num_log1p_standard_scaler__AST_BLOOD', 'num_log1p_standard_scaler__ROE', 'num_log1p_standard_scaler__K_BLOOD', 'num_standard_scaler__AGE', 'num_standard_scaler__S_AD_ORIT', 'num_standard_scaler__D_AD_ORIT', 'num_standard_scaler__NA_BLOOD', 'cat_nominal__IBS_POST_0.0', 'cat_nominal__IBS_POST_2.0', 'cat_ordinal__STENOK_AN', 'cat_ordinal__FK_STENOK', 'cat_ordinal__GB', 'cat_ordinal__DLIT_AG', 'cat_ordinal__TIME_B_S', 'cat_ordinal__ant_im', 'cat_ordinal__lat_im', 'cat_ordinal__inf_im', 'cat_partial_ordinal__HF_right_line', 'cat_partial_ordinal__HF_left_line', 'cat_binary__SEX', 'cat_binary__nr_03', 'cat_binary__nr_08', 'cat_binary__np_07', 'cat_binary__np_09', 'cat_binary__np_10', 'cat_binary__endocr_01', 'cat_binary__endocr_02', 'cat_binary__zab_leg_06', 'cat_binary__K_SH_POST', 'cat_binary__IM_PG_P', 'cat_binary__ritm_ecg_p_01', 'cat_binary__ritm_ecg_p_02', 'cat_binary__ritm_ecg_p_04', 'cat_binary__ritm_ecg_p_06', 'cat_binary__ritm_ecg_p_07', 'cat_binary__ritm_ecg_p_08', 'cat_binary__n_r_ecg_p_05', 'cat_binary__n_r_ecg_p_06', 'cat_binary__n_r_ecg_p_10', 'cat_binary__n_p_ecg_p_04', 'cat_binary__n_p_ecg_p_06', 'cat_binary__n_p_ecg_p_07', 'cat_binary__n_p_ecg_p_08', 'cat_binary__n_p_ecg_p_10', 'cat_binary__n_p_ecg_p_11', 'cat_binary__fibr_ter_02', 'cat_binary__fibr_ter_06', 'cat_binary__fibr_ter_07', 'cat_binary__NITR_S', 'cat_binary__LID_S_n', 'cat_binary__B_BLOK_S_n', 'cat_binary__ANT_CA_S_n', 'cat_binary__GEPAR_S_n', 'cat_binary__ASP_S_n']"
csl_fp1_fn10__standard,3,3,RandomForestClassifier,generalization,24,68,64,1,0.5859872611464968,0.2727272727272727,0.96,0.4247787610619469,0.5151515151515151,0.48484848484848486,0.7375757575757576,0.703239258393226,0.35028634431951317,0.2350648377183121,0.9063636363636364,0.6908067549647642,0.4713375796178344,0.07487344741821289,157,"['num_log1p_standard_scaler__L_BLOOD', 'num_log1p_standard_scaler__ROE', 'num_log1p_standard_scaler__K_BLOOD', 'num_standard_scaler__AGE', 'num_standard_scaler__S_AD_ORIT', 'num_standard_scaler__D_AD_ORIT', 'num_standard_scaler__NA_BLOOD', 'cat_nominal__IBS_POST_0.0', 'cat_nominal__IBS_POST_1.0', 'cat_nominal__IBS_POST_2.0', 'cat_ordinal__INF_ANAM', 'cat_ordinal__STENOK_AN', 'cat_ordinal__FK_STENOK', 'cat_ordinal__GB', 'cat_ordinal__DLIT_AG', 'cat_ordinal__TIME_B_S', 'cat_ordinal__ant_im', 'cat_ordinal__lat_im', 'cat_ordinal__inf_im', 'cat_partial_ordinal__HF_right_line', 'cat_partial_ordinal__HF_left_line', 'cat_binary__SEX', 'cat_binary__nr_11', 'cat_binary__nr_02', 'cat_binary__nr_07', 'cat_binary__np_01', 'cat_binary__np_04', 'cat_binary__np_05', 'cat_binary__np_07', 'cat_binary__np_09', 'cat_binary__np_10', 'cat_binary__endocr_01', 'cat_binary__endocr_02', 'cat_binary__zab_leg_01', 'cat_binary__zab_leg_02', 'cat_binary__zab_leg_03', 'cat_binary__O_L_POST', 'cat_binary__K_SH_POST', 'cat_binary__FIB_G_POST', 'cat_binary__IM_PG_P', 'cat_binary__ritm_ecg_p_01', 'cat_binary__ritm_ecg_p_02', 'cat_binary__ritm_ecg_p_04', 'cat_binary__ritm_ecg_p_06', 'cat_binary__ritm_ecg_p_07', 'cat_binary__ritm_ecg_p_08', 'cat_binary__n_r_ecg_p_03', 'cat_binary__n_r_ecg_p_05', 'cat_binary__n_r_ecg_p_08', 'cat_binary__n_r_ecg_p_09', 'cat_binary__n_r_ecg_p_10', 'cat_binary__n_p_ecg_p_05', 'cat_binary__n_p_ecg_p_06', 'cat_binary__n_p_ecg_p_12', 'cat_binary__fibr_ter_05', 'cat_binary__fibr_ter_06', 'cat_binary__fibr_ter_08', 'cat_binary__GIPER_NA', 'cat_binary__LID_S_n', 'cat_binary__B_BLOK_S_n', 'cat_binary__ANT_CA_S_n', 'cat_binary__GEPAR_S_n', 'cat_binary__ASP_S_n', 'cat_binary__TIKL_S_n', 'cat_binary__TRENT_S_n']"
csl_fp1_fn10__standard,3,4,RandomForestClassifier,generalization,22,79,53,3,0.643312101910828,0.29333333333333333,0.88,0.44,0.5984848484848485,0.4015151515151515,0.7392424242424243,0.725718035235908,0.3504996609389302,0.2642677824267782,0.8548484848484847,0.6406910136682056,0.5286624203821656,0.06159210205078125,157,"['num_log1p_standard_scaler__L_BLOOD', 'num_log1p_standard_scaler__ROE', 'num_standard_scaler__AGE', 'num_standard_scaler__S_AD_ORIT', 'num_standard_scaler__D_AD_ORIT', 'cat_nominal__IBS_POST_0.0', 'cat_ordinal__FK_STENOK', 'cat_ordinal__TIME_B_S', 'cat_ordinal__ant_im', 'cat_partial_ordinal__HF_right_line', 'cat_partial_ordinal__HF_left_line', 'cat_binary__zab_leg_01', 'cat_binary__zab_leg_02', 'cat_binary__zab_leg_03', 'cat_binary__K_SH_POST', 'cat_binary__IM_PG_P', 'cat_binary__ritm_ecg_p_01', 'cat_binary__n_r_ecg_p_05', 'cat_binary__n_r_ecg_p_06', 'cat_binary__n_p_ecg_p_05', 'cat_binary__n_p_ecg_p_07', 'cat_binary__NITR_S', 'cat_binary__ANT_CA_S_n', 'cat_binary__ASP_S_n', 'cat_binary__TRENT_S_n']"
csl_fp1_fn10__standard,3,5,RandomForestClassifier,generalization,25,30,102,0,0.3503184713375796,0.1968503937007874,1.0,0.32894736842105265,0.22727272727272727,0.7727272727272727,0.6136363636363636,0.4767312946227962,0.21151530876295466,0.08564576909900656,0.8506060606060606,0.5783058255819152,0.6496815286624203,0.09796833992004395,157,"['num_log1p_standard_scaler__L_BLOOD', 'num_log1p_standard_scaler__ALT_BLOOD', 'num_log1p_standard_scaler__ROE', 'num_log1p_standard_scaler__K_BLOOD', 'num_standard_scaler__AGE', 'num_standard_scaler__S_AD_ORIT', 'num_standard_scaler__D_AD_ORIT', 'num_standard_scaler__NA_BLOOD', 'cat_nominal__IBS_POST_0.0', 'cat_nominal__IBS_POST_1.0', 'cat_nominal__IBS_POST_2.0', 'cat_ordinal__INF_ANAM', 'cat_ordinal__STENOK_AN', 'cat_ordinal__FK_STENOK', 'cat_ordinal__GB', 'cat_ordinal__TIME_B_S', 'cat_ordinal__ant_im', 'cat_ordinal__lat_im', 'cat_ordinal__inf_im', 'cat_partial_ordinal__HF_right_line', 'cat_partial_ordinal__HF_left_line', 'cat_binary__SEX', 'cat_binary__nr_11', 'cat_binary__nr_01', 'cat_binary__nr_02', 'cat_binary__nr_04', 'cat_binary__nr_08', 'cat_binary__np_05', 'cat_binary__np_07', 'cat_binary__np_08', 'cat_binary__np_09', 'cat_binary__endocr_01', 'cat_binary__zab_leg_01', 'cat_binary__zab_leg_02', 'cat_binary__zab_leg_06', 'cat_binary__O_L_POST', 'cat_binary__K_SH_POST', 'cat_binary__MP_TP_POST', 'cat_binary__SVT_POST', 'cat_binary__GT_POST', 'cat_binary__FIB_G_POST', 'cat_binary__IM_PG_P', 'cat_binary__ritm_ecg_p_01', 'cat_binary__ritm_ecg_p_02', 'cat_binary__ritm_ecg_p_04', 'cat_binary__ritm_ecg_p_06', 'cat_binary__ritm_ecg_p_07', 'cat_binary__ritm_ecg_p_08', 'cat_binary__n_r_ecg_p_01', 'cat_binary__n_r_ecg_p_02', 'cat_binary__n_r_ecg_p_03', 'cat_binary__n_r_ecg_p_04', 'cat_binary__n_r_ecg_p_05', 'cat_binary__n_r_ecg_p_06', 'cat_binary__n_r_ecg_p_08', 'cat_binary__n_r_ecg_p_09', 'cat_binary__n_r_ecg_p_10', 'cat_binary__n_p_ecg_p_01', 'cat_binary__n_p_ecg_p_03', 'cat_binary__n_p_ecg_p_04', 'cat_binary__n_p_ecg_p_05', 'cat_binary__n_p_ecg_p_06', 'cat_binary__n_p_ecg_p_07', 'cat_binary__n_p_ecg_p_08', 'cat_binary__n_p_ecg_p_09', 'cat_binary__n_p_ecg_p_10', 'cat_binary__n_p_ecg_p_11', 'cat_binary__n_p_ecg_p_12', 'cat_binary__fibr_ter_01', 'cat_binary__fibr_ter_02', 'cat_binary__fibr_ter_03', 'cat_binary__fibr_ter_05', 'cat_binary__fibr_ter_06', 'cat_binary__fibr_ter_07', 'cat_binary__fibr_ter_08', 'cat_binary__GIPO_K', 'cat_binary__GIPER_NA', 'cat_binary__NITR_S', 'cat_binary__LID_S_n', 'cat_binary__B_BLOK_S_n', 'cat_binary__ANT_CA_S_n', 'cat_binary__GEPAR_S_n', 'cat_binary__ASP_S_n', 'cat_binary__TIKL_S_n', 'cat_binary__TRENT_S_n']"
csl_fp1_fn10__standard,3,6,RandomForestClassifier,generalization,22,83,49,3,0.6687898089171974,0.30985915492957744,0.88,0.4583333333333333,0.6287878787878788,0.3712121212121212,0.7543939393939394,0.7438637868140466,0.3740376555686647,0.2914424579066134,0.8436363636363636,0.5112305852644518,0.5031847133757962,0.07191586494445801,157,"['num_log1p_standard_scaler__L_BLOOD', 'num_standard_scaler__AGE', 'num_standard_scaler__S_AD_ORIT', 'num_standard_scaler__D_AD_ORIT', 'num_standard_scaler__NA_BLOOD', 'cat_nominal__IBS_POST_0.0', 'cat_ordinal__INF_ANAM', 'cat_ordinal__TIME_B_S', 'cat_partial_ordinal__HF_right_line', 'cat_partial_ordinal__HF_left_line', 'cat_binary__endocr_01', 'cat_binary__endocr_02', 'cat_binary__K_SH_POST', 'cat_binary__MP_TP_POST', 'cat_binary__ritm_ecg_p_01', 'cat_binary__ritm_ecg_p_07', 'cat_binary__n_p_ecg_p_09', 'cat_binary__NITR_S', 'cat_binary__LID_S_n', 'cat_binary__ANT_CA_S_n']"
csl_fp1_fn10__standard,3,7,RandomForestClassifier,generalization,23,78,54,2,0.643312101910828,0.2987012987012987,0.92,0.45098039215686275,0.5909090909090909,0.40909090909090906,0.7554545454545455,0.7373170034906043,0.37394716431618796,0.27721144360407757,0.8081818181818181,0.5077693396413284,0.4713375796178344,0.1396646499633789,157,"['num_log1p_standard_scaler__L_BLOOD', 'num_log1p_standard_scaler__ROE', 'num_log1p_standard_scaler__K_BLOOD', 'num_standard_scaler__AGE', 'num_standard_scaler__S_AD_ORIT', 'num_standard_scaler__D_AD_ORIT', 'num_standard_scaler__NA_BLOOD', 'cat_nominal__IBS_POST_0.0', 'cat_nominal__IBS_POST_2.0', 'cat_ordinal__FK_STENOK', 'cat_ordinal__GB', 'cat_ordinal__DLIT_AG', 'cat_ordinal__TIME_B_S', 'cat_ordinal__ant_im', 'cat_ordinal__lat_im', 'cat_ordinal__inf_im', 'cat_partial_ordinal__HF_right_line', 'cat_partial_ordinal__HF_left_line', 'cat_binary__SEX', 'cat_binary__SIM_GIPERT', 'cat_binary__nr_01', 'cat_binary__nr_07', 'cat_binary__np_01', 'cat_binary__np_05', 'cat_binary__np_10', 'cat_binary__endocr_02', 'cat_binary__endocr_03', 'cat_binary__zab_leg_02', 'cat_binary__zab_leg_03', 'cat_binary__zab_leg_04', 'cat_binary__zab_leg_06', 'cat_binary__O_L_POST', 'cat_binary__K_SH_POST', 'cat_binary__MP_TP_POST', 'cat_binary__GT_POST', 'cat_binary__FIB_G_POST', 'cat_binary__IM_PG_P', 'cat_binary__ritm_ecg_p_01', 'cat_binary__ritm_ecg_p_04', 'cat_binary__ritm_ecg_p_07', 'cat_binary__n_r_ecg_p_09', 'cat_binary__n_r_ecg_p_10', 'cat_binary__n_p_ecg_p_03', 'cat_binary__n_p_ecg_p_04', 'cat_binary__n_p_ecg_p_09', 'cat_binary__n_p_ecg_p_10', 'cat_binary__n_p_ecg_p_11', 'cat_binary__n_p_ecg_p_12', 'cat_binary__fibr_ter_01', 'cat_binary__fibr_ter_02', 'cat_binary__fibr_ter_03', 'cat_binary__fibr_ter_05', 'cat_binary__fibr_ter_06', 'cat_binary__fibr_ter_07', 'cat_binary__fibr_ter_08', 'cat_binary__GIPO_K', 'cat_binary__GIPER_NA', 'cat_binary__NITR_S', 'cat_binary__LID_S_n', 'cat_binary__B_BLOK_S_n', 'cat_binary__ANT_CA_S_n', 'cat_binary__GEPAR_S_n', 'cat_binary__ASP_S_n', 'cat_binary__TIKL_S_n', 'cat_binary__TRENT_S_n']"
csl_fp1_fn10__standard,3,8,RandomForestClassifier,generalization,23,87,45,2,0.7006369426751592,0.3382352941176471,0.92,0.4946236559139785,0.6590909090909091,0.34090909090909094,0.7895454545454546,0.7786935445755514,0.4276163059347056,0.34121953397018123,0.8842424242424242,0.6744235797421706,0.4140127388535032,0.11768102645874023,157,"['num_log1p_standard_scaler__L_BLOOD', 'num_log1p_standard_scaler__ROE', 'num_standard_scaler__AGE', 'num_standard_scaler__S_AD_ORIT', 'num_standard_scaler__D_AD_ORIT', 'cat_nominal__IBS_POST_0.0', 'cat_nominal__IBS_POST_1.0', 'cat_nominal__IBS_POST_2.0', 'cat_ordinal__INF_ANAM', 'cat_ordinal__STENOK_AN', 'cat_ordinal__FK_STENOK', 'cat_ordinal__DLIT_AG', 'cat_ordinal__TIME_B_S', 'cat_ordinal__ant_im', 'cat_ordinal__lat_im', 'cat_ordinal__inf_im', 'cat_partial_ordinal__HF_right_line', 'cat_binary__SIM_GIPERT', 'cat_binary__nr_11', 'cat_binary__nr_01', 'cat_binary__nr_04', 'cat_binary__np_04', 'cat_binary__np_07', 'cat_binary__endocr_01', 'cat_binary__endocr_03', 'cat_binary__zab_leg_01', 'cat_binary__zab_leg_06', 'cat_binary__O_L_POST', 'cat_binary__K_SH_POST', 'cat_binary__SVT_POST', 'cat_binary__GT_POST', 'cat_binary__ritm_ecg_p_01', 'cat_binary__ritm_ecg_p_06', 'cat_binary__ritm_ecg_p_07', 'cat_binary__ritm_ecg_p_08', 'cat_binary__n_r_ecg_p_02', 'cat_binary__n_r_ecg_p_05', 'cat_binary__n_r_ecg_p_06', 'cat_binary__n_r_ecg_p_09', 'cat_binary__n_p_ecg_p_01', 'cat_binary__n_p_ecg_p_04', 'cat_binary__n_p_ecg_p_05', 'cat_binary__n_p_ecg_p_06', 'cat_binary__n_p_ecg_p_07', 'cat_binary__n_p_ecg_p_08', 'cat_binary__n_p_ecg_p_09', 'cat_binary__n_p_ecg_p_10', 'cat_binary__n_p_ecg_p_12', 'cat_binary__fibr_ter_07', 'cat_binary__GIPER_NA', 'cat_binary__NITR_S', 'cat_binary__LID_S_n', 'cat_binary__ANT_CA_S_n', 'cat_binary__ASP_S_n', 'cat_binary__TRENT_S_n']"
csl_fp1_fn10__standard,3,9,RandomForestClassifier,generalization,23,79,53,2,0.6496815286624203,0.3026315789473684,0.92,0.45544554455445546,0.5984848484848485,0.4015151515151515,0.7592424242424243,0.7420283421851626,0.3796153228373949,0.2838185286555527,0.8551515151515151,0.5144977632165753,0.46496815286624205,0.1370694637298584,157,"['num_log1p_standard_scaler__L_BLOOD', 'num_log1p_standard_scaler__ROE', 'num_standard_scaler__AGE', 'num_standard_scaler__S_AD_ORIT', 'num_standard_scaler__D_AD_ORIT', 'num_standard_scaler__NA_BLOOD', 'cat_nominal__IBS_POST_0.0', 'cat_ordinal__STENOK_AN', 'cat_ordinal__GB', 'cat_ordinal__DLIT_AG', 'cat_ordinal__TIME_B_S', 'cat_ordinal__ant_im', 'cat_binary__SIM_GIPERT', 'cat_binary__nr_03', 'cat_binary__zab_leg_02', 'cat_binary__O_L_POST', 'cat_binary__K_SH_POST', 'cat_binary__MP_TP_POST', 'cat_binary__ritm_ecg_p_01', 'cat_binary__n_r_ecg_p_01', 'cat_binary__n_r_ecg_p_03', 'cat_binary__n_r_ecg_p_08', 'cat_binary__NITR_S', 'cat_binary__ANT_CA_S_n', 'cat_binary__ASP_S_n']"
csl_fp1_fn10__standard,3,10,RandomForestClassifier,generalization,23,53,79,2,0.4840764331210191,0.22549019607843138,0.92,0.36220472440944884,0.4015151515151515,0.5984848484848485,0.6607575757575758,0.6077778701087588,0.2465908645960788,0.1430015499696744,0.7727272727272728,0.6097115676930686,0.6305732484076433,0.07115840911865234,157,"['num_log1p_standard_scaler__L_BLOOD', 'num_log1p_standard_scaler__ROE', 'num_log1p_standard_scaler__K_BLOOD', 'num_standard_scaler__AGE', 'num_standard_scaler__S_AD_ORIT', 'num_standard_scaler__D_AD_ORIT', 'num_standard_scaler__NA_BLOOD', 'cat_nominal__IBS_POST_0.0', 'cat_nominal__IBS_POST_1.0', 'cat_nominal__IBS_POST_2.0', 'cat_ordinal__INF_ANAM', 'cat_ordinal__STENOK_AN', 'cat_ordinal__FK_STENOK', 'cat_ordinal__TIME_B_S', 'cat_ordinal__ant_im', 'cat_ordinal__lat_im', 'cat_ordinal__inf_im', 'cat_partial_ordinal__HF_right_line', 'cat_partial_ordinal__HF_left_line', 'cat_binary__SIM_GIPERT', 'cat_binary__nr_01', 'cat_binary__nr_07', 'cat_binary__np_05', 'cat_binary__np_07', 'cat_binary__np_08', 'cat_binary__np_09', 'cat_binary__np_10', 'cat_binary__endocr_01', 'cat_binary__endocr_02', 'cat_binary__endocr_03', 'cat_binary__zab_leg_01', 'cat_binary__zab_leg_02', 'cat_binary__zab_leg_03', 'cat_binary__zab_leg_04', 'cat_binary__zab_leg_06', 'cat_binary__O_L_POST', 'cat_binary__K_SH_POST', 'cat_binary__MP_TP_POST', 'cat_binary__SVT_POST', 'cat_binary__GT_POST', 'cat_binary__FIB_G_POST', 'cat_binary__IM_PG_P', 'cat_binary__ritm_ecg_p_01', 'cat_binary__ritm_ecg_p_02', 'cat_binary__ritm_ecg_p_04', 'cat_binary__ritm_ecg_p_06', 'cat_binary__ritm_ecg_p_07', 'cat_binary__ritm_ecg_p_08', 'cat_binary__n_r_ecg_p_01', 'cat_binary__n_r_ecg_p_02', 'cat_binary__n_r_ecg_p_03', 'cat_binary__n_r_ecg_p_04', 'cat_binary__n_r_ecg_p_05', 'cat_binary__n_r_ecg_p_06', 'cat_binary__n_r_ecg_p_08', 'cat_binary__n_r_ecg_p_09', 'cat_binary__n_r_ecg_p_10', 'cat_binary__n_p_ecg_p_01', 'cat_binary__n_p_ecg_p_03', 'cat_binary__n_p_ecg_p_04', 'cat_binary__n_p_ecg_p_05', 'cat_binary__n_p_ecg_p_06', 'cat_binary__n_p_ecg_p_07', 'cat_binary__n_p_ecg_p_08', 'cat_binary__n_p_ecg_p_09', 'cat_binary__n_p_ecg_p_10', 'cat_binary__n_p_ecg_p_11', 'cat_binary__n_p_ecg_p_12', 'cat_binary__fibr_ter_01', 'cat_binary__fibr_ter_02', 'cat_binary__fibr_ter_03', 'cat_binary__fibr_ter_05', 'cat_binary__fibr_ter_06', 'cat_binary__fibr_ter_07', 'cat_binary__fibr_ter_08', 'cat_binary__GIPO_K', 'cat_binary__GIPER_NA', 'cat_binary__NITR_S', 'cat_binary__LID_S_n', 'cat_binary__B_BLOK_S_n', 'cat_binary__ANT_CA_S_n', 'cat_binary__GEPAR_S_n', 'cat_binary__ASP_S_n', 'cat_binary__TIKL_S_n', 'cat_binary__TRENT_S_n']"
csl_fp1_fn10__standard,4,1,RandomForestClassifier,generalization,25,25,108,0,0.31645569620253167,0.18796992481203006,1.0,0.31645569620253167,0.18796992481203006,0.8120300751879699,0.5939849624060151,0.43355498476206,0.18796992481203006,0.06825379491099692,0.7795488721804512,0.4712777162307753,0.6835443037974683,0.09029555320739746,158,"['num_log1p_standard_scaler__L_BLOOD', 'num_log1p_standard_scaler__ROE', 'num_standard_scaler__AGE', 'num_standard_scaler__S_AD_ORIT', 'num_standard_scaler__D_AD_ORIT', 'num_standard_scaler__NA_BLOOD', 'cat_nominal__IBS_POST_0.0', 'cat_nominal__IBS_POST_1.0', 'cat_ordinal__TIME_B_S', 'cat_ordinal__ant_im', 'cat_ordinal__lat_im', 'cat_partial_ordinal__HF_right_line', 'cat_partial_ordinal__HF_left_line', 'cat_binary__SEX', 'cat_binary__nr_11', 'cat_binary__np_07', 'cat_binary__K_SH_POST', 'cat_binary__n_p_ecg_p_11', 'cat_binary__NITR_S', 'cat_binary__ASP_S_n']"
csl_fp1_fn10__standard,4,2,RandomForestClassifier,generalization,25,82,50,1,0.6772151898734177,0.3333333333333333,0.9615384615384616,0.49504950495049505,0.6212121212121212,0.3787878787878788,0.7913752913752914,0.7728643783480691,0.432699783789816,0.3317299718029525,0.8802447552447552,0.6686464394951361,0.379746835443038,0.16111969947814941,158,"['num_log1p_standard_scaler__L_BLOOD', 'num_log1p_standard_scaler__K_BLOOD', 'num_standard_scaler__AGE', 'num_standard_scaler__S_AD_ORIT', 'num_standard_scaler__D_AD_ORIT', 'num_standard_scaler__NA_BLOOD', 'cat_nominal__IBS_POST_1.0', 'cat_ordinal__INF_ANAM', 'cat_ordinal__STENOK_AN', 'cat_ordinal__FK_STENOK', 'cat_ordinal__DLIT_AG', 'cat_ordinal__TIME_B_S', 'cat_ordinal__ant_im', 'cat_partial_ordinal__HF_left_line', 'cat_binary__SEX', 'cat_binary__nr_07', 'cat_binary__zab_leg_03', 'cat_binary__zab_leg_06', 'cat_binary__K_SH_POST', 'cat_binary__MP_TP_POST', 'cat_binary__ritm_ecg_p_01', 'cat_binary__ritm_ecg_p_07', 'cat_binary__n_r_ecg_p_05', 'cat_binary__n_p_ecg_p_11', 'cat_binary__n_p_ecg_p_12', 'cat_binary__fibr_ter_02', 'cat_binary__GIPER_NA', 'cat_binary__NITR_S', 'cat_binary__ANT_CA_S_n', 'cat_binary__ASP_S_n']"
csl_fp1_fn10__standard,4,3,RandomForestClassifier,generalization,19,88,44,6,0.6815286624203821,0.30158730158730157,0.76,0.4318181818181818,0.6666666666666666,0.33333333333333337,0.7133333333333334,0.7118052168020874,0.3185015009761449,0.26401650103131447,0.8112121212121212,0.49237737684960514,0.6624203821656051,0.09822559356689453,157,"['num_log1p_standard_scaler__L_BLOOD', 'num_log1p_standard_scaler__ALT_BLOOD', 'num_log1p_standard_scaler__AST_BLOOD', 'num_log1p_standard_scaler__ROE', 'num_log1p_standard_scaler__K_BLOOD', 'num_standard_scaler__AGE', 'num_standard_scaler__S_AD_ORIT', 'num_standard_scaler__D_AD_ORIT', 'num_standard_scaler__NA_BLOOD', 'cat_nominal__IBS_POST_0.0', 'cat_nominal__IBS_POST_1.0', 'cat_nominal__IBS_POST_2.0', 'cat_ordinal__INF_ANAM', 'cat_ordinal__STENOK_AN', 'cat_ordinal__FK_STENOK', 'cat_ordinal__GB', 'cat_ordinal__DLIT_AG', 'cat_ordinal__TIME_B_S', 'cat_ordinal__ant_im', 'cat_ordinal__lat_im', 'cat_ordinal__inf_im', 'cat_ordinal__post_im', 'cat_partial_ordinal__HF_right_line', 'cat_partial_ordinal__HF_left_line', 'cat_binary__SEX', 'cat_binary__SIM_GIPERT', 'cat_binary__nr_11', 'cat_binary__nr_01', 'cat_binary__nr_02', 'cat_binary__nr_03', 'cat_binary__nr_04', 'cat_binary__nr_07', 'cat_binary__nr_08', 'cat_binary__np_01', 'cat_binary__np_04', 'cat_binary__np_05', 'cat_binary__np_07', 'cat_binary__np_08', 'cat_binary__np_09', 'cat_binary__np_10', 'cat_binary__endocr_01', 'cat_binary__endocr_02', 'cat_binary__endocr_03', 'cat_binary__zab_leg_01', 'cat_binary__zab_leg_02', 'cat_binary__zab_leg_03', 'cat_binary__zab_leg_04', 'cat_binary__zab_leg_06', 'cat_binary__O_L_POST', 'cat_binary__K_SH_POST', 'cat_binary__MP_TP_POST', 'cat_binary__SVT_POST', 'cat_binary__GT_POST', 'cat_binary__FIB_G_POST', 'cat_binary__IM_PG_P', 'cat_binary__ritm_ecg_p_01', 'cat_binary__ritm_ecg_p_02', 'cat_binary__ritm_ecg_p_04', 'cat_binary__ritm_ecg_p_06', 'cat_binary__ritm_ecg_p_07', 'cat_binary__ritm_ecg_p_08', 'cat_binary__n_r_ecg_p_01', 'cat_binary__n_r_ecg_p_02', 'cat_binary__n_r_ecg_p_03', 'cat_binary__n_r_ecg_p_04', 'cat_binary__n_r_ecg_p_05', 'cat_binary__n_r_ecg_p_06', 'cat_binary__n_r_ecg_p_08', 'cat_binary__n_r_ecg_p_09', 'cat_binary__n_r_ecg_p_10', 'cat_binary__n_p_ecg_p_01', 'cat_binary__n_p_ecg_p_03', 'cat_binary__n_p_ecg_p_04', 'cat_binary__n_p_ecg_p_05', 'cat_binary__n_p_ecg_p_06', 'cat_binary__n_p_ecg_p_07', 'cat_binary__n_p_ecg_p_08', 'cat_binary__n_p_ecg_p_09', 'cat_binary__n_p_ecg_p_10', 'cat_binary__n_p_ecg_p_11', 'cat_binary__n_p_ecg_p_12', 'cat_binary__fibr_ter_01', 'cat_binary__fibr_ter_02', 'cat_binary__fibr_ter_03', 'cat_binary__fibr_ter_05', 'cat_binary__fibr_ter_06', 'cat_binary__fibr_ter_07', 'cat_binary__fibr_ter_08', 'cat_binary__GIPO_K', 'cat_binary__GIPER_NA', 'cat_binary__NITR_S', 'cat_binary__LID_S_n', 'cat_binary__B_BLOK_S_n', 'cat_binary__ANT_CA_S_n', 'cat_binary__GEPAR_S_n', 'cat_binary__ASP_S_n', 'cat_binary__TIKL_S_n', 'cat_binary__TRENT_S_n']"
csl_fp1_fn10__standard,4,4,RandomForestClassifier,generalization,22,59,73,3,0.5159235668789809,0.23157894736842105,0.88,0.36666666666666664,0.44696969696969696,0.553030303030303,0.6634848484848485,0.6271629240742259,0.24474105474176694,0.1531582682753727,0.7793939393939393,0.547470400470701,0.6560509554140127,0.1402420997619629,157,"['num_log1p_standard_scaler__L_BLOOD', 'num_standard_scaler__AGE', 'num_standard_scaler__S_AD_ORIT', 'num_standard_scaler__D_AD_ORIT', 'cat_nominal__IBS_POST_0.0', 'cat_ordinal__FK_STENOK', 'cat_ordinal__GB', 'cat_ordinal__ant_im', 'cat_ordinal__inf_im', 'cat_partial_ordinal__HF_right_line', 'cat_binary__nr_04', 'cat_binary__zab_leg_02', 'cat_binary__K_SH_POST', 'cat_binary__ritm_ecg_p_01', 'cat_binary__n_r_ecg_p_10', 'cat_binary__n_p_ecg_p_06', 'cat_binary__n_p_ecg_p_09', 'cat_binary__GIPO_K', 'cat_binary__ANT_CA_S_n', 'cat_binary__ASP_S_n']"
csl_fp1_fn10__standard,4,5,RandomForestClassifier,generalization,23,72,60,2,0.6050955414012739,0.27710843373493976,0.92,0.42592592592592593,0.5454545454545454,0.4545454545454546,0.7327272727272727,0.7083912632282966,0.34117668074747554,0.23988755270966733,0.8342424242424242,0.5846003311822949,0.5095541401273885,0.07789993286132812,157,"['num_log1p_standard_scaler__L_BLOOD', 'num_log1p_standard_scaler__ALT_BLOOD', 'num_log1p_standard_scaler__AST_BLOOD', 'num_log1p_standard_scaler__ROE', 'num_log1p_standard_scaler__K_BLOOD', 'num_standard_scaler__AGE', 'num_standard_scaler__S_AD_ORIT', 'num_standard_scaler__D_AD_ORIT', 'num_standard_scaler__NA_BLOOD', 'cat_nominal__IBS_POST_0.0', 'cat_nominal__IBS_POST_1.0', 'cat_nominal__IBS_POST_2.0', 'cat_ordinal__INF_ANAM', 'cat_ordinal__STENOK_AN', 'cat_ordinal__FK_STENOK', 'cat_ordinal__GB', 'cat_ordinal__DLIT_AG', 'cat_ordinal__TIME_B_S', 'cat_ordinal__ant_im', 'cat_ordinal__lat_im', 'cat_ordinal__inf_im', 'cat_ordinal__post_im', 'cat_partial_ordinal__HF_right_line', 'cat_partial_ordinal__HF_left_line', 'cat_binary__SEX', 'cat_binary__SIM_GIPERT', 'cat_binary__nr_11', 'cat_binary__nr_01', 'cat_binary__nr_02', 'cat_binary__nr_03', 'cat_binary__nr_04', 'cat_binary__nr_07', 'cat_binary__nr_08', 'cat_binary__np_01', 'cat_binary__np_04', 'cat_binary__np_05', 'cat_binary__np_07', 'cat_binary__np_08', 'cat_binary__np_09', 'cat_binary__np_10', 'cat_binary__endocr_01', 'cat_binary__endocr_02', 'cat_binary__endocr_03', 'cat_binary__zab_leg_01', 'cat_binary__zab_leg_02', 'cat_binary__zab_leg_03', 'cat_binary__zab_leg_04', 'cat_binary__zab_leg_06', 'cat_binary__O_L_POST', 'cat_binary__K_SH_POST', 'cat_binary__MP_TP_POST', 'cat_binary__SVT_POST', 'cat_binary__GT_POST', 'cat_binary__FIB_G_POST', 'cat_binary__IM_PG_P', 'cat_binary__ritm_ecg_p_01', 'cat_binary__ritm_ecg_p_02', 'cat_binary__ritm_ecg_p_04', 'cat_binary__ritm_ecg_p_06', 'cat_binary__ritm_ecg_p_07', 'cat_binary__ritm_ecg_p_08', 'cat_binary__n_r_ecg_p_01', 'cat_binary__n_r_ecg_p_02', 'cat_binary__n_r_ecg_p_03', 'cat_binary__n_r_ecg_p_04', 'cat_binary__n_r_ecg_p_05', 'cat_binary__n_r_ecg_p_06', 'cat_binary__n_r_ecg_p_08', 'cat_binary__n_r_ecg_p_09', 'cat_binary__n_r_ecg_p_10', 'cat_binary__n_p_ecg_p_01', 'cat_binary__n_p_ecg_p_03', 'cat_binary__n_p_ecg_p_04', 'cat_binary__n_p_ecg_p_05', 'cat_binary__n_p_ecg_p_06', 'cat_binary__n_p_ecg_p_07', 'cat_binary__n_p_ecg_p_08', 'cat_binary__n_p_ecg_p_09', 'cat_binary__n_p_ecg_p_10', 'cat_binary__n_p_ecg_p_11', 'cat_binary__n_p_ecg_p_12', 'cat_binary__fibr_ter_01', 'cat_binary__fibr_ter_02', 'cat_binary__fibr_ter_03', 'cat_binary__fibr_ter_05', 'cat_binary__fibr_ter_06', 'cat_binary__fibr_ter_07', 'cat_binary__fibr_ter_08', 'cat_binary__GIPO_K', 'cat_binary__GIPER_NA', 'cat_binary__NITR_S', 'cat_binary__LID_S_n', 'cat_binary__B_BLOK_S_n', 'cat_binary__ANT_CA_S_n', 'cat_binary__GEPAR_S_n', 'cat_binary__ASP_S_n', 'cat_binary__TIKL_S_n', 'cat_binary__TRENT_S_n']"
csl_fp1_fn10__standard,4,6,RandomForestClassifier,generalization,24,61,71,1,0.5414012738853503,0.25263157894736843,0.96,0.4,0.4621212121212121,0.5378787878787878,0.7110606060606061,0.6660603303277891,0.31596319671481127,0.1977288857345636,0.8445454545454546,0.5523551146611865,0.5159235668789809,0.07399177551269531,157,"['num_log1p_standard_scaler__L_BLOOD', 'num_log1p_standard_scaler__AST_BLOOD', 'num_log1p_standard_scaler__ROE', 'num_log1p_standard_scaler__K_BLOOD', 'num_standard_scaler__AGE', 'num_standard_scaler__S_AD_ORIT', 'num_standard_scaler__D_AD_ORIT', 'num_standard_scaler__NA_BLOOD', 'cat_nominal__IBS_POST_2.0', 'cat_ordinal__STENOK_AN', 'cat_ordinal__FK_STENOK', 'cat_ordinal__DLIT_AG', 'cat_ordinal__TIME_B_S', 'cat_ordinal__ant_im', 'cat_ordinal__lat_im', 'cat_ordinal__inf_im', 'cat_partial_ordinal__HF_right_line', 'cat_binary__SEX', 'cat_binary__nr_11', 'cat_binary__nr_02', 'cat_binary__endocr_01', 'cat_binary__zab_leg_02', 'cat_binary__zab_leg_06', 'cat_binary__K_SH_POST', 'cat_binary__MP_TP_POST', 'cat_binary__GT_POST', 'cat_binary__ritm_ecg_p_01', 'cat_binary__ritm_ecg_p_04', 'cat_binary__ritm_ecg_p_07', 'cat_binary__ritm_ecg_p_08', 'cat_binary__n_r_ecg_p_04', 'cat_binary__n_r_ecg_p_09', 'cat_binary__n_p_ecg_p_03', 'cat_binary__n_p_ecg_p_05', 'cat_binary__n_p_ecg_p_08', 'cat_binary__n_p_ecg_p_11', 'cat_binary__fibr_ter_08', 'cat_binary__GIPO_K', 'cat_binary__B_BLOK_S_n', 'cat_binary__ANT_CA_S_n']"
csl_fp1_fn10__standard,4,7,RandomForestClassifier,generalization,24,65,67,1,0.5668789808917197,0.26373626373626374,0.96,0.41379310344827586,0.49242424242424243,0.5075757575757576,0.7262121212121212,0.6875516509523286,0.33535916053788606,0.21856243595374036,0.8984848484848484,0.74813607472623,0.49044585987261147,0.13200044631958008,157,"['num_log1p_standard_scaler__L_BLOOD', 'num_log1p_standard_scaler__AST_BLOOD', 'num_log1p_standard_scaler__ROE', 'num_log1p_standard_scaler__K_BLOOD', 'num_standard_scaler__AGE', 'num_standard_scaler__S_AD_ORIT', 'num_standard_scaler__D_AD_ORIT', 'num_standard_scaler__NA_BLOOD', 'cat_nominal__IBS_POST_0.0', 'cat_nominal__IBS_POST_1.0', 'cat_nominal__IBS_POST_2.0', 'cat_ordinal__INF_ANAM', 'cat_ordinal__STENOK_AN', 'cat_ordinal__FK_STENOK', 'cat_ordinal__DLIT_AG', 'cat_ordinal__TIME_B_S', 'cat_ordinal__ant_im', 'cat_ordinal__inf_im', 'cat_ordinal__post_im', 'cat_partial_ordinal__HF_right_line', 'cat_binary__SEX', 'cat_binary__nr_11', 'cat_binary__nr_03', 'cat_binary__nr_04', 'cat_binary__nr_08', 'cat_binary__np_04', 'cat_binary__np_05', 'cat_binary__endocr_01', 'cat_binary__endocr_02', 'cat_binary__endocr_03', 'cat_binary__zab_leg_01', 'cat_binary__zab_leg_02', 'cat_binary__zab_leg_03', 'cat_binary__zab_leg_04', 'cat_binary__zab_leg_06', 'cat_binary__O_L_POST', 'cat_binary__K_SH_POST', 'cat_binary__MP_TP_POST', 'cat_binary__SVT_POST', 'cat_binary__GT_POST', 'cat_binary__FIB_G_POST', 'cat_binary__IM_PG_P', 'cat_binary__ritm_ecg_p_01', 'cat_binary__ritm_ecg_p_02', 'cat_binary__ritm_ecg_p_04', 'cat_binary__ritm_ecg_p_06', 'cat_binary__ritm_ecg_p_07', 'cat_binary__ritm_ecg_p_08', 'cat_binary__n_r_ecg_p_01', 'cat_binary__n_r_ecg_p_02', 'cat_binary__n_r_ecg_p_03', 'cat_binary__n_r_ecg_p_04', 'cat_binary__n_r_ecg_p_05', 'cat_binary__n_r_ecg_p_06', 'cat_binary__n_r_ecg_p_08', 'cat_binary__n_r_ecg_p_09', 'cat_binary__n_r_ecg_p_10', 'cat_binary__n_p_ecg_p_01', 'cat_binary__n_p_ecg_p_03', 'cat_binary__n_p_ecg_p_04', 'cat_binary__n_p_ecg_p_05', 'cat_binary__n_p_ecg_p_06', 'cat_binary__n_p_ecg_p_07', 'cat_binary__n_p_ecg_p_08', 'cat_binary__n_p_ecg_p_09', 'cat_binary__n_p_ecg_p_10', 'cat_binary__n_p_ecg_p_11', 'cat_binary__n_p_ecg_p_12', 'cat_binary__fibr_ter_01', 'cat_binary__fibr_ter_02', 'cat_binary__fibr_ter_03', 'cat_binary__fibr_ter_05', 'cat_binary__fibr_ter_06', 'cat_binary__fibr_ter_07', 'cat_binary__fibr_ter_08', 'cat_binary__GIPO_K', 'cat_binary__GIPER_NA', 'cat_binary__NITR_S', 'cat_binary__LID_S_n', 'cat_binary__B_BLOK_S_n', 'cat_binary__ANT_CA_S_n', 'cat_binary__GEPAR_S_n', 'cat_binary__ASP_S_n', 'cat_binary__TIKL_S_n', 'cat_binary__TRENT_S_n']"
csl_fp1_fn10__standard,4,8,RandomForestClassifier,generalization,25,54,78,0,0.5031847133757962,0.24271844660194175,1.0,0.390625,0.4090909090909091,0.5909090909090908,0.7045454545454546,0.6396021490668313,0.3151093619261758,0.18065034122842227,0.8681818181818182,0.6416584365447061,0.4968152866242038,0.05588889122009277,157,"['num_log1p_standard_scaler__L_BLOOD', 'num_log1p_standard_scaler__ALT_BLOOD', 'num_log1p_standard_scaler__ROE', 'num_log1p_standard_scaler__K_BLOOD', 'num_standard_scaler__AGE', 'num_standard_scaler__S_AD_ORIT', 'num_standard_scaler__D_AD_ORIT', 'num_standard_scaler__NA_BLOOD', 'cat_nominal__IBS_POST_1.0', 'cat_nominal__IBS_POST_2.0', 'cat_ordinal__INF_ANAM', 'cat_ordinal__FK_STENOK', 'cat_ordinal__GB', 'cat_ordinal__DLIT_AG', 'cat_ordinal__TIME_B_S', 'cat_ordinal__ant_im', 'cat_ordinal__lat_im', 'cat_ordinal__inf_im', 'cat_partial_ordinal__HF_right_line', 'cat_partial_ordinal__HF_left_line', 'cat_binary__SIM_GIPERT', 'cat_binary__nr_11', 'cat_binary__nr_02', 'cat_binary__nr_03', 'cat_binary__nr_04', 'cat_binary__nr_07', 'cat_binary__nr_08', 'cat_binary__np_04', 'cat_binary__np_05', 'cat_binary__np_07', 'cat_binary__np_08', 'cat_binary__np_10', 'cat_binary__endocr_01', 'cat_binary__endocr_02', 'cat_binary__zab_leg_01', 'cat_binary__zab_leg_04', 'cat_binary__O_L_POST', 'cat_binary__K_SH_POST', 'cat_binary__MP_TP_POST', 'cat_binary__GT_POST', 'cat_binary__FIB_G_POST', 'cat_binary__ritm_ecg_p_01', 'cat_binary__ritm_ecg_p_02', 'cat_binary__ritm_ecg_p_07', 'cat_binary__n_r_ecg_p_02', 'cat_binary__n_r_ecg_p_03', 'cat_binary__n_r_ecg_p_04', 'cat_binary__n_r_ecg_p_05', 'cat_binary__n_r_ecg_p_06', 'cat_binary__n_r_ecg_p_08', 'cat_binary__n_r_ecg_p_10', 'cat_binary__n_p_ecg_p_01', 'cat_binary__n_p_ecg_p_03', 'cat_binary__n_p_ecg_p_04', 'cat_binary__n_p_ecg_p_06', 'cat_binary__n_p_ecg_p_12', 'cat_binary__fibr_ter_02', 'cat_binary__fibr_ter_06', 'cat_binary__fibr_ter_07', 'cat_binary__fibr_ter_08', 'cat_binary__GIPO_K', 'cat_binary__GIPER_NA', 'cat_binary__NITR_S', 'cat_binary__LID_S_n', 'cat_binary__B_BLOK_S_n', 'cat_binary__ANT_CA_S_n', 'cat_binary__GEPAR_S_n', 'cat_binary__ASP_S_n', 'cat_binary__TIKL_S_n', 'cat_binary__TRENT_S_n']"
csl_fp1_fn10__standard,4,9,RandomForestClassifier,generalization,24,73,59,1,0.6178343949044586,0.2891566265060241,0.96,0.4444444444444444,0.553030303030303,0.446969696969697,0.7565151515151515,0.7286350876186865,0.37604955762075265,0.26440730907387155,0.8657575757575758,0.579828313810263,0.4394904458598726,0.10190057754516602,157,"['num_log1p_standard_scaler__L_BLOOD', 'num_log1p_standard_scaler__AST_BLOOD', 'num_log1p_standard_scaler__ROE', 'num_log1p_standard_scaler__K_BLOOD', 'num_standard_scaler__AGE', 'num_standard_scaler__S_AD_ORIT', 'num_standard_scaler__D_AD_ORIT', 'num_standard_scaler__NA_BLOOD', 'cat_nominal__IBS_POST_0.0', 'cat_nominal__IBS_POST_2.0', 'cat_ordinal__INF_ANAM', 'cat_ordinal__STENOK_AN', 'cat_ordinal__FK_STENOK', 'cat_ordinal__GB', 'cat_ordinal__DLIT_AG', 'cat_ordinal__TIME_B_S', 'cat_ordinal__ant_im', 'cat_ordinal__inf_im', 'cat_ordinal__post_im', 'cat_partial_ordinal__HF_right_line', 'cat_partial_ordinal__HF_left_line', 'cat_binary__SEX', 'cat_binary__nr_01', 'cat_binary__nr_02', 'cat_binary__nr_03', 'cat_binary__nr_04', 'cat_binary__nr_07', 'cat_binary__np_05', 'cat_binary__np_08', 'cat_binary__endocr_01', 'cat_binary__endocr_02', 'cat_binary__zab_leg_02', 'cat_binary__zab_leg_03', 'cat_binary__zab_leg_06', 'cat_binary__O_L_POST', 'cat_binary__K_SH_POST', 'cat_binary__MP_TP_POST', 'cat_binary__IM_PG_P', 'cat_binary__ritm_ecg_p_01', 'cat_binary__ritm_ecg_p_02', 'cat_binary__ritm_ecg_p_04', 'cat_binary__n_r_ecg_p_02', 'cat_binary__n_r_ecg_p_03', 'cat_binary__n_r_ecg_p_04', 'cat_binary__n_r_ecg_p_05', 'cat_binary__n_r_ecg_p_08', 'cat_binary__n_p_ecg_p_07', 'cat_binary__n_p_ecg_p_08', 'cat_binary__n_p_ecg_p_12', 'cat_binary__fibr_ter_01', 'cat_binary__fibr_ter_03', 'cat_binary__fibr_ter_05', 'cat_binary__fibr_ter_06', 'cat_binary__fibr_ter_07', 'cat_binary__fibr_ter_08', 'cat_binary__GIPO_K', 'cat_binary__GIPER_NA', 'cat_binary__NITR_S', 'cat_binary__LID_S_n', 'cat_binary__B_BLOK_S_n', 'cat_binary__ANT_CA_S_n', 'cat_binary__GEPAR_S_n', 'cat_binary__ASP_S_n', 'cat_binary__TIKL_S_n', 'cat_binary__TRENT_S_n']"
csl_fp1_fn10__standard,4,10,RandomForestClassifier,generalization,24,72,60,1,0.6114649681528662,0.2857142857142857,0.96,0.44036697247706424,0.5454545454545454,0.4545454545454546,0.7527272727272727,0.7236272269866326,0.3707985295903209,0.25834430418957643,0.8363636363636364,0.5807695653283184,0.445859872611465,0.1020059585571289,157,"['num_log1p_standard_scaler__L_BLOOD', 'num_log1p_standard_scaler__ROE', 'num_standard_scaler__AGE', 'num_standard_scaler__S_AD_ORIT', 'num_standard_scaler__D_AD_ORIT', 'cat_ordinal__TIME_B_S', 'cat_ordinal__ant_im', 'cat_ordinal__lat_im', 'cat_ordinal__inf_im', 'cat_partial_ordinal__HF_left_line', 'cat_binary__SEX', 'cat_binary__endocr_01', 'cat_binary__K_SH_POST', 'cat_binary__ritm_ecg_p_01', 'cat_binary__ritm_ecg_p_07']"
csl_fp1_fn10__standard,5,1,RandomForestClassifier,generalization,21,75,58,4,0.6075949367088608,0.26582278481012656,0.84,0.40384615384615385,0.5639097744360902,0.43609022556390975,0.7019548872180451,0.6882472016116853,0.2948173896382008,0.21518987341772156,0.8180451127819549,0.6034917041998489,0.620253164556962,0.08138799667358398,158,"['num_log1p_standard_scaler__L_BLOOD', 'num_log1p_standard_scaler__ROE', 'num_standard_scaler__AGE', 'num_standard_scaler__S_AD_ORIT', 'num_standard_scaler__D_AD_ORIT', 'cat_nominal__IBS_POST_0.0', 'cat_nominal__IBS_POST_2.0', 'cat_ordinal__STENOK_AN', 'cat_ordinal__FK_STENOK', 'cat_ordinal__GB', 'cat_ordinal__ant_im', 'cat_ordinal__inf_im', 'cat_partial_ordinal__HF_right_line', 'cat_binary__SEX', 'cat_binary__SIM_GIPERT', 'cat_binary__nr_02', 'cat_binary__np_04', 'cat_binary__endocr_01', 'cat_binary__zab_leg_02', 'cat_binary__zab_leg_03', 'cat_binary__O_L_POST', 'cat_binary__K_SH_POST', 'cat_binary__ritm_ecg_p_01', 'cat_binary__ritm_ecg_p_07', 'cat_binary__ritm_ecg_p_08', 'cat_binary__n_r_ecg_p_02', 'cat_binary__n_p_ecg_p_03', 'cat_binary__NITR_S', 'cat_binary__B_BLOK_S_n', 'cat_binary__ASP_S_n']"
csl_fp1_fn10__standard,5,2,RandomForestClassifier,generalization,26,50,82,0,0.4810126582278481,0.24074074074074073,1.0,0.3880597014925373,0.3787878787878788,0.6212121212121212,0.6893939393939394,0.6154574548966637,0.30197628139144944,0.16713808176909228,0.8551864801864802,0.6337121035101794,0.5189873417721519,0.13226842880249023,158,"['num_log1p_standard_scaler__L_BLOOD', 'num_standard_scaler__AGE', 'num_standard_scaler__S_AD_ORIT', 'num_standard_scaler__D_AD_ORIT', 'num_standard_scaler__NA_BLOOD', 'cat_nominal__IBS_POST_1.0', 'cat_ordinal__FK_STENOK', 'cat_ordinal__DLIT_AG', 'cat_ordinal__TIME_B_S', 'cat_ordinal__ant_im', 'cat_partial_ordinal__HF_right_line', 'cat_binary__nr_11', 'cat_binary__nr_01', 'cat_binary__nr_04', 'cat_binary__nr_08', 'cat_binary__endocr_02', 'cat_binary__K_SH_POST', 'cat_binary__MP_TP_POST', 'cat_binary__ritm_ecg_p_01', 'cat_binary__ritm_ecg_p_04', 'cat_binary__ritm_ecg_p_07', 'cat_binary__n_r_ecg_p_06', 'cat_binary__n_r_ecg_p_08', 'cat_binary__n_r_ecg_p_09', 'cat_binary__n_r_ecg_p_10', 'cat_binary__n_p_ecg_p_04', 'cat_binary__n_p_ecg_p_07', 'cat_binary__n_p_ecg_p_09', 'cat_binary__ANT_CA_S_n', 'cat_binary__ASP_S_n']"
csl_fp1_fn10__standard,5,3,RandomForestClassifier,generalization,25,74,58,0,0.6305732484076433,0.30120481927710846,1.0,0.46296296296296297,0.5606060606060606,0.43939393939393945,0.7803030303030303,0.7487363091276265,0.41092243449402976,0.2889270654380759,0.8893939393939394,0.604869472724241,0.36942675159235666,0.06988215446472168,157,"['num_log1p_standard_scaler__L_BLOOD', 'num_log1p_standard_scaler__AST_BLOOD', 'num_log1p_standard_scaler__ROE', 'num_standard_scaler__AGE', 'num_standard_scaler__S_AD_ORIT', 'num_standard_scaler__D_AD_ORIT', 'num_standard_scaler__NA_BLOOD', 'cat_nominal__IBS_POST_0.0', 'cat_nominal__IBS_POST_2.0', 'cat_ordinal__INF_ANAM', 'cat_ordinal__FK_STENOK', 'cat_ordinal__DLIT_AG', 'cat_ordinal__TIME_B_S', 'cat_ordinal__ant_im', 'cat_ordinal__inf_im', 'cat_partial_ordinal__HF_right_line', 'cat_partial_ordinal__HF_left_line', 'cat_binary__SEX', 'cat_binary__nr_11', 'cat_binary__nr_01', 'cat_binary__nr_02', 'cat_binary__nr_03', 'cat_binary__nr_04', 'cat_binary__nr_07', 'cat_binary__nr_08', 'cat_binary__np_01', 'cat_binary__np_04', 'cat_binary__np_05', 'cat_binary__np_07', 'cat_binary__np_08', 'cat_binary__np_09', 'cat_binary__np_10', 'cat_binary__endocr_01', 'cat_binary__endocr_02', 'cat_binary__endocr_03', 'cat_binary__zab_leg_01', 'cat_binary__zab_leg_02', 'cat_binary__zab_leg_03', 'cat_binary__zab_leg_04', 'cat_binary__zab_leg_06', 'cat_binary__O_L_POST', 'cat_binary__K_SH_POST', 'cat_binary__MP_TP_POST', 'cat_binary__SVT_POST', 'cat_binary__GT_POST', 'cat_binary__FIB_G_POST', 'cat_binary__IM_PG_P', 'cat_binary__ritm_ecg_p_01', 'cat_binary__ritm_ecg_p_02', 'cat_binary__ritm_ecg_p_04', 'cat_binary__ritm_ecg_p_06', 'cat_binary__ritm_ecg_p_07', 'cat_binary__ritm_ecg_p_08', 'cat_binary__n_r_ecg_p_01', 'cat_binary__n_r_ecg_p_02', 'cat_binary__n_r_ecg_p_03', 'cat_binary__n_r_ecg_p_04', 'cat_binary__n_r_ecg_p_05', 'cat_binary__n_r_ecg_p_06', 'cat_binary__n_r_ecg_p_08', 'cat_binary__n_r_ecg_p_09', 'cat_binary__n_r_ecg_p_10', 'cat_binary__n_p_ecg_p_01', 'cat_binary__n_p_ecg_p_03', 'cat_binary__n_p_ecg_p_04', 'cat_binary__n_p_ecg_p_05', 'cat_binary__n_p_ecg_p_06', 'cat_binary__n_p_ecg_p_07', 'cat_binary__n_p_ecg_p_08', 'cat_binary__n_p_ecg_p_09', 'cat_binary__n_p_ecg_p_10', 'cat_binary__n_p_ecg_p_11', 'cat_binary__n_p_ecg_p_12', 'cat_binary__fibr_ter_01', 'cat_binary__fibr_ter_02', 'cat_binary__fibr_ter_03', 'cat_binary__fibr_ter_05', 'cat_binary__fibr_ter_06', 'cat_binary__fibr_ter_07', 'cat_binary__fibr_ter_08', 'cat_binary__GIPO_K', 'cat_binary__GIPER_NA', 'cat_binary__NITR_S', 'cat_binary__LID_S_n', 'cat_binary__B_BLOK_S_n', 'cat_binary__ANT_CA_S_n', 'cat_binary__GEPAR_S_n', 'cat_binary__ASP_S_n', 'cat_binary__TIKL_S_n', 'cat_binary__TRENT_S_n']"
csl_fp1_fn10__standard,5,4,RandomForestClassifier,generalization,23,82,50,2,0.6687898089171974,0.3150684931506849,0.92,0.46938775510204084,0.6212121212121212,0.3787878787878788,0.7706060606060606,0.7559862111937965,0.397030080244792,0.30436264485344233,0.8627272727272727,0.6826409364080627,0.445859872611465,0.0987546443939209,157,"['num_log1p_standard_scaler__L_BLOOD', 'num_log1p_standard_scaler__ROE', 'num_log1p_standard_scaler__K_BLOOD', 'num_standard_scaler__AGE', 'num_standard_scaler__S_AD_ORIT', 'num_standard_scaler__D_AD_ORIT', 'num_standard_scaler__NA_BLOOD', 'cat_nominal__IBS_POST_0.0', 'cat_nominal__IBS_POST_2.0', 'cat_ordinal__INF_ANAM', 'cat_ordinal__STENOK_AN', 'cat_ordinal__FK_STENOK', 'cat_ordinal__GB', 'cat_ordinal__TIME_B_S', 'cat_ordinal__ant_im', 'cat_ordinal__lat_im', 'cat_ordinal__inf_im', 'cat_partial_ordinal__HF_right_line', 'cat_partial_ordinal__HF_left_line', 'cat_binary__SEX', 'cat_binary__SIM_GIPERT', 'cat_binary__nr_02', 'cat_binary__nr_04', 'cat_binary__nr_07', 'cat_binary__np_01', 'cat_binary__np_07', 'cat_binary__np_08', 'cat_binary__endocr_01', 'cat_binary__zab_leg_01', 'cat_binary__K_SH_POST', 'cat_binary__IM_PG_P', 'cat_binary__ritm_ecg_p_01', 'cat_binary__ritm_ecg_p_02', 'cat_binary__n_r_ecg_p_01', 'cat_binary__n_r_ecg_p_08', 'cat_binary__n_r_ecg_p_10', 'cat_binary__n_p_ecg_p_04', 'cat_binary__n_p_ecg_p_05', 'cat_binary__n_p_ecg_p_06', 'cat_binary__n_p_ecg_p_09', 'cat_binary__n_p_ecg_p_12', 'cat_binary__fibr_ter_03', 'cat_binary__GIPO_K', 'cat_binary__GIPER_NA', 'cat_binary__NITR_S', 'cat_binary__LID_S_n', 'cat_binary__B_BLOK_S_n', 'cat_binary__ANT_CA_S_n', 'cat_binary__ASP_S_n', 'cat_binary__TIKL_S_n']"
csl_fp1_fn10__standard,5,5,RandomForestClassifier,generalization,24,76,56,1,0.6369426751592356,0.3,0.96,0.45714285714285713,0.5757575757575758,0.4242424242424242,0.7678787878787878,0.7434563018276681,0.3921343929484106,0.2832198638366039,0.8972727272727272,0.6858854609327347,0.42038216560509556,0.13455557823181152,157,"['num_log1p_standard_scaler__L_BLOOD', 'num_log1p_standard_scaler__ALT_BLOOD', 'num_log1p_standard_scaler__AST_BLOOD', 'num_log1p_standard_scaler__ROE', 'num_log1p_standard_scaler__K_BLOOD', 'num_standard_scaler__AGE', 'num_standard_scaler__S_AD_ORIT', 'num_standard_scaler__D_AD_ORIT', 'num_standard_scaler__NA_BLOOD', 'cat_nominal__IBS_POST_0.0', 'cat_nominal__IBS_POST_1.0', 'cat_nominal__IBS_POST_2.0', 'cat_ordinal__INF_ANAM', 'cat_ordinal__STENOK_AN', 'cat_ordinal__FK_STENOK', 'cat_ordinal__GB', 'cat_ordinal__DLIT_AG', 'cat_ordinal__TIME_B_S', 'cat_ordinal__ant_im', 'cat_ordinal__lat_im', 'cat_ordinal__inf_im', 'cat_ordinal__post_im', 'cat_partial_ordinal__HF_right_line', 'cat_partial_ordinal__HF_left_line', 'cat_binary__SEX', 'cat_binary__SIM_GIPERT', 'cat_binary__nr_11', 'cat_binary__nr_01', 'cat_binary__nr_02', 'cat_binary__nr_03', 'cat_binary__nr_04', 'cat_binary__nr_07', 'cat_binary__nr_08', 'cat_binary__np_01', 'cat_binary__np_04', 'cat_binary__np_05', 'cat_binary__np_07', 'cat_binary__np_08', 'cat_binary__np_09', 'cat_binary__np_10', 'cat_binary__endocr_01', 'cat_binary__endocr_02', 'cat_binary__endocr_03', 'cat_binary__zab_leg_01', 'cat_binary__zab_leg_02', 'cat_binary__zab_leg_03', 'cat_binary__zab_leg_04', 'cat_binary__zab_leg_06', 'cat_binary__O_L_POST', 'cat_binary__K_SH_POST', 'cat_binary__MP_TP_POST', 'cat_binary__SVT_POST', 'cat_binary__GT_POST', 'cat_binary__FIB_G_POST', 'cat_binary__IM_PG_P', 'cat_binary__ritm_ecg_p_01', 'cat_binary__ritm_ecg_p_02', 'cat_binary__ritm_ecg_p_04', 'cat_binary__ritm_ecg_p_06', 'cat_binary__ritm_ecg_p_07', 'cat_binary__ritm_ecg_p_08', 'cat_binary__n_r_ecg_p_01', 'cat_binary__n_r_ecg_p_02', 'cat_binary__n_r_ecg_p_03', 'cat_binary__n_r_ecg_p_04', 'cat_binary__n_r_ecg_p_05', 'cat_binary__n_r_ecg_p_06', 'cat_binary__n_r_ecg_p_08', 'cat_binary__n_r_ecg_p_09', 'cat_binary__n_r_ecg_p_10', 'cat_binary__n_p_ecg_p_01', 'cat_binary__n_p_ecg_p_03', 'cat_binary__n_p_ecg_p_04', 'cat_binary__n_p_ecg_p_05', 'cat_binary__n_p_ecg_p_06', 'cat_binary__n_p_ecg_p_07', 'cat_binary__n_p_ecg_p_08', 'cat_binary__n_p_ecg_p_09', 'cat_binary__n_p_ecg_p_10', 'cat_binary__n_p_ecg_p_11', 'cat_binary__n_p_ecg_p_12', 'cat_binary__fibr_ter_01', 'cat_binary__fibr_ter_02', 'cat_binary__fibr_ter_03', 'cat_binary__fibr_ter_05', 'cat_binary__fibr_ter_06', 'cat_binary__fibr_ter_07', 'cat_binary__fibr_ter_08', 'cat_binary__GIPO_K', 'cat_binary__GIPER_NA', 'cat_binary__NITR_S', 'cat_binary__LID_S_n', 'cat_binary__B_BLOK_S_n', 'cat_binary__ANT_CA_S_n', 'cat_binary__GEPAR_S_n', 'cat_binary__ASP_S_n', 'cat_binary__TIKL_S_n', 'cat_binary__TRENT_S_n']"
csl_fp1_fn10__standard,5,6,RandomForestClassifier,generalization,23,66,66,2,0.5668789808917197,0.25842696629213485,0.92,0.40350877192982454,0.5,0.5,0.71,0.6782329983125268,0.3101392988097865,0.20612730517549072,0.8221212121212121,0.5349797050098719,0.5477707006369427,0.06423616409301758,157,"['num_log1p_standard_scaler__L_BLOOD', 'num_log1p_standard_scaler__AST_BLOOD', 'num_log1p_standard_scaler__ROE', 'num_standard_scaler__AGE', 'num_standard_scaler__S_AD_ORIT', 'num_standard_scaler__D_AD_ORIT', 'num_standard_scaler__NA_BLOOD', 'cat_nominal__IBS_POST_0.0', 'cat_nominal__IBS_POST_2.0', 'cat_ordinal__INF_ANAM', 'cat_ordinal__STENOK_AN', 'cat_ordinal__FK_STENOK', 'cat_ordinal__GB', 'cat_ordinal__DLIT_AG', 'cat_ordinal__TIME_B_S', 'cat_ordinal__ant_im', 'cat_ordinal__lat_im', 'cat_ordinal__inf_im', 'cat_partial_ordinal__HF_right_line', 'cat_partial_ordinal__HF_left_line', 'cat_binary__SEX', 'cat_binary__SIM_GIPERT', 'cat_binary__nr_01', 'cat_binary__nr_07', 'cat_binary__np_04', 'cat_binary__np_05', 'cat_binary__np_07', 'cat_binary__np_09', 'cat_binary__np_10', 'cat_binary__endocr_03', 'cat_binary__zab_leg_03', 'cat_binary__zab_leg_06', 'cat_binary__O_L_POST', 'cat_binary__K_SH_POST', 'cat_binary__MP_TP_POST', 'cat_binary__FIB_G_POST', 'cat_binary__IM_PG_P', 'cat_binary__ritm_ecg_p_01', 'cat_binary__ritm_ecg_p_02', 'cat_binary__ritm_ecg_p_04', 'cat_binary__ritm_ecg_p_06', 'cat_binary__ritm_ecg_p_07', 'cat_binary__ritm_ecg_p_08', 'cat_binary__n_r_ecg_p_01', 'cat_binary__n_r_ecg_p_02', 'cat_binary__n_r_ecg_p_03', 'cat_binary__n_r_ecg_p_04', 'cat_binary__n_r_ecg_p_05', 'cat_binary__n_r_ecg_p_06', 'cat_binary__n_r_ecg_p_08', 'cat_binary__n_r_ecg_p_09', 'cat_binary__n_r_ecg_p_10', 'cat_binary__n_p_ecg_p_01', 'cat_binary__n_p_ecg_p_03', 'cat_binary__n_p_ecg_p_04', 'cat_binary__n_p_ecg_p_05', 'cat_binary__n_p_ecg_p_06', 'cat_binary__n_p_ecg_p_07', 'cat_binary__n_p_ecg_p_08', 'cat_binary__n_p_ecg_p_09', 'cat_binary__n_p_ecg_p_10', 'cat_binary__n_p_ecg_p_11', 'cat_binary__n_p_ecg_p_12', 'cat_binary__fibr_ter_01', 'cat_binary__fibr_ter_02', 'cat_binary__fibr_ter_03', 'cat_binary__fibr_ter_05', 'cat_binary__fibr_ter_06', 'cat_binary__fibr_ter_07', 'cat_binary__fibr_ter_08', 'cat_binary__GIPO_K', 'cat_binary__GIPER_NA', 'cat_binary__NITR_S', 'cat_binary__LID_S_n', 'cat_binary__B_BLOK_S_n', 'cat_binary__ANT_CA_S_n', 'cat_binary__GEPAR_S_n', 'cat_binary__ASP_S_n', 'cat_binary__TIKL_S_n', 'cat_binary__TRENT_S_n']"
csl_fp1_fn10__standard,5,7,RandomForestClassifier,generalization,22,71,61,3,0.5923566878980892,0.26506024096385544,0.88,0.4074074074074074,0.5378787878787878,0.46212121212121215,0.708939393939394,0.6879922480183431,0.3063038038741984,0.215367796345463,0.8324242424242424,0.5938914970306151,0.5796178343949044,0.11603593826293945,157,"['num_log1p_standard_scaler__L_BLOOD', 'num_log1p_standard_scaler__ROE', 'num_log1p_standard_scaler__K_BLOOD', 'num_standard_scaler__AGE', 'num_standard_scaler__S_AD_ORIT', 'num_standard_scaler__D_AD_ORIT', 'num_standard_scaler__NA_BLOOD', 'cat_nominal__IBS_POST_0.0', 'cat_nominal__IBS_POST_1.0', 'cat_ordinal__INF_ANAM', 'cat_ordinal__STENOK_AN', 'cat_ordinal__FK_STENOK', 'cat_ordinal__DLIT_AG', 'cat_ordinal__TIME_B_S', 'cat_ordinal__ant_im', 'cat_ordinal__lat_im', 'cat_ordinal__inf_im', 'cat_partial_ordinal__HF_right_line', 'cat_partial_ordinal__HF_left_line', 'cat_binary__SEX', 'cat_binary__SIM_GIPERT', 'cat_binary__nr_11', 'cat_binary__nr_01', 'cat_binary__nr_02', 'cat_binary__nr_07', 'cat_binary__np_01', 'cat_binary__np_04', 'cat_binary__np_05', 'cat_binary__endocr_01', 'cat_binary__endocr_02', 'cat_binary__zab_leg_02', 'cat_binary__zab_leg_06', 'cat_binary__O_L_POST', 'cat_binary__K_SH_POST', 'cat_binary__MP_TP_POST', 'cat_binary__GT_POST', 'cat_binary__FIB_G_POST', 'cat_binary__IM_PG_P', 'cat_binary__ritm_ecg_p_01', 'cat_binary__ritm_ecg_p_06', 'cat_binary__ritm_ecg_p_07', 'cat_binary__ritm_ecg_p_08', 'cat_binary__n_r_ecg_p_04', 'cat_binary__n_r_ecg_p_05', 'cat_binary__n_r_ecg_p_06', 'cat_binary__n_r_ecg_p_10', 'cat_binary__n_p_ecg_p_01', 'cat_binary__n_p_ecg_p_03', 'cat_binary__n_p_ecg_p_04', 'cat_binary__n_p_ecg_p_08', 'cat_binary__n_p_ecg_p_10', 'cat_binary__n_p_ecg_p_12', 'cat_binary__fibr_ter_02', 'cat_binary__fibr_ter_03', 'cat_binary__fibr_ter_08', 'cat_binary__NITR_S', 'cat_binary__LID_S_n', 'cat_binary__B_BLOK_S_n', 'cat_binary__ANT_CA_S_n', 'cat_binary__ASP_S_n']"
csl_fp1_fn10__standard,5,8,RandomForestClassifier,generalization,24,45,87,1,0.4394904458598726,0.21621621621621623,0.96,0.35294117647058826,0.3409090909090909,0.6590909090909092,0.6504545454545454,0.5720775535473553,0.24190891485255453,0.12568029363371735,0.8257575757575758,0.6099422135346504,0.6178343949044586,0.0637202262878418,157,"['num_log1p_standard_scaler__L_BLOOD', 'num_log1p_standard_scaler__ALT_BLOOD', 'num_log1p_standard_scaler__ROE', 'num_log1p_standard_scaler__K_BLOOD', 'num_standard_scaler__AGE', 'num_standard_scaler__S_AD_ORIT', 'num_standard_scaler__D_AD_ORIT', 'num_standard_scaler__NA_BLOOD', 'cat_nominal__IBS_POST_0.0', 'cat_nominal__IBS_POST_1.0', 'cat_nominal__IBS_POST_2.0', 'cat_ordinal__INF_ANAM', 'cat_ordinal__FK_STENOK', 'cat_ordinal__GB', 'cat_ordinal__DLIT_AG', 'cat_ordinal__TIME_B_S', 'cat_ordinal__ant_im', 'cat_ordinal__lat_im', 'cat_ordinal__inf_im', 'cat_partial_ordinal__HF_right_line', 'cat_partial_ordinal__HF_left_line', 'cat_binary__SEX', 'cat_binary__SIM_GIPERT', 'cat_binary__nr_11', 'cat_binary__nr_03', 'cat_binary__nr_04', 'cat_binary__nr_08', 'cat_binary__np_04', 'cat_binary__np_05', 'cat_binary__np_07', 'cat_binary__np_08', 'cat_binary__np_09', 'cat_binary__np_10', 'cat_binary__endocr_01', 'cat_binary__endocr_03', 'cat_binary__zab_leg_02', 'cat_binary__zab_leg_06', 'cat_binary__O_L_POST', 'cat_binary__K_SH_POST', 'cat_binary__MP_TP_POST', 'cat_binary__GT_POST', 'cat_binary__IM_PG_P', 'cat_binary__ritm_ecg_p_01', 'cat_binary__ritm_ecg_p_02', 'cat_binary__ritm_ecg_p_06', 'cat_binary__ritm_ecg_p_07', 'cat_binary__ritm_ecg_p_08', 'cat_binary__n_r_ecg_p_02', 'cat_binary__n_r_ecg_p_03', 'cat_binary__n_r_ecg_p_06', 'cat_binary__n_r_ecg_p_08', 'cat_binary__n_r_ecg_p_10', 'cat_binary__n_p_ecg_p_01', 'cat_binary__n_p_ecg_p_03', 'cat_binary__n_p_ecg_p_04', 'cat_binary__n_p_ecg_p_05', 'cat_binary__n_p_ecg_p_06', 'cat_binary__n_p_ecg_p_07', 'cat_binary__n_p_ecg_p_08', 'cat_binary__n_p_ecg_p_09', 'cat_binary__n_p_ecg_p_10', 'cat_binary__n_p_ecg_p_11', 'cat_binary__n_p_ecg_p_12', 'cat_binary__fibr_ter_01', 'cat_binary__fibr_ter_02', 'cat_binary__fibr_ter_03', 'cat_binary__fibr_ter_05', 'cat_binary__fibr_ter_06', 'cat_binary__fibr_ter_07', 'cat_binary__fibr_ter_08', 'cat_binary__GIPO_K', 'cat_binary__GIPER_NA', 'cat_binary__NITR_S', 'cat_binary__LID_S_n', 'cat_binary__B_BLOK_S_n', 'cat_binary__ANT_CA_S_n', 'cat_binary__GEPAR_S_n', 'cat_binary__ASP_S_n', 'cat_binary__TIKL_S_n', 'cat_binary__TRENT_S_n']"
csl_fp1_fn10__standard,5,9,RandomForestClassifier,generalization,25,38,94,0,0.4012738853503185,0.21008403361344538,1.0,0.3472222222222222,0.2878787878787879,0.7121212121212122,0.6439393939393939,0.5365433699886598,0.24592425042952795,0.11405931084163756,0.7684848484848484,0.3997581956370762,0.5987261146496815,0.12390923500061035,157,"['num_log1p_standard_scaler__L_BLOOD', 'num_standard_scaler__AGE', 'num_standard_scaler__S_AD_ORIT', 'num_standard_scaler__D_AD_ORIT', 'num_standard_scaler__NA_BLOOD', 'cat_ordinal__GB', 'cat_partial_ordinal__HF_right_line', 'cat_partial_ordinal__HF_left_line', 'cat_binary__nr_01', 'cat_binary__np_04', 'cat_binary__GT_POST', 'cat_binary__IM_PG_P', 'cat_binary__ritm_ecg_p_07', 'cat_binary__n_p_ecg_p_10', 'cat_binary__ASP_S_n']"
csl_fp1_fn10__standard,5,10,RandomForestClassifier,generalization,20,91,41,5,0.7070063694267515,0.32786885245901637,0.8,0.46511627906976744,0.6893939393939394,0.31060606060606055,0.7446969696969697,0.7426406610973787,0.3673795879369466,0.3090317642556448,0.8545454545454545,0.5736616568255642,0.5796178343949044,0.09915685653686523,157,"['num_log1p_standard_scaler__L_BLOOD', 'num_log1p_standard_scaler__ROE', 'num_log1p_standard_scaler__K_BLOOD', 'num_standard_scaler__AGE', 'num_standard_scaler__S_AD_ORIT', 'num_standard_scaler__D_AD_ORIT', 'num_standard_scaler__NA_BLOOD', 'cat_ordinal__STENOK_AN', 'cat_ordinal__FK_STENOK', 'cat_ordinal__GB', 'cat_ordinal__TIME_B_S', 'cat_ordinal__ant_im', 'cat_ordinal__lat_im', 'cat_ordinal__inf_im', 'cat_partial_ordinal__HF_right_line', 'cat_partial_ordinal__HF_left_line', 'cat_binary__nr_01', 'cat_binary__nr_03', 'cat_binary__nr_04', 'cat_binary__np_07', 'cat_binary__np_08', 'cat_binary__endocr_01', 'cat_binary__endocr_03', 'cat_binary__O_L_POST', 'cat_binary__K_SH_POST', 'cat_binary__MP_TP_POST', 'cat_binary__IM_PG_P', 'cat_binary__ritm_ecg_p_04', 'cat_binary__n_r_ecg_p_02', 'cat_binary__n_r_ecg_p_03', 'cat_binary__n_r_ecg_p_05', 'cat_binary__n_r_ecg_p_08', 'cat_binary__n_r_ecg_p_09', 'cat_binary__n_r_ecg_p_10', 'cat_binary__n_p_ecg_p_01', 'cat_binary__n_p_ecg_p_06', 'cat_binary__fibr_ter_05', 'cat_binary__fibr_ter_07', 'cat_binary__NITR_S', 'cat_binary__ASP_S_n']"
csl_fp1_fn10__standard,6,1,RandomForestClassifier,generalization,23,60,73,2,0.5253164556962026,0.23958333333333334,0.92,0.38016528925619836,0.45112781954887216,0.5488721804511278,0.6855639097744362,0.6442341142666712,0.2773881305202384,0.17237044279927372,0.8592481203007519,0.6731939128815885,0.5886075949367089,0.1267533302307129,158,"['num_log1p_standard_scaler__L_BLOOD', 'num_log1p_standard_scaler__AST_BLOOD', 'num_log1p_standard_scaler__ROE', 'num_standard_scaler__AGE', 'num_standard_scaler__S_AD_ORIT', 'num_standard_scaler__D_AD_ORIT', 'num_standard_scaler__NA_BLOOD', 'cat_nominal__IBS_POST_0.0', 'cat_nominal__IBS_POST_1.0', 'cat_nominal__IBS_POST_2.0', 'cat_ordinal__INF_ANAM', 'cat_ordinal__STENOK_AN', 'cat_ordinal__FK_STENOK', 'cat_ordinal__GB', 'cat_ordinal__TIME_B_S', 'cat_ordinal__ant_im', 'cat_ordinal__inf_im', 'cat_ordinal__post_im', 'cat_partial_ordinal__HF_right_line', 'cat_partial_ordinal__HF_left_line', 'cat_binary__SEX', 'cat_binary__SIM_GIPERT', 'cat_binary__nr_08', 'cat_binary__np_01', 'cat_binary__np_05', 'cat_binary__np_07', 'cat_binary__np_09', 'cat_binary__endocr_01', 'cat_binary__endocr_02', 'cat_binary__zab_leg_01', 'cat_binary__zab_leg_02', 'cat_binary__zab_leg_03', 'cat_binary__O_L_POST', 'cat_binary__K_SH_POST', 'cat_binary__MP_TP_POST', 'cat_binary__SVT_POST', 'cat_binary__GT_POST', 'cat_binary__FIB_G_POST', 'cat_binary__IM_PG_P', 'cat_binary__ritm_ecg_p_01', 'cat_binary__ritm_ecg_p_02', 'cat_binary__ritm_ecg_p_07', 'cat_binary__n_r_ecg_p_01', 'cat_binary__n_r_ecg_p_03', 'cat_binary__n_r_ecg_p_04', 'cat_binary__n_r_ecg_p_06', 'cat_binary__n_r_ecg_p_09', 'cat_binary__n_p_ecg_p_01', 'cat_binary__n_p_ecg_p_06', 'cat_binary__n_p_ecg_p_07', 'cat_binary__n_p_ecg_p_08', 'cat_binary__n_p_ecg_p_10', 'cat_binary__n_p_ecg_p_11', 'cat_binary__n_p_ecg_p_12', 'cat_binary__fibr_ter_01', 'cat_binary__fibr_ter_02', 'cat_binary__GIPO_K', 'cat_binary__NITR_S', 'cat_binary__ANT_CA_S_n', 'cat_binary__ASP_S_n']"
csl_fp1_fn10__standard,6,2,RandomForestClassifier,generalization,25,64,68,1,0.5632911392405063,0.26881720430107525,0.9615384615384616,0.42016806722689076,0.48484848484848486,0.5151515151515151,0.7231934731934733,0.6827887419989189,0.336346546706454,0.21938994701417724,0.8604312354312355,0.6384320709957961,0.4936708860759494,0.13915538787841797,158,"['num_log1p_standard_scaler__L_BLOOD', 'num_log1p_standard_scaler__AST_BLOOD', 'num_log1p_standard_scaler__ROE', 'num_log1p_standard_scaler__K_BLOOD', 'num_standard_scaler__AGE', 'num_standard_scaler__S_AD_ORIT', 'num_standard_scaler__D_AD_ORIT', 'num_standard_scaler__NA_BLOOD', 'cat_nominal__IBS_POST_0.0', 'cat_nominal__IBS_POST_1.0', 'cat_ordinal__INF_ANAM', 'cat_ordinal__STENOK_AN', 'cat_ordinal__FK_STENOK', 'cat_ordinal__GB', 'cat_ordinal__DLIT_AG', 'cat_ordinal__TIME_B_S', 'cat_ordinal__ant_im', 'cat_ordinal__lat_im', 'cat_ordinal__post_im', 'cat_partial_ordinal__HF_right_line', 'cat_partial_ordinal__HF_left_line', 'cat_binary__nr_11', 'cat_binary__nr_01', 'cat_binary__nr_02', 'cat_binary__nr_07', 'cat_binary__nr_08', 'cat_binary__np_01', 'cat_binary__np_09', 'cat_binary__endocr_01', 'cat_binary__zab_leg_01', 'cat_binary__zab_leg_02', 'cat_binary__zab_leg_03', 'cat_binary__zab_leg_06', 'cat_binary__O_L_POST', 'cat_binary__K_SH_POST', 'cat_binary__MP_TP_POST', 'cat_binary__SVT_POST', 'cat_binary__GT_POST', 'cat_binary__ritm_ecg_p_01', 'cat_binary__ritm_ecg_p_02', 'cat_binary__ritm_ecg_p_04', 'cat_binary__ritm_ecg_p_06', 'cat_binary__ritm_ecg_p_07', 'cat_binary__ritm_ecg_p_08', 'cat_binary__n_r_ecg_p_03', 'cat_binary__n_r_ecg_p_04', 'cat_binary__n_r_ecg_p_05', 'cat_binary__n_r_ecg_p_06', 'cat_binary__n_r_ecg_p_08', 'cat_binary__n_r_ecg_p_10', 'cat_binary__n_p_ecg_p_01', 'cat_binary__n_p_ecg_p_03', 'cat_binary__n_p_ecg_p_04', 'cat_binary__n_p_ecg_p_06', 'cat_binary__n_p_ecg_p_07', 'cat_binary__n_p_ecg_p_12', 'cat_binary__fibr_ter_02', 'cat_binary__fibr_ter_03', 'cat_binary__fibr_ter_08', 'cat_binary__GIPER_NA', 'cat_binary__NITR_S', 'cat_binary__B_BLOK_S_n', 'cat_binary__ASP_S_n', 'cat_binary__TIKL_S_n', 'cat_binary__TRENT_S_n']"
csl_fp1_fn10__standard,6,3,RandomForestClassifier,generalization,20,74,58,5,0.5987261146496815,0.2564102564102564,0.8,0.3883495145631068,0.5606060606060606,0.43939393939393945,0.6803030303030303,0.6696901137726676,0.2638937742166416,0.19395322304620666,0.796060606060606,0.49791720219858754,0.6878980891719745,0.055527687072753906,157,"['num_log1p_standard_scaler__L_BLOOD', 'num_log1p_standard_scaler__AST_BLOOD', 'num_log1p_standard_scaler__ROE', 'num_log1p_standard_scaler__K_BLOOD', 'num_standard_scaler__AGE', 'num_standard_scaler__S_AD_ORIT', 'num_standard_scaler__D_AD_ORIT', 'num_standard_scaler__NA_BLOOD', 'cat_nominal__IBS_POST_0.0', 'cat_nominal__IBS_POST_2.0', 'cat_ordinal__STENOK_AN', 'cat_ordinal__FK_STENOK', 'cat_ordinal__GB', 'cat_ordinal__TIME_B_S', 'cat_ordinal__ant_im', 'cat_ordinal__inf_im', 'cat_partial_ordinal__HF_right_line', 'cat_binary__SEX', 'cat_binary__SIM_GIPERT', 'cat_binary__nr_11', 'cat_binary__nr_03', 'cat_binary__nr_08', 'cat_binary__np_01', 'cat_binary__np_07', 'cat_binary__np_09', 'cat_binary__np_10', 'cat_binary__endocr_01', 'cat_binary__endocr_03', 'cat_binary__zab_leg_02', 'cat_binary__zab_leg_03', 'cat_binary__zab_leg_04', 'cat_binary__zab_leg_06', 'cat_binary__O_L_POST', 'cat_binary__K_SH_POST', 'cat_binary__MP_TP_POST', 'cat_binary__SVT_POST', 'cat_binary__GT_POST', 'cat_binary__FIB_G_POST', 'cat_binary__IM_PG_P', 'cat_binary__ritm_ecg_p_01', 'cat_binary__ritm_ecg_p_04', 'cat_binary__ritm_ecg_p_06', 'cat_binary__ritm_ecg_p_07', 'cat_binary__ritm_ecg_p_08', 'cat_binary__n_r_ecg_p_02', 'cat_binary__n_r_ecg_p_04', 'cat_binary__n_r_ecg_p_05', 'cat_binary__n_r_ecg_p_06', 'cat_binary__n_r_ecg_p_09', 'cat_binary__n_r_ecg_p_10', 'cat_binary__n_p_ecg_p_03', 'cat_binary__n_p_ecg_p_04', 'cat_binary__n_p_ecg_p_05', 'cat_binary__n_p_ecg_p_10', 'cat_binary__n_p_ecg_p_11', 'cat_binary__n_p_ecg_p_12', 'cat_binary__fibr_ter_02', 'cat_binary__fibr_ter_05', 'cat_binary__fibr_ter_06', 'cat_binary__fibr_ter_07', 'cat_binary__GIPO_K', 'cat_binary__GIPER_NA', 'cat_binary__NITR_S', 'cat_binary__LID_S_n', 'cat_binary__B_BLOK_S_n', 'cat_binary__ANT_CA_S_n', 'cat_binary__GEPAR_S_n', 'cat_binary__ASP_S_n', 'cat_binary__TIKL_S_n', 'cat_binary__TRENT_S_n']"
csl_fp1_fn10__standard,6,4,RandomForestClassifier,generalization,25,76,56,0,0.643312101910828,0.30864197530864196,1.0,0.4716981132075472,0.5757575757575758,0.4242424242424242,0.7878787878787878,0.7587869106393281,0.42154828368851566,0.30177890724269385,0.9254545454545455,0.717087469692582,0.35668789808917195,0.11673426628112793,157,"['num_log1p_standard_scaler__L_BLOOD', 'num_log1p_standard_scaler__K_BLOOD', 'num_standard_scaler__AGE', 'num_standard_scaler__S_AD_ORIT', 'num_standard_scaler__D_AD_ORIT', 'num_standard_scaler__NA_BLOOD', 'cat_nominal__IBS_POST_0.0', 'cat_ordinal__STENOK_AN', 'cat_ordinal__FK_STENOK', 'cat_ordinal__GB', 'cat_ordinal__DLIT_AG', 'cat_ordinal__TIME_B_S', 'cat_ordinal__ant_im', 'cat_ordinal__lat_im', 'cat_ordinal__post_im', 'cat_partial_ordinal__HF_right_line', 'cat_partial_ordinal__HF_left_line', 'cat_binary__SEX', 'cat_binary__nr_04', 'cat_binary__nr_08', 'cat_binary__np_05', 'cat_binary__np_07', 'cat_binary__np_09', 'cat_binary__endocr_01', 'cat_binary__endocr_02', 'cat_binary__endocr_03', 'cat_binary__zab_leg_01', 'cat_binary__zab_leg_02', 'cat_binary__zab_leg_06', 'cat_binary__O_L_POST', 'cat_binary__K_SH_POST', 'cat_binary__MP_TP_POST', 'cat_binary__SVT_POST', 'cat_binary__GT_POST', 'cat_binary__IM_PG_P', 'cat_binary__ritm_ecg_p_01', 'cat_binary__ritm_ecg_p_04', 'cat_binary__ritm_ecg_p_06', 'cat_binary__ritm_ecg_p_08', 'cat_binary__n_r_ecg_p_05', 'cat_binary__n_r_ecg_p_08', 'cat_binary__n_p_ecg_p_03', 'cat_binary__n_p_ecg_p_09', 'cat_binary__n_p_ecg_p_10', 'cat_binary__n_p_ecg_p_12', 'cat_binary__fibr_ter_02', 'cat_binary__fibr_ter_07', 'cat_binary__GIPO_K', 'cat_binary__NITR_S', 'cat_binary__LID_S_n']"
csl_fp1_fn10__standard,6,5,RandomForestClassifier,generalization,24,75,57,1,0.6305732484076433,0.2962962962962963,0.96,0.4528301886792453,0.5681818181818182,0.43181818181818177,0.7640909090909092,0.7385489458759964,0.38671508340478045,0.2768424396442186,0.8496969696969697,0.5352004560411622,0.4267515923566879,0.1385173797607422,157,"['num_log1p_standard_scaler__L_BLOOD', 'num_log1p_standard_scaler__AST_BLOOD', 'num_log1p_standard_scaler__ROE', 'num_standard_scaler__AGE', 'num_standard_scaler__S_AD_ORIT', 'num_standard_scaler__D_AD_ORIT', 'num_standard_scaler__NA_BLOOD', 'cat_nominal__IBS_POST_0.0', 'cat_nominal__IBS_POST_1.0', 'cat_ordinal__INF_ANAM', 'cat_ordinal__STENOK_AN', 'cat_ordinal__FK_STENOK', 'cat_ordinal__GB', 'cat_ordinal__DLIT_AG', 'cat_ordinal__TIME_B_S', 'cat_ordinal__ant_im', 'cat_ordinal__lat_im', 'cat_ordinal__inf_im', 'cat_partial_ordinal__HF_right_line', 'cat_partial_ordinal__HF_left_line', 'cat_binary__SEX', 'cat_binary__SIM_GIPERT', 'cat_binary__nr_11', 'cat_binary__nr_02', 'cat_binary__nr_03', 'cat_binary__nr_04', 'cat_binary__np_07', 'cat_binary__np_08', 'cat_binary__np_10', 'cat_binary__endocr_03', 'cat_binary__zab_leg_02', 'cat_binary__zab_leg_03', 'cat_binary__O_L_POST', 'cat_binary__K_SH_POST', 'cat_binary__MP_TP_POST', 'cat_binary__SVT_POST', 'cat_binary__FIB_G_POST', 'cat_binary__IM_PG_P', 'cat_binary__ritm_ecg_p_01', 'cat_binary__ritm_ecg_p_02', 'cat_binary__ritm_ecg_p_07', 'cat_binary__n_r_ecg_p_01', 'cat_binary__n_r_ecg_p_04', 'cat_binary__n_r_ecg_p_09', 'cat_binary__n_p_ecg_p_04', 'cat_binary__n_p_ecg_p_05', 'cat_binary__n_p_ecg_p_06', 'cat_binary__n_p_ecg_p_07', 'cat_binary__n_p_ecg_p_08', 'cat_binary__n_p_ecg_p_09', 'cat_binary__n_p_ecg_p_10', 'cat_binary__n_p_ecg_p_11', 'cat_binary__n_p_ecg_p_12', 'cat_binary__fibr_ter_01', 'cat_binary__fibr_ter_02', 'cat_binary__fibr_ter_03', 'cat_binary__fibr_ter_05', 'cat_binary__fibr_ter_06', 'cat_binary__fibr_ter_07', 'cat_binary__fibr_ter_08', 'cat_binary__GIPO_K', 'cat_binary__GIPER_NA', 'cat_binary__NITR_S', 'cat_binary__LID_S_n', 'cat_binary__B_BLOK_S_n', 'cat_binary__ANT_CA_S_n', 'cat_binary__GEPAR_S_n', 'cat_binary__ASP_S_n', 'cat_binary__TIKL_S_n', 'cat_binary__TRENT_S_n']"
csl_fp1_fn10__standard,6,6,RandomForestClassifier,generalization,24,51,81,1,0.47770700636942676,0.22857142857142856,0.96,0.36923076923076925,0.38636363636363635,0.6136363636363636,0.6731818181818181,0.6090230627070627,0.2692730807340236,0.1507915567282323,0.8548484848484849,0.5600901145154599,0.5796178343949044,0.05964064598083496,157,"['num_log1p_standard_scaler__L_BLOOD', 'num_log1p_standard_scaler__ROE', 'num_log1p_standard_scaler__K_BLOOD', 'num_standard_scaler__AGE', 'num_standard_scaler__S_AD_ORIT', 'num_standard_scaler__D_AD_ORIT', 'num_standard_scaler__NA_BLOOD', 'cat_nominal__IBS_POST_1.0', 'cat_nominal__IBS_POST_2.0', 'cat_ordinal__INF_ANAM', 'cat_ordinal__FK_STENOK', 'cat_ordinal__TIME_B_S', 'cat_ordinal__ant_im', 'cat_ordinal__lat_im', 'cat_ordinal__inf_im', 'cat_partial_ordinal__HF_right_line', 'cat_partial_ordinal__HF_left_line', 'cat_binary__SEX', 'cat_binary__SIM_GIPERT', 'cat_binary__nr_02', 'cat_binary__nr_08', 'cat_binary__np_04', 'cat_binary__np_05', 'cat_binary__np_07', 'cat_binary__np_10', 'cat_binary__endocr_01', 'cat_binary__zab_leg_02', 'cat_binary__zab_leg_03', 'cat_binary__zab_leg_04', 'cat_binary__zab_leg_06', 'cat_binary__O_L_POST', 'cat_binary__K_SH_POST', 'cat_binary__MP_TP_POST', 'cat_binary__SVT_POST', 'cat_binary__GT_POST', 'cat_binary__FIB_G_POST', 'cat_binary__IM_PG_P', 'cat_binary__ritm_ecg_p_01', 'cat_binary__ritm_ecg_p_02', 'cat_binary__ritm_ecg_p_04', 'cat_binary__ritm_ecg_p_06', 'cat_binary__ritm_ecg_p_07', 'cat_binary__ritm_ecg_p_08', 'cat_binary__n_r_ecg_p_01', 'cat_binary__n_r_ecg_p_02', 'cat_binary__n_r_ecg_p_03', 'cat_binary__n_r_ecg_p_04', 'cat_binary__n_r_ecg_p_05', 'cat_binary__n_r_ecg_p_06', 'cat_binary__n_r_ecg_p_08', 'cat_binary__n_r_ecg_p_09', 'cat_binary__n_r_ecg_p_10', 'cat_binary__n_p_ecg_p_01', 'cat_binary__n_p_ecg_p_03', 'cat_binary__n_p_ecg_p_04', 'cat_binary__n_p_ecg_p_05', 'cat_binary__n_p_ecg_p_06', 'cat_binary__n_p_ecg_p_07', 'cat_binary__n_p_ecg_p_08', 'cat_binary__n_p_ecg_p_09', 'cat_binary__n_p_ecg_p_10', 'cat_binary__n_p_ecg_p_11', 'cat_binary__n_p_ecg_p_12', 'cat_binary__fibr_ter_01', 'cat_binary__fibr_ter_02', 'cat_binary__fibr_ter_03', 'cat_binary__fibr_ter_05', 'cat_binary__fibr_ter_06', 'cat_binary__fibr_ter_07', 'cat_binary__fibr_ter_08', 'cat_binary__GIPO_K', 'cat_binary__GIPER_NA', 'cat_binary__NITR_S', 'cat_binary__LID_S_n', 'cat_binary__B_BLOK_S_n', 'cat_binary__ANT_CA_S_n', 'cat_binary__GEPAR_S_n', 'cat_binary__ASP_S_n', 'cat_binary__TIKL_S_n', 'cat_binary__TRENT_S_n']"
csl_fp1_fn10__standard,6,7,RandomForestClassifier,generalization,23,39,93,2,0.39490445859872614,0.19827586206896552,0.92,0.3262411347517731,0.29545454545454547,0.7045454545454546,0.6077272727272728,0.5213618530523516,0.17946993594924504,0.08704168451980165,0.7321212121212122,0.5365673156483213,0.7197452229299363,0.08377957344055176,157,"['num_log1p_standard_scaler__L_BLOOD', 'num_standard_scaler__AGE', 'num_standard_scaler__S_AD_ORIT', 'num_standard_scaler__D_AD_ORIT', 'cat_nominal__IBS_POST_1.0', 'cat_ordinal__ant_im', 'cat_binary__endocr_03', 'cat_binary__zab_leg_01', 'cat_binary__zab_leg_02', 'cat_binary__K_SH_POST', 'cat_binary__MP_TP_POST', 'cat_binary__ritm_ecg_p_01', 'cat_binary__n_p_ecg_p_03', 'cat_binary__n_p_ecg_p_04', 'cat_binary__GIPER_NA']"
csl_fp1_fn10__standard,6,8,RandomForestClassifier,generalization,24,67,65,1,0.5796178343949044,0.2696629213483146,0.96,0.42105263157894735,0.5075757575757576,0.49242424242424243,0.7337878787878788,0.6980492298346351,0.34527051808333376,0.2294765020820939,0.85,0.6249510711932627,0.47770700636942676,0.11123228073120117,157,"['num_log1p_standard_scaler__L_BLOOD', 'num_log1p_standard_scaler__ALT_BLOOD', 'num_log1p_standard_scaler__ROE', 'num_log1p_standard_scaler__K_BLOOD', 'num_standard_scaler__AGE', 'num_standard_scaler__S_AD_ORIT', 'num_standard_scaler__D_AD_ORIT', 'num_standard_scaler__NA_BLOOD', 'cat_nominal__IBS_POST_0.0', 'cat_nominal__IBS_POST_2.0', 'cat_ordinal__STENOK_AN', 'cat_ordinal__FK_STENOK', 'cat_ordinal__GB', 'cat_ordinal__DLIT_AG', 'cat_ordinal__TIME_B_S', 'cat_ordinal__ant_im', 'cat_ordinal__lat_im', 'cat_ordinal__inf_im', 'cat_partial_ordinal__HF_right_line', 'cat_partial_ordinal__HF_left_line', 'cat_binary__SEX', 'cat_binary__SIM_GIPERT', 'cat_binary__nr_11', 'cat_binary__nr_04', 'cat_binary__nr_07', 'cat_binary__np_01', 'cat_binary__np_08', 'cat_binary__np_09', 'cat_binary__endocr_01', 'cat_binary__endocr_03', 'cat_binary__zab_leg_01', 'cat_binary__zab_leg_03', 'cat_binary__zab_leg_04', 'cat_binary__zab_leg_06', 'cat_binary__K_SH_POST', 'cat_binary__MP_TP_POST', 'cat_binary__IM_PG_P', 'cat_binary__ritm_ecg_p_01', 'cat_binary__ritm_ecg_p_02', 'cat_binary__ritm_ecg_p_04', 'cat_binary__ritm_ecg_p_07', 'cat_binary__ritm_ecg_p_08', 'cat_binary__n_r_ecg_p_03', 'cat_binary__n_r_ecg_p_04', 'cat_binary__n_r_ecg_p_06', 'cat_binary__n_r_ecg_p_08', 'cat_binary__n_r_ecg_p_10', 'cat_binary__n_p_ecg_p_03', 'cat_binary__n_p_ecg_p_08', 'cat_binary__n_p_ecg_p_09', 'cat_binary__n_p_ecg_p_10', 'cat_binary__n_p_ecg_p_11', 'cat_binary__fibr_ter_01', 'cat_binary__fibr_ter_08', 'cat_binary__NITR_S', 'cat_binary__LID_S_n', 'cat_binary__B_BLOK_S_n', 'cat_binary__GEPAR_S_n', 'cat_binary__ASP_S_n', 'cat_binary__TRENT_S_n']"
csl_fp1_fn10__standard,6,9,RandomForestClassifier,generalization,24,81,51,1,0.6687898089171974,0.32,0.96,0.48,0.6136363636363636,0.38636363636363635,0.7868181818181819,0.7675225788801976,0.420200036831789,0.3168200836820083,0.8836363636363637,0.6100784687434408,0.3885350318471338,0.13240265846252441,157,"['num_log1p_standard_scaler__L_BLOOD', 'num_log1p_standard_scaler__ROE', 'num_standard_scaler__AGE', 'num_standard_scaler__S_AD_ORIT', 'num_standard_scaler__D_AD_ORIT', 'num_standard_scaler__NA_BLOOD', 'cat_nominal__IBS_POST_1.0', 'cat_nominal__IBS_POST_2.0', 'cat_ordinal__INF_ANAM', 'cat_ordinal__STENOK_AN', 'cat_ordinal__FK_STENOK', 'cat_ordinal__GB', 'cat_ordinal__DLIT_AG', 'cat_ordinal__TIME_B_S', 'cat_ordinal__ant_im', 'cat_ordinal__lat_im', 'cat_ordinal__inf_im', 'cat_partial_ordinal__HF_right_line', 'cat_partial_ordinal__HF_left_line', 'cat_binary__SEX', 'cat_binary__nr_11', 'cat_binary__nr_08', 'cat_binary__np_04', 'cat_binary__np_07', 'cat_binary__np_08', 'cat_binary__np_09', 'cat_binary__np_10', 'cat_binary__endocr_01', 'cat_binary__endocr_02', 'cat_binary__endocr_03', 'cat_binary__zab_leg_01', 'cat_binary__zab_leg_02', 'cat_binary__zab_leg_03', 'cat_binary__zab_leg_04', 'cat_binary__zab_leg_06', 'cat_binary__O_L_POST', 'cat_binary__K_SH_POST', 'cat_binary__MP_TP_POST', 'cat_binary__SVT_POST', 'cat_binary__GT_POST', 'cat_binary__FIB_G_POST', 'cat_binary__IM_PG_P', 'cat_binary__ritm_ecg_p_01', 'cat_binary__ritm_ecg_p_02', 'cat_binary__ritm_ecg_p_04', 'cat_binary__ritm_ecg_p_06', 'cat_binary__ritm_ecg_p_07', 'cat_binary__ritm_ecg_p_08', 'cat_binary__n_r_ecg_p_01', 'cat_binary__n_r_ecg_p_02', 'cat_binary__n_r_ecg_p_03', 'cat_binary__n_r_ecg_p_04', 'cat_binary__n_r_ecg_p_05', 'cat_binary__n_r_ecg_p_06', 'cat_binary__n_r_ecg_p_08', 'cat_binary__n_r_ecg_p_09', 'cat_binary__n_r_ecg_p_10', 'cat_binary__n_p_ecg_p_01', 'cat_binary__n_p_ecg_p_03', 'cat_binary__n_p_ecg_p_04', 'cat_binary__n_p_ecg_p_05', 'cat_binary__n_p_ecg_p_06', 'cat_binary__n_p_ecg_p_07', 'cat_binary__n_p_ecg_p_08', 'cat_binary__n_p_ecg_p_09', 'cat_binary__n_p_ecg_p_10', 'cat_binary__n_p_ecg_p_11', 'cat_binary__n_p_ecg_p_12', 'cat_binary__fibr_ter_01', 'cat_binary__fibr_ter_02', 'cat_binary__fibr_ter_03', 'cat_binary__fibr_ter_05', 'cat_binary__fibr_ter_06', 'cat_binary__fibr_ter_07', 'cat_binary__fibr_ter_08', 'cat_binary__GIPO_K', 'cat_binary__GIPER_NA', 'cat_binary__NITR_S', 'cat_binary__LID_S_n', 'cat_binary__B_BLOK_S_n', 'cat_binary__ANT_CA_S_n', 'cat_binary__GEPAR_S_n', 'cat_binary__ASP_S_n', 'cat_binary__TIKL_S_n', 'cat_binary__TRENT_S_n']"
csl_fp1_fn10__standard,6,10,RandomForestClassifier,generalization,23,77,55,2,0.6369426751592356,0.2948717948717949,0.92,0.44660194174757284,0.5833333333333334,0.41666666666666663,0.7516666666666667,0.7325753658611971,0.3683424865326401,0.27071958275609165,0.8448484848484848,0.549313256049594,0.47770700636942676,0.12329268455505371,157,"['num_log1p_standard_scaler__L_BLOOD', 'num_standard_scaler__AGE', 'num_standard_scaler__S_AD_ORIT', 'num_standard_scaler__D_AD_ORIT', 'num_standard_scaler__NA_BLOOD', 'cat_nominal__IBS_POST_2.0', 'cat_ordinal__INF_ANAM', 'cat_ordinal__STENOK_AN', 'cat_ordinal__FK_STENOK', 'cat_ordinal__DLIT_AG', 'cat_ordinal__TIME_B_S', 'cat_ordinal__ant_im', 'cat_ordinal__inf_im', 'cat_partial_ordinal__HF_right_line', 'cat_partial_ordinal__HF_left_line', 'cat_binary__SEX', 'cat_binary__nr_02', 'cat_binary__nr_08', 'cat_binary__endocr_01', 'cat_binary__endocr_03', 'cat_binary__zab_leg_02', 'cat_binary__zab_leg_03', 'cat_binary__O_L_POST', 'cat_binary__K_SH_POST', 'cat_binary__MP_TP_POST', 'cat_binary__GT_POST', 'cat_binary__ritm_ecg_p_01', 'cat_binary__ritm_ecg_p_07', 'cat_binary__ritm_ecg_p_08', 'cat_binary__n_r_ecg_p_05', 'cat_binary__n_r_ecg_p_06', 'cat_binary__n_p_ecg_p_06', 'cat_binary__n_p_ecg_p_09', 'cat_binary__n_p_ecg_p_12', 'cat_binary__fibr_ter_02', 'cat_binary__fibr_ter_05', 'cat_binary__fibr_ter_07', 'cat_binary__NITR_S', 'cat_binary__B_BLOK_S_n', 'cat_binary__ASP_S_n']"
csl_fp1_fn10__standard,7,1,RandomForestClassifier,generalization,21,83,50,4,0.6582278481012658,0.29577464788732394,0.84,0.4375,0.6240601503759399,0.37593984962406013,0.7320300751879699,0.7240238437481112,0.34047192058688613,0.2656223102082974,0.8381954887218046,0.48520267303414233,0.569620253164557,0.07935404777526855,158,"['num_log1p_standard_scaler__L_BLOOD', 'num_log1p_standard_scaler__ALT_BLOOD', 'num_log1p_standard_scaler__AST_BLOOD', 'num_log1p_standard_scaler__ROE', 'num_standard_scaler__AGE', 'num_standard_scaler__S_AD_ORIT', 'num_standard_scaler__D_AD_ORIT', 'num_standard_scaler__NA_BLOOD', 'cat_nominal__IBS_POST_0.0', 'cat_nominal__IBS_POST_2.0', 'cat_ordinal__INF_ANAM', 'cat_ordinal__STENOK_AN', 'cat_ordinal__FK_STENOK', 'cat_ordinal__DLIT_AG', 'cat_ordinal__TIME_B_S', 'cat_ordinal__ant_im', 'cat_ordinal__lat_im', 'cat_ordinal__inf_im', 'cat_ordinal__post_im', 'cat_partial_ordinal__HF_left_line', 'cat_binary__SEX', 'cat_binary__nr_01', 'cat_binary__nr_03', 'cat_binary__nr_04', 'cat_binary__nr_08', 'cat_binary__np_01', 'cat_binary__np_05', 'cat_binary__np_07', 'cat_binary__np_08', 'cat_binary__np_10', 'cat_binary__endocr_01', 'cat_binary__endocr_02', 'cat_binary__endocr_03', 'cat_binary__zab_leg_02', 'cat_binary__zab_leg_03', 'cat_binary__O_L_POST', 'cat_binary__K_SH_POST', 'cat_binary__MP_TP_POST', 'cat_binary__SVT_POST', 'cat_binary__IM_PG_P', 'cat_binary__ritm_ecg_p_01', 'cat_binary__ritm_ecg_p_07', 'cat_binary__n_r_ecg_p_01', 'cat_binary__n_r_ecg_p_03', 'cat_binary__n_r_ecg_p_05', 'cat_binary__n_r_ecg_p_06', 'cat_binary__n_r_ecg_p_09', 'cat_binary__n_r_ecg_p_10', 'cat_binary__n_p_ecg_p_03', 'cat_binary__n_p_ecg_p_04', 'cat_binary__n_p_ecg_p_05', 'cat_binary__n_p_ecg_p_06', 'cat_binary__n_p_ecg_p_07', 'cat_binary__n_p_ecg_p_09', 'cat_binary__n_p_ecg_p_12', 'cat_binary__fibr_ter_03', 'cat_binary__fibr_ter_05', 'cat_binary__fibr_ter_06', 'cat_binary__fibr_ter_07', 'cat_binary__fibr_ter_08', 'cat_binary__GIPO_K', 'cat_binary__GIPER_NA', 'cat_binary__NITR_S', 'cat_binary__LID_S_n', 'cat_binary__B_BLOK_S_n', 'cat_binary__ANT_CA_S_n', 'cat_binary__GEPAR_S_n', 'cat_binary__ASP_S_n', 'cat_binary__TIKL_S_n', 'cat_binary__TRENT_S_n']"
csl_fp1_fn10__standard,7,2,RandomForestClassifier,generalization,25,64,68,1,0.5632911392405063,0.26881720430107525,0.9615384615384616,0.42016806722689076,0.48484848484848486,0.5151515151515151,0.7231934731934733,0.6827887419989189,0.336346546706454,0.21938994701417724,0.8688811188811189,0.6035198276398402,0.4936708860759494,0.13956737518310547,158,"['num_log1p_standard_scaler__L_BLOOD', 'num_log1p_standard_scaler__AST_BLOOD', 'num_log1p_standard_scaler__ROE', 'num_log1p_standard_scaler__K_BLOOD', 'num_standard_scaler__AGE', 'num_standard_scaler__S_AD_ORIT', 'num_standard_scaler__D_AD_ORIT', 'num_standard_scaler__NA_BLOOD', 'cat_nominal__IBS_POST_0.0', 'cat_nominal__IBS_POST_2.0', 'cat_ordinal__INF_ANAM', 'cat_ordinal__STENOK_AN', 'cat_ordinal__FK_STENOK', 'cat_ordinal__GB', 'cat_ordinal__DLIT_AG', 'cat_ordinal__TIME_B_S', 'cat_ordinal__ant_im', 'cat_ordinal__inf_im', 'cat_partial_ordinal__HF_right_line', 'cat_binary__SEX', 'cat_binary__nr_01', 'cat_binary__nr_04', 'cat_binary__np_01', 'cat_binary__np_07', 'cat_binary__np_09', 'cat_binary__endocr_01', 'cat_binary__endocr_02', 'cat_binary__endocr_03', 'cat_binary__zab_leg_01', 'cat_binary__zab_leg_03', 'cat_binary__zab_leg_04', 'cat_binary__zab_leg_06', 'cat_binary__O_L_POST', 'cat_binary__K_SH_POST', 'cat_binary__MP_TP_POST', 'cat_binary__SVT_POST', 'cat_binary__GT_POST', 'cat_binary__FIB_G_POST', 'cat_binary__IM_PG_P', 'cat_binary__ritm_ecg_p_01', 'cat_binary__ritm_ecg_p_02', 'cat_binary__ritm_ecg_p_06', 'cat_binary__n_r_ecg_p_01', 'cat_binary__n_r_ecg_p_04', 'cat_binary__n_r_ecg_p_10', 'cat_binary__n_p_ecg_p_01', 'cat_binary__n_p_ecg_p_06', 'cat_binary__n_p_ecg_p_07', 'cat_binary__n_p_ecg_p_09', 'cat_binary__n_p_ecg_p_12', 'cat_binary__fibr_ter_02', 'cat_binary__fibr_ter_06', 'cat_binary__fibr_ter_07', 'cat_binary__fibr_ter_08', 'cat_binary__GIPO_K', 'cat_binary__GIPER_NA', 'cat_binary__NITR_S', 'cat_binary__B_BLOK_S_n', 'cat_binary__ANT_CA_S_n', 'cat_binary__ASP_S_n']"
csl_fp1_fn10__standard,7,3,RandomForestClassifier,generalization,24,34,98,1,0.36942675159235666,0.19672131147540983,0.96,0.32653061224489793,0.25757575757575757,0.7424242424242424,0.6087878787878788,0.4972652484064488,0.19127294152364743,0.08457506331350484,0.7687878787878788,0.5716174150031554,0.6878980891719745,0.054346323013305664,157,"['num_log1p_standard_scaler__L_BLOOD', 'num_log1p_standard_scaler__ROE', 'num_log1p_standard_scaler__K_BLOOD', 'num_standard_scaler__AGE', 'num_standard_scaler__S_AD_ORIT', 'num_standard_scaler__D_AD_ORIT', 'num_standard_scaler__NA_BLOOD', 'cat_nominal__IBS_POST_0.0', 'cat_nominal__IBS_POST_2.0', 'cat_ordinal__STENOK_AN', 'cat_ordinal__FK_STENOK', 'cat_ordinal__DLIT_AG', 'cat_ordinal__TIME_B_S', 'cat_ordinal__ant_im', 'cat_ordinal__lat_im', 'cat_ordinal__inf_im', 'cat_ordinal__post_im', 'cat_partial_ordinal__HF_right_line', 'cat_partial_ordinal__HF_left_line', 'cat_binary__SEX', 'cat_binary__SIM_GIPERT', 'cat_binary__nr_01', 'cat_binary__nr_04', 'cat_binary__np_05', 'cat_binary__np_08', 'cat_binary__np_09', 'cat_binary__endocr_02', 'cat_binary__zab_leg_01', 'cat_binary__zab_leg_02', 'cat_binary__zab_leg_03', 'cat_binary__O_L_POST', 'cat_binary__K_SH_POST', 'cat_binary__MP_TP_POST', 'cat_binary__SVT_POST', 'cat_binary__IM_PG_P', 'cat_binary__ritm_ecg_p_01', 'cat_binary__ritm_ecg_p_02', 'cat_binary__ritm_ecg_p_04', 'cat_binary__ritm_ecg_p_06', 'cat_binary__ritm_ecg_p_07', 'cat_binary__n_r_ecg_p_01', 'cat_binary__n_r_ecg_p_02', 'cat_binary__n_r_ecg_p_05', 'cat_binary__n_r_ecg_p_06', 'cat_binary__n_r_ecg_p_08', 'cat_binary__n_r_ecg_p_09', 'cat_binary__n_r_ecg_p_10', 'cat_binary__n_p_ecg_p_01', 'cat_binary__n_p_ecg_p_03', 'cat_binary__n_p_ecg_p_04', 'cat_binary__n_p_ecg_p_05', 'cat_binary__n_p_ecg_p_06', 'cat_binary__n_p_ecg_p_07', 'cat_binary__n_p_ecg_p_08', 'cat_binary__n_p_ecg_p_09', 'cat_binary__n_p_ecg_p_10', 'cat_binary__n_p_ecg_p_11', 'cat_binary__n_p_ecg_p_12', 'cat_binary__fibr_ter_01', 'cat_binary__fibr_ter_02', 'cat_binary__fibr_ter_03', 'cat_binary__fibr_ter_05', 'cat_binary__fibr_ter_06', 'cat_binary__fibr_ter_07', 'cat_binary__fibr_ter_08', 'cat_binary__GIPO_K', 'cat_binary__GIPER_NA', 'cat_binary__NITR_S', 'cat_binary__LID_S_n', 'cat_binary__B_BLOK_S_n', 'cat_binary__ANT_CA_S_n', 'cat_binary__GEPAR_S_n', 'cat_binary__ASP_S_n', 'cat_binary__TIKL_S_n', 'cat_binary__TRENT_S_n']"
csl_fp1_fn10__standard,7,4,RandomForestClassifier,generalization,25,7,125,0,0.20382165605095542,0.16666666666666666,1.0,0.2857142857142857,0.05303030303030303,0.946969696969697,0.5265151515151515,0.23028309323591914,0.09401267913629437,0.017521902377972465,0.8357575757575757,0.540772437539434,0.7961783439490446,0.10602998733520508,157,"['num_log1p_standard_scaler__L_BLOOD', 'num_log1p_standard_scaler__AST_BLOOD', 'num_log1p_standard_scaler__ROE', 'num_log1p_standard_scaler__K_BLOOD', 'num_standard_scaler__AGE', 'num_standard_scaler__S_AD_ORIT', 'num_standard_scaler__D_AD_ORIT', 'num_standard_scaler__NA_BLOOD', 'cat_nominal__IBS_POST_0.0', 'cat_nominal__IBS_POST_1.0', 'cat_nominal__IBS_POST_2.0', 'cat_ordinal__INF_ANAM', 'cat_ordinal__FK_STENOK', 'cat_ordinal__TIME_B_S', 'cat_ordinal__ant_im', 'cat_ordinal__lat_im', 'cat_ordinal__inf_im', 'cat_ordinal__post_im', 'cat_partial_ordinal__HF_right_line', 'cat_binary__SEX', 'cat_binary__nr_11', 'cat_binary__nr_02', 'cat_binary__nr_03', 'cat_binary__nr_04', 'cat_binary__nr_08', 'cat_binary__np_04', 'cat_binary__np_07', 'cat_binary__np_08', 'cat_binary__np_10', 'cat_binary__endocr_01', 'cat_binary__endocr_02', 'cat_binary__zab_leg_03', 'cat_binary__zab_leg_04', 'cat_binary__zab_leg_06', 'cat_binary__O_L_POST', 'cat_binary__K_SH_POST', 'cat_binary__MP_TP_POST', 'cat_binary__IM_PG_P', 'cat_binary__ritm_ecg_p_01', 'cat_binary__ritm_ecg_p_02', 'cat_binary__ritm_ecg_p_06', 'cat_binary__ritm_ecg_p_07', 'cat_binary__n_r_ecg_p_03', 'cat_binary__n_r_ecg_p_06', 'cat_binary__n_r_ecg_p_08', 'cat_binary__n_r_ecg_p_09', 'cat_binary__n_p_ecg_p_01', 'cat_binary__n_p_ecg_p_07', 'cat_binary__n_p_ecg_p_08', 'cat_binary__n_p_ecg_p_09', 'cat_binary__n_p_ecg_p_12', 'cat_binary__fibr_ter_01', 'cat_binary__fibr_ter_05', 'cat_binary__fibr_ter_06', 'cat_binary__fibr_ter_08', 'cat_binary__GIPO_K', 'cat_binary__GIPER_NA', 'cat_binary__NITR_S', 'cat_binary__LID_S_n', 'cat_binary__B_BLOK_S_n', 'cat_binary__ANT_CA_S_n', 'cat_binary__GEPAR_S_n', 'cat_binary__ASP_S_n', 'cat_binary__TIKL_S_n', 'cat_binary__TRENT_S_n']"
csl_fp1_fn10__standard,7,5,RandomForestClassifier,generalization,22,81,51,3,0.6560509554140127,0.3013698630136986,0.88,0.4489795918367347,0.6136363636363636,0.38636363636363635,0.7468181818181818,0.7348469228349535,0.36212877979774144,0.27760736196319014,0.8569696969696969,0.5804812118177066,0.5159235668789809,0.06623959541320801,157,"['num_log1p_standard_scaler__L_BLOOD', 'num_log1p_standard_scaler__AST_BLOOD', 'num_log1p_standard_scaler__K_BLOOD', 'num_standard_scaler__AGE', 'num_standard_scaler__S_AD_ORIT', 'num_standard_scaler__D_AD_ORIT', 'num_standard_scaler__NA_BLOOD', 'cat_nominal__IBS_POST_0.0', 'cat_nominal__IBS_POST_1.0', 'cat_ordinal__FK_STENOK', 'cat_ordinal__DLIT_AG', 'cat_ordinal__TIME_B_S', 'cat_ordinal__ant_im', 'cat_partial_ordinal__HF_right_line', 'cat_partial_ordinal__HF_left_line', 'cat_binary__SEX', 'cat_binary__nr_02', 'cat_binary__nr_03', 'cat_binary__nr_07', 'cat_binary__endocr_02', 'cat_binary__zab_leg_01', 'cat_binary__zab_leg_04', 'cat_binary__O_L_POST', 'cat_binary__K_SH_POST', 'cat_binary__ritm_ecg_p_01', 'cat_binary__ritm_ecg_p_02', 'cat_binary__ritm_ecg_p_04', 'cat_binary__ritm_ecg_p_06', 'cat_binary__ritm_ecg_p_07', 'cat_binary__ritm_ecg_p_08', 'cat_binary__n_r_ecg_p_04', 'cat_binary__n_r_ecg_p_09', 'cat_binary__n_p_ecg_p_03', 'cat_binary__n_p_ecg_p_05', 'cat_binary__n_p_ecg_p_07', 'cat_binary__n_p_ecg_p_12', 'cat_binary__fibr_ter_05', 'cat_binary__GIPER_NA', 'cat_binary__NITR_S', 'cat_binary__ASP_S_n']"
csl_fp1_fn10__standard,7,6,RandomForestClassifier,generalization,23,72,60,2,0.6050955414012739,0.27710843373493976,0.92,0.42592592592592593,0.5454545454545454,0.4545454545454546,0.7327272727272727,0.7083912632282966,0.34117668074747554,0.23988755270966733,0.8366666666666667,0.6425869394879823,0.5095541401273885,0.09550213813781738,157,"['num_log1p_standard_scaler__L_BLOOD', 'num_log1p_standard_scaler__AST_BLOOD', 'num_log1p_standard_scaler__ROE', 'num_standard_scaler__AGE', 'num_standard_scaler__S_AD_ORIT', 'num_standard_scaler__D_AD_ORIT', 'num_standard_scaler__NA_BLOOD', 'cat_nominal__IBS_POST_0.0', 'cat_nominal__IBS_POST_1.0', 'cat_nominal__IBS_POST_2.0', 'cat_ordinal__STENOK_AN', 'cat_ordinal__FK_STENOK', 'cat_ordinal__GB', 'cat_ordinal__DLIT_AG', 'cat_ordinal__TIME_B_S', 'cat_ordinal__lat_im', 'cat_ordinal__inf_im', 'cat_partial_ordinal__HF_right_line', 'cat_partial_ordinal__HF_left_line', 'cat_binary__SEX', 'cat_binary__SIM_GIPERT', 'cat_binary__nr_11', 'cat_binary__nr_04', 'cat_binary__np_05', 'cat_binary__np_08', 'cat_binary__np_09', 'cat_binary__endocr_01', 'cat_binary__zab_leg_01', 'cat_binary__zab_leg_02', 'cat_binary__zab_leg_03', 'cat_binary__K_SH_POST', 'cat_binary__GT_POST', 'cat_binary__FIB_G_POST', 'cat_binary__IM_PG_P', 'cat_binary__ritm_ecg_p_01', 'cat_binary__ritm_ecg_p_02', 'cat_binary__ritm_ecg_p_04', 'cat_binary__ritm_ecg_p_07', 'cat_binary__n_r_ecg_p_01', 'cat_binary__n_r_ecg_p_04', 'cat_binary__n_r_ecg_p_05', 'cat_binary__n_r_ecg_p_09', 'cat_binary__n_r_ecg_p_10', 'cat_binary__n_p_ecg_p_05', 'cat_binary__n_p_ecg_p_06', 'cat_binary__n_p_ecg_p_07', 'cat_binary__n_p_ecg_p_11', 'cat_binary__n_p_ecg_p_12', 'cat_binary__fibr_ter_01', 'cat_binary__fibr_ter_02', 'cat_binary__fibr_ter_08', 'cat_binary__NITR_S', 'cat_binary__ANT_CA_S_n', 'cat_binary__ASP_S_n', 'cat_binary__TIKL_S_n']"
csl_fp1_fn10__standard,7,7,RandomForestClassifier,generalization,23,77,55,2,0.6369426751592356,0.2948717948717949,0.92,0.44660194174757284,0.5833333333333334,0.41666666666666663,0.7516666666666667,0.7325753658611971,0.3683424865326401,0.27071958275609165,0.8642424242424243,0.6145321932361514,0.47770700636942676,0.1404716968536377,157,"['num_log1p_standard_scaler__L_BLOOD', 'num_log1p_standard_scaler__ROE', 'num_log1p_standard_scaler__K_BLOOD', 'num_standard_scaler__AGE', 'num_standard_scaler__S_AD_ORIT', 'num_standard_scaler__D_AD_ORIT', 'num_standard_scaler__NA_BLOOD', 'cat_nominal__IBS_POST_1.0', 'cat_nominal__IBS_POST_2.0', 'cat_ordinal__INF_ANAM', 'cat_ordinal__STENOK_AN', 'cat_ordinal__FK_STENOK', 'cat_ordinal__GB', 'cat_ordinal__DLIT_AG', 'cat_ordinal__TIME_B_S', 'cat_ordinal__ant_im', 'cat_ordinal__inf_im', 'cat_partial_ordinal__HF_right_line', 'cat_partial_ordinal__HF_left_line', 'cat_binary__SEX', 'cat_binary__SIM_GIPERT', 'cat_binary__nr_11', 'cat_binary__nr_02', 'cat_binary__nr_03', 'cat_binary__nr_07', 'cat_binary__np_01', 'cat_binary__np_04', 'cat_binary__np_08', 'cat_binary__endocr_01', 'cat_binary__endocr_02', 'cat_binary__endocr_03', 'cat_binary__zab_leg_02', 'cat_binary__O_L_POST', 'cat_binary__K_SH_POST', 'cat_binary__MP_TP_POST', 'cat_binary__SVT_POST', 'cat_binary__FIB_G_POST', 'cat_binary__IM_PG_P', 'cat_binary__ritm_ecg_p_01', 'cat_binary__ritm_ecg_p_02', 'cat_binary__ritm_ecg_p_04', 'cat_binary__ritm_ecg_p_07', 'cat_binary__ritm_ecg_p_08', 'cat_binary__n_r_ecg_p_04', 'cat_binary__n_r_ecg_p_08', 'cat_binary__n_r_ecg_p_09', 'cat_binary__n_r_ecg_p_10', 'cat_binary__n_p_ecg_p_01', 'cat_binary__n_p_ecg_p_03', 'cat_binary__n_p_ecg_p_04', 'cat_binary__n_p_ecg_p_05', 'cat_binary__n_p_ecg_p_06', 'cat_binary__n_p_ecg_p_07', 'cat_binary__n_p_ecg_p_08', 'cat_binary__n_p_ecg_p_09', 'cat_binary__n_p_ecg_p_10', 'cat_binary__n_p_ecg_p_11', 'cat_binary__n_p_ecg_p_12', 'cat_binary__fibr_ter_01', 'cat_binary__fibr_ter_02', 'cat_binary__fibr_ter_03', 'cat_binary__fibr_ter_05', 'cat_binary__fibr_ter_06', 'cat_binary__fibr_ter_07', 'cat_binary__fibr_ter_08', 'cat_binary__GIPO_K', 'cat_binary__GIPER_NA', 'cat_binary__NITR_S', 'cat_binary__LID_S_n', 'cat_binary__B_BLOK_S_n', 'cat_binary__ANT_CA_S_n', 'cat_binary__GEPAR_S_n', 'cat_binary__ASP_S_n', 'cat_binary__TIKL_S_n', 'cat_binary__TRENT_S_n']"
csl_fp1_fn10__standard,7,8,RandomForestClassifier,generalization,24,78,54,1,0.6496815286624203,0.3076923076923077,0.96,0.46601941747572817,0.5909090909090909,0.40909090909090906,0.7754545454545454,0.7531750973530175,0.40315872397130625,0.2963083693260534,0.8572727272727272,0.6181153625570815,0.40764331210191085,0.05989193916320801,157,"['num_log1p_standard_scaler__L_BLOOD', 'num_log1p_standard_scaler__ALT_BLOOD', 'num_log1p_standard_scaler__AST_BLOOD', 'num_log1p_standard_scaler__ROE', 'num_log1p_standard_scaler__K_BLOOD', 'num_standard_scaler__AGE', 'num_standard_scaler__S_AD_ORIT', 'num_standard_scaler__D_AD_ORIT', 'num_standard_scaler__NA_BLOOD', 'cat_nominal__IBS_POST_0.0', 'cat_ordinal__INF_ANAM', 'cat_ordinal__FK_STENOK', 'cat_ordinal__DLIT_AG', 'cat_ordinal__TIME_B_S', 'cat_ordinal__ant_im', 'cat_ordinal__inf_im', 'cat_ordinal__post_im', 'cat_partial_ordinal__HF_right_line', 'cat_partial_ordinal__HF_left_line', 'cat_binary__SEX', 'cat_binary__nr_11', 'cat_binary__nr_01', 'cat_binary__nr_03', 'cat_binary__nr_07', 'cat_binary__np_01', 'cat_binary__np_04', 'cat_binary__np_05', 'cat_binary__endocr_02', 'cat_binary__zab_leg_01', 'cat_binary__zab_leg_02', 'cat_binary__zab_leg_06', 'cat_binary__K_SH_POST', 'cat_binary__MP_TP_POST', 'cat_binary__GT_POST', 'cat_binary__FIB_G_POST', 'cat_binary__IM_PG_P', 'cat_binary__ritm_ecg_p_01', 'cat_binary__ritm_ecg_p_04', 'cat_binary__ritm_ecg_p_06', 'cat_binary__ritm_ecg_p_07', 'cat_binary__n_r_ecg_p_01', 'cat_binary__n_r_ecg_p_02', 'cat_binary__n_r_ecg_p_03', 'cat_binary__n_r_ecg_p_08', 'cat_binary__n_r_ecg_p_09', 'cat_binary__n_r_ecg_p_10', 'cat_binary__n_p_ecg_p_04', 'cat_binary__n_p_ecg_p_06', 'cat_binary__n_p_ecg_p_08', 'cat_binary__n_p_ecg_p_09', 'cat_binary__n_p_ecg_p_10', 'cat_binary__n_p_ecg_p_11', 'cat_binary__n_p_ecg_p_12', 'cat_binary__fibr_ter_01', 'cat_binary__fibr_ter_02', 'cat_binary__fibr_ter_03', 'cat_binary__fibr_ter_05', 'cat_binary__fibr_ter_06', 'cat_binary__fibr_ter_07', 'cat_binary__fibr_ter_08', 'cat_binary__GIPO_K', 'cat_binary__GIPER_NA', 'cat_binary__NITR_S', 'cat_binary__LID_S_n', 'cat_binary__B_BLOK_S_n', 'cat_binary__ANT_CA_S_n', 'cat_binary__GEPAR_S_n', 'cat_binary__ASP_S_n', 'cat_binary__TIKL_S_n', 'cat_binary__TRENT_S_n']"
csl_fp1_fn10__standard,7,9,RandomForestClassifier,generalization,23,68,64,2,0.5796178343949044,0.26436781609195403,0.92,0.4107142857142857,0.5151515151515151,0.48484848484848486,0.7175757575757575,0.6884325631021487,0.3203235166153282,0.21701677497355298,0.8345454545454546,0.582503840339882,0.535031847133758,0.13004255294799805,157,"['num_log1p_standard_scaler__L_BLOOD', 'num_log1p_standard_scaler__ROE', 'num_log1p_standard_scaler__K_BLOOD', 'num_standard_scaler__AGE', 'num_standard_scaler__S_AD_ORIT', 'num_standard_scaler__D_AD_ORIT', 'num_standard_scaler__NA_BLOOD', 'cat_nominal__IBS_POST_0.0', 'cat_nominal__IBS_POST_1.0', 'cat_nominal__IBS_POST_2.0', 'cat_ordinal__STENOK_AN', 'cat_ordinal__FK_STENOK', 'cat_ordinal__GB', 'cat_ordinal__DLIT_AG', 'cat_ordinal__TIME_B_S', 'cat_ordinal__ant_im', 'cat_ordinal__lat_im', 'cat_ordinal__inf_im', 'cat_partial_ordinal__HF_right_line', 'cat_partial_ordinal__HF_left_line', 'cat_binary__SEX', 'cat_binary__SIM_GIPERT', 'cat_binary__nr_11', 'cat_binary__nr_02', 'cat_binary__nr_08', 'cat_binary__np_01', 'cat_binary__np_05', 'cat_binary__np_08', 'cat_binary__np_09', 'cat_binary__endocr_01', 'cat_binary__endocr_02', 'cat_binary__zab_leg_02', 'cat_binary__zab_leg_06', 'cat_binary__O_L_POST', 'cat_binary__K_SH_POST', 'cat_binary__MP_TP_POST', 'cat_binary__GT_POST', 'cat_binary__FIB_G_POST', 'cat_binary__IM_PG_P', 'cat_binary__ritm_ecg_p_01', 'cat_binary__ritm_ecg_p_02', 'cat_binary__ritm_ecg_p_04', 'cat_binary__ritm_ecg_p_07', 'cat_binary__n_r_ecg_p_01', 'cat_binary__n_r_ecg_p_02', 'cat_binary__n_r_ecg_p_06', 'cat_binary__n_r_ecg_p_10', 'cat_binary__n_p_ecg_p_01', 'cat_binary__n_p_ecg_p_03', 'cat_binary__n_p_ecg_p_04', 'cat_binary__n_p_ecg_p_05', 'cat_binary__n_p_ecg_p_06', 'cat_binary__n_p_ecg_p_07', 'cat_binary__n_p_ecg_p_08', 'cat_binary__n_p_ecg_p_09', 'cat_binary__n_p_ecg_p_10', 'cat_binary__n_p_ecg_p_11', 'cat_binary__n_p_ecg_p_12', 'cat_binary__fibr_ter_01', 'cat_binary__fibr_ter_02', 'cat_binary__fibr_ter_03', 'cat_binary__fibr_ter_05', 'cat_binary__fibr_ter_06', 'cat_binary__fibr_ter_07', 'cat_binary__fibr_ter_08', 'cat_binary__GIPO_K', 'cat_binary__GIPER_NA', 'cat_binary__NITR_S', 'cat_binary__LID_S_n', 'cat_binary__B_BLOK_S_n', 'cat_binary__ANT_CA_S_n', 'cat_binary__GEPAR_S_n', 'cat_binary__ASP_S_n', 'cat_binary__TIKL_S_n', 'cat_binary__TRENT_S_n']"
csl_fp1_fn10__standard,7,10,RandomForestClassifier,generalization,24,72,60,1,0.6114649681528662,0.2857142857142857,0.96,0.44036697247706424,0.5454545454545454,0.4545454545454546,0.7527272727272727,0.7236272269866326,0.3707985295903209,0.25834430418957643,0.8975757575757576,0.7030405250588502,0.445859872611465,0.10271716117858887,157,"['num_log1p_standard_scaler__L_BLOOD', 'num_log1p_standard_scaler__ROE', 'num_log1p_standard_scaler__K_BLOOD', 'num_standard_scaler__AGE', 'num_standard_scaler__S_AD_ORIT', 'num_standard_scaler__D_AD_ORIT', 'num_standard_scaler__NA_BLOOD', 'cat_ordinal__STENOK_AN', 'cat_ordinal__GB', 'cat_ordinal__TIME_B_S', 'cat_ordinal__inf_im', 'cat_partial_ordinal__HF_right_line', 'cat_binary__nr_04', 'cat_binary__nr_07', 'cat_binary__nr_08', 'cat_binary__np_05', 'cat_binary__np_08', 'cat_binary__zab_leg_06', 'cat_binary__K_SH_POST', 'cat_binary__FIB_G_POST', 'cat_binary__IM_PG_P', 'cat_binary__ritm_ecg_p_01', 'cat_binary__ritm_ecg_p_02', 'cat_binary__ritm_ecg_p_07', 'cat_binary__n_r_ecg_p_01', 'cat_binary__n_r_ecg_p_02', 'cat_binary__n_r_ecg_p_04', 'cat_binary__n_r_ecg_p_06', 'cat_binary__n_r_ecg_p_08', 'cat_binary__n_r_ecg_p_10', 'cat_binary__n_p_ecg_p_05', 'cat_binary__n_p_ecg_p_08', 'cat_binary__n_p_ecg_p_10', 'cat_binary__n_p_ecg_p_11', 'cat_binary__n_p_ecg_p_12', 'cat_binary__fibr_ter_03', 'cat_binary__fibr_ter_08', 'cat_binary__NITR_S', 'cat_binary__GEPAR_S_n', 'cat_binary__ASP_S_n']"
csl_fp1_fn10__standard,8,1,RandomForestClassifier,generalization,23,82,51,2,0.6645569620253164,0.3108108108108108,0.92,0.46464646464646464,0.6165413533834586,0.3834586466165414,0.7682706766917293,0.753138795384212,0.39241312280613777,0.2987774242170491,0.8929323308270677,0.720870955108047,0.44936708860759494,0.09361553192138672,158,"['num_log1p_standard_scaler__L_BLOOD', 'num_log1p_standard_scaler__AST_BLOOD', 'num_log1p_standard_scaler__ROE', 'num_log1p_standard_scaler__K_BLOOD', 'num_standard_scaler__AGE', 'num_standard_scaler__S_AD_ORIT', 'num_standard_scaler__D_AD_ORIT', 'num_standard_scaler__NA_BLOOD', 'cat_nominal__IBS_POST_1.0', 'cat_nominal__IBS_POST_2.0', 'cat_ordinal__INF_ANAM', 'cat_ordinal__STENOK_AN', 'cat_ordinal__FK_STENOK', 'cat_ordinal__GB', 'cat_ordinal__DLIT_AG', 'cat_ordinal__TIME_B_S', 'cat_ordinal__ant_im', 'cat_ordinal__post_im', 'cat_partial_ordinal__HF_right_line', 'cat_partial_ordinal__HF_left_line', 'cat_binary__SEX', 'cat_binary__nr_11', 'cat_binary__nr_01', 'cat_binary__nr_03', 'cat_binary__nr_04', 'cat_binary__nr_07', 'cat_binary__np_07', 'cat_binary__np_08', 'cat_binary__endocr_02', 'cat_binary__zab_leg_01', 'cat_binary__zab_leg_02', 'cat_binary__zab_leg_03', 'cat_binary__O_L_POST', 'cat_binary__K_SH_POST', 'cat_binary__MP_TP_POST', 'cat_binary__GT_POST', 'cat_binary__FIB_G_POST', 'cat_binary__IM_PG_P', 'cat_binary__ritm_ecg_p_01', 'cat_binary__ritm_ecg_p_02', 'cat_binary__ritm_ecg_p_07', 'cat_binary__n_r_ecg_p_01', 'cat_binary__n_r_ecg_p_02', 'cat_binary__n_r_ecg_p_03', 'cat_binary__n_r_ecg_p_04', 'cat_binary__n_r_ecg_p_06', 'cat_binary__n_r_ecg_p_09', 'cat_binary__n_p_ecg_p_03', 'cat_binary__n_p_ecg_p_04', 'cat_binary__n_p_ecg_p_05', 'cat_binary__n_p_ecg_p_07', 'cat_binary__n_p_ecg_p_12', 'cat_binary__fibr_ter_01', 'cat_binary__fibr_ter_03', 'cat_binary__fibr_ter_07', 'cat_binary__fibr_ter_08', 'cat_binary__GIPO_K', 'cat_binary__NITR_S', 'cat_binary__LID_S_n', 'cat_binary__ASP_S_n']"
csl_fp1_fn10__standard,8,2,RandomForestClassifier,generalization,25,70,62,1,0.6012658227848101,0.28735632183908044,0.9615384615384616,0.4424778761061947,0.5303030303030303,0.4696969696969697,0.745920745920746,0.7140775587474795,0.36661480748587233,0.2532633158289571,0.8878205128205128,0.6095192819722617,0.45569620253164556,0.12034225463867188,158,"['num_log1p_standard_scaler__L_BLOOD', 'num_standard_scaler__AGE', 'num_standard_scaler__S_AD_ORIT', 'num_standard_scaler__D_AD_ORIT', 'num_standard_scaler__NA_BLOOD', 'cat_ordinal__INF_ANAM', 'cat_ordinal__TIME_B_S', 'cat_ordinal__ant_im', 'cat_ordinal__lat_im', 'cat_ordinal__inf_im', 'cat_partial_ordinal__HF_right_line', 'cat_partial_ordinal__HF_left_line', 'cat_binary__nr_04', 'cat_binary__np_05', 'cat_binary__np_08', 'cat_binary__np_10', 'cat_binary__endocr_01', 'cat_binary__O_L_POST', 'cat_binary__K_SH_POST', 'cat_binary__IM_PG_P', 'cat_binary__ritm_ecg_p_01', 'cat_binary__ritm_ecg_p_04', 'cat_binary__ritm_ecg_p_08', 'cat_binary__n_r_ecg_p_05', 'cat_binary__n_r_ecg_p_08', 'cat_binary__n_r_ecg_p_10', 'cat_binary__n_p_ecg_p_03', 'cat_binary__n_p_ecg_p_04', 'cat_binary__n_p_ecg_p_07', 'cat_binary__n_p_ecg_p_10', 'cat_binary__fibr_ter_02', 'cat_binary__fibr_ter_03', 'cat_binary__fibr_ter_07', 'cat_binary__GIPO_K', 'cat_binary__NITR_S', 'cat_binary__LID_S_n', 'cat_binary__B_BLOK_S_n', 'cat_binary__ANT_CA_S_n', 'cat_binary__ASP_S_n', 'cat_binary__TRENT_S_n']"
csl_fp1_fn10__standard,8,3,RandomForestClassifier,generalization,22,68,64,3,0.5732484076433121,0.2558139534883721,0.88,0.3963963963963964,0.5151515151515151,0.48484848484848486,0.6975757575757575,0.6733003292241385,0.2904973810968069,0.1986744876971127,0.796969696969697,0.529177798141583,0.5987261146496815,0.06571722030639648,157,"['num_log1p_standard_scaler__L_BLOOD', 'num_log1p_standard_scaler__ALT_BLOOD', 'num_log1p_standard_scaler__AST_BLOOD', 'num_log1p_standard_scaler__ROE', 'num_log1p_standard_scaler__K_BLOOD', 'num_standard_scaler__AGE', 'num_standard_scaler__S_AD_ORIT', 'num_standard_scaler__D_AD_ORIT', 'num_standard_scaler__NA_BLOOD', 'cat_nominal__IBS_POST_0.0', 'cat_nominal__IBS_POST_1.0', 'cat_nominal__IBS_POST_2.0', 'cat_ordinal__INF_ANAM', 'cat_ordinal__STENOK_AN', 'cat_ordinal__FK_STENOK', 'cat_ordinal__GB', 'cat_ordinal__DLIT_AG', 'cat_ordinal__TIME_B_S', 'cat_ordinal__ant_im', 'cat_ordinal__lat_im', 'cat_ordinal__inf_im', 'cat_ordinal__post_im', 'cat_partial_ordinal__HF_right_line', 'cat_partial_ordinal__HF_left_line', 'cat_binary__SEX', 'cat_binary__SIM_GIPERT', 'cat_binary__nr_11', 'cat_binary__nr_01', 'cat_binary__nr_02', 'cat_binary__nr_03', 'cat_binary__nr_04', 'cat_binary__nr_07', 'cat_binary__nr_08', 'cat_binary__np_01', 'cat_binary__np_04', 'cat_binary__np_05', 'cat_binary__np_07', 'cat_binary__np_08', 'cat_binary__np_09', 'cat_binary__np_10', 'cat_binary__endocr_01', 'cat_binary__endocr_02', 'cat_binary__endocr_03', 'cat_binary__zab_leg_01', 'cat_binary__zab_leg_02', 'cat_binary__zab_leg_03', 'cat_binary__zab_leg_04', 'cat_binary__zab_leg_06', 'cat_binary__O_L_POST', 'cat_binary__K_SH_POST', 'cat_binary__MP_TP_POST', 'cat_binary__SVT_POST', 'cat_binary__GT_POST', 'cat_binary__FIB_G_POST', 'cat_binary__IM_PG_P', 'cat_binary__ritm_ecg_p_01', 'cat_binary__ritm_ecg_p_02', 'cat_binary__ritm_ecg_p_04', 'cat_binary__ritm_ecg_p_06', 'cat_binary__ritm_ecg_p_07', 'cat_binary__ritm_ecg_p_08', 'cat_binary__n_r_ecg_p_01', 'cat_binary__n_r_ecg_p_02', 'cat_binary__n_r_ecg_p_03', 'cat_binary__n_r_ecg_p_04', 'cat_binary__n_r_ecg_p_05', 'cat_binary__n_r_ecg_p_06', 'cat_binary__n_r_ecg_p_08', 'cat_binary__n_r_ecg_p_09', 'cat_binary__n_r_ecg_p_10', 'cat_binary__n_p_ecg_p_01', 'cat_binary__n_p_ecg_p_03', 'cat_binary__n_p_ecg_p_04', 'cat_binary__n_p_ecg_p_05', 'cat_binary__n_p_ecg_p_06', 'cat_binary__n_p_ecg_p_07', 'cat_binary__n_p_ecg_p_08', 'cat_binary__n_p_ecg_p_09', 'cat_binary__n_p_ecg_p_10', 'cat_binary__n_p_ecg_p_11', 'cat_binary__n_p_ecg_p_12', 'cat_binary__fibr_ter_01', 'cat_binary__fibr_ter_02', 'cat_binary__fibr_ter_03', 'cat_binary__fibr_ter_05', 'cat_binary__fibr_ter_06', 'cat_binary__fibr_ter_07', 'cat_binary__fibr_ter_08', 'cat_binary__GIPO_K', 'cat_binary__GIPER_NA', 'cat_binary__NITR_S', 'cat_binary__LID_S_n', 'cat_binary__B_BLOK_S_n', 'cat_binary__ANT_CA_S_n', 'cat_binary__GEPAR_S_n', 'cat_binary__ASP_S_n', 'cat_binary__TIKL_S_n', 'cat_binary__TRENT_S_n']"
csl_fp1_fn10__standard,8,4,RandomForestClassifier,generalization,25,67,65,0,0.5859872611464968,0.2777777777777778,1.0,0.43478260869565216,0.5075757575757576,0.49242424242424243,0.7537878787878788,0.712443511849015,0.37549070027534104,0.24714127628181481,0.8524242424242424,0.5130404104732597,0.4140127388535032,0.1080784797668457,157,"['num_log1p_standard_scaler__L_BLOOD', 'num_log1p_standard_scaler__AST_BLOOD', 'num_log1p_standard_scaler__ROE', 'num_log1p_standard_scaler__K_BLOOD', 'num_standard_scaler__AGE', 'num_standard_scaler__S_AD_ORIT', 'num_standard_scaler__D_AD_ORIT', 'num_standard_scaler__NA_BLOOD', 'cat_nominal__IBS_POST_0.0', 'cat_nominal__IBS_POST_1.0', 'cat_nominal__IBS_POST_2.0', 'cat_ordinal__INF_ANAM', 'cat_ordinal__STENOK_AN', 'cat_ordinal__FK_STENOK', 'cat_ordinal__DLIT_AG', 'cat_ordinal__TIME_B_S', 'cat_ordinal__ant_im', 'cat_ordinal__lat_im', 'cat_ordinal__inf_im', 'cat_partial_ordinal__HF_right_line', 'cat_partial_ordinal__HF_left_line', 'cat_binary__SEX', 'cat_binary__nr_11', 'cat_binary__nr_01', 'cat_binary__nr_02', 'cat_binary__nr_04', 'cat_binary__np_04', 'cat_binary__np_05', 'cat_binary__np_07', 'cat_binary__np_08', 'cat_binary__endocr_03', 'cat_binary__zab_leg_01', 'cat_binary__zab_leg_03', 'cat_binary__O_L_POST', 'cat_binary__K_SH_POST', 'cat_binary__MP_TP_POST', 'cat_binary__SVT_POST', 'cat_binary__IM_PG_P', 'cat_binary__ritm_ecg_p_01', 'cat_binary__ritm_ecg_p_04', 'cat_binary__ritm_ecg_p_06', 'cat_binary__ritm_ecg_p_07', 'cat_binary__ritm_ecg_p_08', 'cat_binary__n_r_ecg_p_01', 'cat_binary__n_r_ecg_p_02', 'cat_binary__n_r_ecg_p_04', 'cat_binary__n_r_ecg_p_05', 'cat_binary__n_p_ecg_p_01', 'cat_binary__n_p_ecg_p_03', 'cat_binary__n_p_ecg_p_04', 'cat_binary__n_p_ecg_p_05', 'cat_binary__n_p_ecg_p_06', 'cat_binary__n_p_ecg_p_07', 'cat_binary__n_p_ecg_p_08', 'cat_binary__n_p_ecg_p_09', 'cat_binary__n_p_ecg_p_10', 'cat_binary__n_p_ecg_p_11', 'cat_binary__n_p_ecg_p_12', 'cat_binary__fibr_ter_01', 'cat_binary__fibr_ter_02', 'cat_binary__fibr_ter_03', 'cat_binary__fibr_ter_05', 'cat_binary__fibr_ter_06', 'cat_binary__fibr_ter_07', 'cat_binary__fibr_ter_08', 'cat_binary__GIPO_K', 'cat_binary__GIPER_NA', 'cat_binary__NITR_S', 'cat_binary__LID_S_n', 'cat_binary__B_BLOK_S_n', 'cat_binary__ANT_CA_S_n', 'cat_binary__GEPAR_S_n', 'cat_binary__ASP_S_n', 'cat_binary__TIKL_S_n', 'cat_binary__TRENT_S_n']"
csl_fp1_fn10__standard,8,5,RandomForestClassifier,generalization,25,35,97,0,0.3821656050955414,0.20491803278688525,1.0,0.3401360544217687,0.26515151515151514,0.7348484848484849,0.6325757575757576,0.5149286505444373,0.2330972476785397,0.1030684963778784,0.7999999999999999,0.5411996209502752,0.6178343949044586,0.07928705215454102,157,"['num_log1p_standard_scaler__L_BLOOD', 'num_log1p_standard_scaler__ROE', 'num_log1p_standard_scaler__K_BLOOD', 'num_standard_scaler__AGE', 'num_standard_scaler__S_AD_ORIT', 'num_standard_scaler__D_AD_ORIT', 'num_standard_scaler__NA_BLOOD', 'cat_nominal__IBS_POST_0.0', 'cat_nominal__IBS_POST_1.0', 'cat_nominal__IBS_POST_2.0', 'cat_ordinal__INF_ANAM', 'cat_ordinal__FK_STENOK', 'cat_ordinal__GB', 'cat_ordinal__DLIT_AG', 'cat_ordinal__TIME_B_S', 'cat_ordinal__ant_im', 'cat_ordinal__lat_im', 'cat_ordinal__post_im', 'cat_partial_ordinal__HF_right_line', 'cat_binary__nr_01', 'cat_binary__nr_02', 'cat_binary__nr_03', 'cat_binary__nr_04', 'cat_binary__nr_07', 'cat_binary__nr_08', 'cat_binary__np_01', 'cat_binary__np_04', 'cat_binary__np_05', 'cat_binary__np_07', 'cat_binary__np_08', 'cat_binary__np_09', 'cat_binary__np_10', 'cat_binary__endocr_01', 'cat_binary__endocr_02', 'cat_binary__endocr_03', 'cat_binary__zab_leg_01', 'cat_binary__zab_leg_02', 'cat_binary__zab_leg_03', 'cat_binary__zab_leg_04', 'cat_binary__zab_leg_06', 'cat_binary__O_L_POST', 'cat_binary__K_SH_POST', 'cat_binary__MP_TP_POST', 'cat_binary__SVT_POST', 'cat_binary__GT_POST', 'cat_binary__FIB_G_POST', 'cat_binary__IM_PG_P', 'cat_binary__ritm_ecg_p_01', 'cat_binary__ritm_ecg_p_02', 'cat_binary__ritm_ecg_p_04', 'cat_binary__ritm_ecg_p_06', 'cat_binary__ritm_ecg_p_07', 'cat_binary__ritm_ecg_p_08', 'cat_binary__n_r_ecg_p_01', 'cat_binary__n_r_ecg_p_02', 'cat_binary__n_r_ecg_p_03', 'cat_binary__n_r_ecg_p_04', 'cat_binary__n_r_ecg_p_05', 'cat_binary__n_r_ecg_p_06', 'cat_binary__n_r_ecg_p_08', 'cat_binary__n_r_ecg_p_09', 'cat_binary__n_r_ecg_p_10', 'cat_binary__n_p_ecg_p_01', 'cat_binary__n_p_ecg_p_03', 'cat_binary__n_p_ecg_p_04', 'cat_binary__n_p_ecg_p_05', 'cat_binary__n_p_ecg_p_06', 'cat_binary__n_p_ecg_p_07', 'cat_binary__n_p_ecg_p_08', 'cat_binary__n_p_ecg_p_09', 'cat_binary__n_p_ecg_p_10', 'cat_binary__n_p_ecg_p_11', 'cat_binary__n_p_ecg_p_12', 'cat_binary__fibr_ter_01', 'cat_binary__fibr_ter_02', 'cat_binary__fibr_ter_03', 'cat_binary__fibr_ter_05', 'cat_binary__fibr_ter_06', 'cat_binary__fibr_ter_07', 'cat_binary__fibr_ter_08', 'cat_binary__GIPO_K', 'cat_binary__GIPER_NA', 'cat_binary__NITR_S', 'cat_binary__LID_S_n', 'cat_binary__B_BLOK_S_n', 'cat_binary__ANT_CA_S_n', 'cat_binary__GEPAR_S_n', 'cat_binary__ASP_S_n', 'cat_binary__TIKL_S_n', 'cat_binary__TRENT_S_n']"
csl_fp1_fn10__standard,8,6,RandomForestClassifier,generalization,25,27,105,0,0.33121019108280253,0.19230769230769232,1.0,0.3225806451612903,0.20454545454545456,0.7954545454545454,0.6022727272727273,0.45226701686664544,0.1983322070054794,0.07569386038687975,0.803939393939394,0.5826074847064326,0.6687898089171974,0.10871744155883789,157,"['num_log1p_standard_scaler__L_BLOOD', 'num_log1p_standard_scaler__K_BLOOD', 'num_standard_scaler__AGE', 'num_standard_scaler__S_AD_ORIT', 'num_standard_scaler__D_AD_ORIT', 'num_standard_scaler__NA_BLOOD', 'cat_ordinal__INF_ANAM', 'cat_ordinal__ant_im', 'cat_partial_ordinal__HF_right_line', 'cat_partial_ordinal__HF_left_line', 'cat_binary__SIM_GIPERT', 'cat_binary__np_07', 'cat_binary__K_SH_POST', 'cat_binary__ritm_ecg_p_01', 'cat_binary__n_r_ecg_p_05', 'cat_binary__n_p_ecg_p_07', 'cat_binary__n_p_ecg_p_09', 'cat_binary__fibr_ter_02', 'cat_binary__fibr_ter_03', 'cat_binary__NITR_S']"
csl_fp1_fn10__standard,8,7,RandomForestClassifier,generalization,23,52,80,2,0.47770700636942676,0.22330097087378642,0.92,0.359375,0.3939393939393939,0.6060606060606061,0.656969696969697,0.6020168124099545,0.24181725848556895,0.138632410009367,0.8396969696969697,0.6630079248950627,0.6369426751592356,0.12290406227111816,157,"['num_log1p_standard_scaler__L_BLOOD', 'num_log1p_standard_scaler__ALT_BLOOD', 'num_log1p_standard_scaler__ROE', 'num_log1p_standard_scaler__K_BLOOD', 'num_standard_scaler__AGE', 'num_standard_scaler__S_AD_ORIT', 'num_standard_scaler__D_AD_ORIT', 'num_standard_scaler__NA_BLOOD', 'cat_nominal__IBS_POST_2.0', 'cat_ordinal__STENOK_AN', 'cat_ordinal__FK_STENOK', 'cat_ordinal__GB', 'cat_ordinal__TIME_B_S', 'cat_ordinal__ant_im', 'cat_ordinal__lat_im', 'cat_ordinal__inf_im', 'cat_partial_ordinal__HF_right_line', 'cat_partial_ordinal__HF_left_line', 'cat_binary__SEX', 'cat_binary__nr_11', 'cat_binary__nr_01', 'cat_binary__nr_04', 'cat_binary__nr_07', 'cat_binary__nr_08', 'cat_binary__np_04', 'cat_binary__np_10', 'cat_binary__endocr_02', 'cat_binary__zab_leg_02', 'cat_binary__zab_leg_03', 'cat_binary__K_SH_POST', 'cat_binary__FIB_G_POST', 'cat_binary__IM_PG_P', 'cat_binary__ritm_ecg_p_01', 'cat_binary__ritm_ecg_p_04', 'cat_binary__ritm_ecg_p_06', 'cat_binary__ritm_ecg_p_07', 'cat_binary__ritm_ecg_p_08', 'cat_binary__n_r_ecg_p_01', 'cat_binary__n_r_ecg_p_02', 'cat_binary__n_r_ecg_p_04', 'cat_binary__n_r_ecg_p_05', 'cat_binary__n_r_ecg_p_06', 'cat_binary__n_r_ecg_p_09', 'cat_binary__n_r_ecg_p_10', 'cat_binary__n_p_ecg_p_01', 'cat_binary__n_p_ecg_p_04', 'cat_binary__n_p_ecg_p_06', 'cat_binary__n_p_ecg_p_07', 'cat_binary__n_p_ecg_p_08', 'cat_binary__n_p_ecg_p_09', 'cat_binary__n_p_ecg_p_10', 'cat_binary__n_p_ecg_p_11', 'cat_binary__n_p_ecg_p_12', 'cat_binary__fibr_ter_01', 'cat_binary__fibr_ter_02', 'cat_binary__fibr_ter_03', 'cat_binary__fibr_ter_05', 'cat_binary__fibr_ter_06', 'cat_binary__fibr_ter_07', 'cat_binary__fibr_ter_08', 'cat_binary__GIPO_K', 'cat_binary__GIPER_NA', 'cat_binary__NITR_S', 'cat_binary__LID_S_n', 'cat_binary__B_BLOK_S_n', 'cat_binary__ANT_CA_S_n', 'cat_binary__GEPAR_S_n', 'cat_binary__ASP_S_n', 'cat_binary__TIKL_S_n', 'cat_binary__TRENT_S_n']"
csl_fp1_fn10__standard,8,8,RandomForestClassifier,generalization,23,79,53,2,0.6496815286624203,0.3026315789473684,0.92,0.45544554455445546,0.5984848484848485,0.4015151515151515,0.7592424242424243,0.7420283421851626,0.3796153228373949,0.2838185286555527,0.843030303030303,0.6016496973843379,0.46496815286624205,0.1069633960723877,157,"['num_log1p_standard_scaler__L_BLOOD', 'num_log1p_standard_scaler__ROE', 'num_log1p_standard_scaler__K_BLOOD', 'num_standard_scaler__AGE', 'num_standard_scaler__S_AD_ORIT', 'num_standard_scaler__D_AD_ORIT', 'num_standard_scaler__NA_BLOOD', 'cat_nominal__IBS_POST_2.0', 'cat_ordinal__FK_STENOK', 'cat_ordinal__DLIT_AG', 'cat_ordinal__TIME_B_S', 'cat_ordinal__ant_im', 'cat_partial_ordinal__HF_right_line', 'cat_partial_ordinal__HF_left_line', 'cat_binary__nr_11', 'cat_binary__nr_07', 'cat_binary__np_05', 'cat_binary__np_08', 'cat_binary__np_09', 'cat_binary__endocr_01', 'cat_binary__zab_leg_01', 'cat_binary__O_L_POST', 'cat_binary__K_SH_POST', 'cat_binary__MP_TP_POST', 'cat_binary__ritm_ecg_p_01', 'cat_binary__ritm_ecg_p_07', 'cat_binary__n_r_ecg_p_08', 'cat_binary__n_p_ecg_p_04', 'cat_binary__n_p_ecg_p_09', 'cat_binary__n_p_ecg_p_10', 'cat_binary__fibr_ter_01', 'cat_binary__fibr_ter_08', 'cat_binary__NITR_S', 'cat_binary__B_BLOK_S_n', 'cat_binary__ASP_S_n']"
csl_fp1_fn10__standard,8,9,RandomForestClassifier,generalization,25,43,89,0,0.43312101910828027,0.21929824561403508,1.0,0.3597122302158273,0.32575757575757575,0.6742424242424243,0.6628787878787878,0.5707517636920413,0.26727900190459686,0.13334987285244682,0.8663636363636363,0.6185650385981747,0.5668789808917197,0.12590575218200684,157,"['num_log1p_standard_scaler__L_BLOOD', 'num_log1p_standard_scaler__AST_BLOOD', 'num_log1p_standard_scaler__ROE', 'num_log1p_standard_scaler__K_BLOOD', 'num_standard_scaler__AGE', 'num_standard_scaler__S_AD_ORIT', 'num_standard_scaler__D_AD_ORIT', 'num_standard_scaler__NA_BLOOD', 'cat_nominal__IBS_POST_0.0', 'cat_nominal__IBS_POST_1.0', 'cat_nominal__IBS_POST_2.0', 'cat_ordinal__INF_ANAM', 'cat_ordinal__STENOK_AN', 'cat_ordinal__FK_STENOK', 'cat_ordinal__DLIT_AG', 'cat_ordinal__TIME_B_S', 'cat_ordinal__ant_im', 'cat_ordinal__lat_im', 'cat_ordinal__inf_im', 'cat_ordinal__post_im', 'cat_partial_ordinal__HF_right_line', 'cat_partial_ordinal__HF_left_line', 'cat_binary__SEX', 'cat_binary__nr_11', 'cat_binary__nr_01', 'cat_binary__nr_02', 'cat_binary__nr_03', 'cat_binary__nr_04', 'cat_binary__np_09', 'cat_binary__endocr_01', 'cat_binary__endocr_02', 'cat_binary__zab_leg_01', 'cat_binary__zab_leg_02', 'cat_binary__zab_leg_06', 'cat_binary__O_L_POST', 'cat_binary__K_SH_POST', 'cat_binary__SVT_POST', 'cat_binary__FIB_G_POST', 'cat_binary__IM_PG_P', 'cat_binary__ritm_ecg_p_01', 'cat_binary__ritm_ecg_p_07', 'cat_binary__n_r_ecg_p_01', 'cat_binary__n_r_ecg_p_04', 'cat_binary__n_r_ecg_p_05', 'cat_binary__n_r_ecg_p_08', 'cat_binary__n_r_ecg_p_09', 'cat_binary__n_r_ecg_p_10', 'cat_binary__n_p_ecg_p_01', 'cat_binary__n_p_ecg_p_03', 'cat_binary__n_p_ecg_p_04', 'cat_binary__n_p_ecg_p_05', 'cat_binary__n_p_ecg_p_06', 'cat_binary__n_p_ecg_p_07', 'cat_binary__n_p_ecg_p_08', 'cat_binary__n_p_ecg_p_09', 'cat_binary__n_p_ecg_p_10', 'cat_binary__n_p_ecg_p_11', 'cat_binary__n_p_ecg_p_12', 'cat_binary__fibr_ter_01', 'cat_binary__fibr_ter_02', 'cat_binary__fibr_ter_03', 'cat_binary__fibr_ter_05', 'cat_binary__fibr_ter_06', 'cat_binary__fibr_ter_07', 'cat_binary__fibr_ter_08', 'cat_binary__GIPO_K', 'cat_binary__GIPER_NA', 'cat_binary__NITR_S', 'cat_binary__LID_S_n', 'cat_binary__B_BLOK_S_n', 'cat_binary__ANT_CA_S_n', 'cat_binary__GEPAR_S_n', 'cat_binary__ASP_S_n', 'cat_binary__TIKL_S_n', 'cat_binary__TRENT_S_n']"
csl_fp1_fn10__standard,8,10,RandomForestClassifier,generalization,24,48,84,1,0.4585987261146497,0.2222222222222222,0.96,0.3609022556390977,0.36363636363636365,0.6363636363636364,0.6618181818181819,0.5908391567007971,0.25556675873734247,0.13797558297267631,0.8557575757575757,0.6276765660305269,0.5987261146496815,0.13213872909545898,157,"['num_log1p_standard_scaler__L_BLOOD', 'num_log1p_standard_scaler__AST_BLOOD', 'num_log1p_standard_scaler__ROE', 'num_log1p_standard_scaler__K_BLOOD', 'num_standard_scaler__AGE', 'num_standard_scaler__S_AD_ORIT', 'num_standard_scaler__D_AD_ORIT', 'num_standard_scaler__NA_BLOOD', 'cat_nominal__IBS_POST_0.0', 'cat_nominal__IBS_POST_2.0', 'cat_ordinal__INF_ANAM', 'cat_ordinal__STENOK_AN', 'cat_ordinal__FK_STENOK', 'cat_ordinal__DLIT_AG', 'cat_ordinal__TIME_B_S', 'cat_ordinal__ant_im', 'cat_ordinal__lat_im', 'cat_ordinal__inf_im', 'cat_partial_ordinal__HF_right_line', 'cat_partial_ordinal__HF_left_line', 'cat_binary__SEX', 'cat_binary__nr_01', 'cat_binary__nr_02', 'cat_binary__nr_07', 'cat_binary__nr_08', 'cat_binary__np_01', 'cat_binary__np_04', 'cat_binary__np_05', 'cat_binary__np_07', 'cat_binary__np_08', 'cat_binary__np_09', 'cat_binary__np_10', 'cat_binary__endocr_01', 'cat_binary__endocr_02', 'cat_binary__endocr_03', 'cat_binary__zab_leg_01', 'cat_binary__zab_leg_02', 'cat_binary__zab_leg_03', 'cat_binary__zab_leg_04', 'cat_binary__zab_leg_06', 'cat_binary__O_L_POST', 'cat_binary__K_SH_POST', 'cat_binary__MP_TP_POST', 'cat_binary__SVT_POST', 'cat_binary__GT_POST', 'cat_binary__FIB_G_POST', 'cat_binary__IM_PG_P', 'cat_binary__ritm_ecg_p_01', 'cat_binary__ritm_ecg_p_02', 'cat_binary__ritm_ecg_p_04', 'cat_binary__ritm_ecg_p_06', 'cat_binary__ritm_ecg_p_07', 'cat_binary__ritm_ecg_p_08', 'cat_binary__n_r_ecg_p_01', 'cat_binary__n_r_ecg_p_02', 'cat_binary__n_r_ecg_p_03', 'cat_binary__n_r_ecg_p_04', 'cat_binary__n_r_ecg_p_05', 'cat_binary__n_r_ecg_p_06', 'cat_binary__n_r_ecg_p_08', 'cat_binary__n_r_ecg_p_09', 'cat_binary__n_r_ecg_p_10', 'cat_binary__n_p_ecg_p_01', 'cat_binary__n_p_ecg_p_03', 'cat_binary__n_p_ecg_p_04', 'cat_binary__n_p_ecg_p_05', 'cat_binary__n_p_ecg_p_06', 'cat_binary__n_p_ecg_p_07', 'cat_binary__n_p_ecg_p_08', 'cat_binary__n_p_ecg_p_09', 'cat_binary__n_p_ecg_p_10', 'cat_binary__n_p_ecg_p_11', 'cat_binary__n_p_ecg_p_12', 'cat_binary__fibr_ter_01', 'cat_binary__fibr_ter_02', 'cat_binary__fibr_ter_03', 'cat_binary__fibr_ter_05', 'cat_binary__fibr_ter_06', 'cat_binary__fibr_ter_07', 'cat_binary__fibr_ter_08', 'cat_binary__GIPO_K', 'cat_binary__GIPER_NA', 'cat_binary__NITR_S', 'cat_binary__LID_S_n', 'cat_binary__B_BLOK_S_n', 'cat_binary__ANT_CA_S_n', 'cat_binary__GEPAR_S_n', 'cat_binary__ASP_S_n', 'cat_binary__TIKL_S_n', 'cat_binary__TRENT_S_n']"
csl_fp1_fn10__standard,9,1,RandomForestClassifier,generalization,25,24,109,0,0.310126582278481,0.1865671641791045,1.0,0.31446540880503143,0.18045112781954886,0.8195488721804511,0.5902255639097744,0.4247953952428732,0.18348366464133622,0.06513950711106287,0.831578947368421,0.6725928493963927,0.689873417721519,0.06959867477416992,158,"['num_log1p_standard_scaler__L_BLOOD', 'num_log1p_standard_scaler__ROE', 'num_standard_scaler__AGE', 'num_standard_scaler__S_AD_ORIT', 'num_standard_scaler__D_AD_ORIT', 'num_standard_scaler__NA_BLOOD', 'cat_ordinal__FK_STENOK', 'cat_ordinal__GB', 'cat_ordinal__DLIT_AG', 'cat_ordinal__ant_im', 'cat_ordinal__inf_im', 'cat_partial_ordinal__HF_right_line', 'cat_binary__SEX', 'cat_binary__nr_04', 'cat_binary__np_04', 'cat_binary__np_05', 'cat_binary__np_07', 'cat_binary__np_09', 'cat_binary__zab_leg_02', 'cat_binary__zab_leg_04', 'cat_binary__O_L_POST', 'cat_binary__K_SH_POST', 'cat_binary__SVT_POST', 'cat_binary__IM_PG_P', 'cat_binary__ritm_ecg_p_01', 'cat_binary__ritm_ecg_p_02', 'cat_binary__n_r_ecg_p_02', 'cat_binary__n_r_ecg_p_04', 'cat_binary__n_p_ecg_p_05', 'cat_binary__n_p_ecg_p_07', 'cat_binary__n_p_ecg_p_12', 'cat_binary__fibr_ter_02', 'cat_binary__fibr_ter_05', 'cat_binary__fibr_ter_08', 'cat_binary__NITR_S', 'cat_binary__LID_S_n', 'cat_binary__B_BLOK_S_n', 'cat_binary__ANT_CA_S_n', 'cat_binary__ASP_S_n', 'cat_binary__TIKL_S_n']"
csl_fp1_fn10__standard,9,2,RandomForestClassifier,generalization,18,70,62,8,0.5569620253164557,0.225,0.6923076923076923,0.33962264150943394,0.5303030303030303,0.4696969696969697,0.6113053613053613,0.6059149009001735,0.16509253042369132,0.12138544645694316,0.7217365967365968,0.39661401680155906,0.8987341772151899,0.10466527938842773,158,"['num_log1p_standard_scaler__L_BLOOD', 'num_log1p_standard_scaler__K_BLOOD', 'num_standard_scaler__AGE', 'num_standard_scaler__S_AD_ORIT', 'num_standard_scaler__D_AD_ORIT', 'num_standard_scaler__NA_BLOOD', 'cat_nominal__IBS_POST_2.0', 'cat_ordinal__INF_ANAM', 'cat_ordinal__TIME_B_S', 'cat_ordinal__ant_im', 'cat_partial_ordinal__HF_left_line', 'cat_binary__O_L_POST', 'cat_binary__K_SH_POST', 'cat_binary__IM_PG_P', 'cat_binary__ritm_ecg_p_01', 'cat_binary__ritm_ecg_p_07', 'cat_binary__n_p_ecg_p_03', 'cat_binary__n_p_ecg_p_10', 'cat_binary__n_p_ecg_p_12', 'cat_binary__NITR_S']"
csl_fp1_fn10__standard,9,3,RandomForestClassifier,generalization,25,41,91,0,0.42038216560509556,0.21551724137931033,1.0,0.3546099290780142,0.3106060606060606,0.6893939393939394,0.6553030303030303,0.5573204290227127,0.25872951385088067,0.12548203464528362,0.915151515151515,0.7376857446042757,0.5796178343949044,0.13110017776489258,157,"['num_log1p_standard_scaler__L_BLOOD', 'num_log1p_standard_scaler__AST_BLOOD', 'num_log1p_standard_scaler__ROE', 'num_standard_scaler__AGE', 'num_standard_scaler__S_AD_ORIT', 'num_standard_scaler__D_AD_ORIT', 'num_standard_scaler__NA_BLOOD', 'cat_nominal__IBS_POST_0.0', 'cat_nominal__IBS_POST_2.0', 'cat_ordinal__INF_ANAM', 'cat_ordinal__STENOK_AN', 'cat_ordinal__FK_STENOK', 'cat_ordinal__DLIT_AG', 'cat_ordinal__TIME_B_S', 'cat_ordinal__ant_im', 'cat_ordinal__lat_im', 'cat_ordinal__inf_im', 'cat_ordinal__post_im', 'cat_partial_ordinal__HF_right_line', 'cat_partial_ordinal__HF_left_line', 'cat_binary__nr_11', 'cat_binary__nr_01', 'cat_binary__nr_02', 'cat_binary__nr_04', 'cat_binary__nr_07', 'cat_binary__np_04', 'cat_binary__np_07', 'cat_binary__np_09', 'cat_binary__np_10', 'cat_binary__endocr_01', 'cat_binary__endocr_03', 'cat_binary__zab_leg_01', 'cat_binary__zab_leg_02', 'cat_binary__zab_leg_03', 'cat_binary__zab_leg_04', 'cat_binary__zab_leg_06', 'cat_binary__K_SH_POST', 'cat_binary__MP_TP_POST', 'cat_binary__GT_POST', 'cat_binary__IM_PG_P', 'cat_binary__ritm_ecg_p_01', 'cat_binary__ritm_ecg_p_02', 'cat_binary__ritm_ecg_p_04', 'cat_binary__ritm_ecg_p_07', 'cat_binary__ritm_ecg_p_08', 'cat_binary__n_r_ecg_p_02', 'cat_binary__n_r_ecg_p_03', 'cat_binary__n_r_ecg_p_05', 'cat_binary__n_r_ecg_p_06', 'cat_binary__n_r_ecg_p_08', 'cat_binary__n_r_ecg_p_09', 'cat_binary__n_r_ecg_p_10', 'cat_binary__n_p_ecg_p_01', 'cat_binary__n_p_ecg_p_03', 'cat_binary__n_p_ecg_p_04', 'cat_binary__n_p_ecg_p_05', 'cat_binary__n_p_ecg_p_06', 'cat_binary__n_p_ecg_p_07', 'cat_binary__n_p_ecg_p_08', 'cat_binary__n_p_ecg_p_09', 'cat_binary__n_p_ecg_p_10', 'cat_binary__n_p_ecg_p_11', 'cat_binary__n_p_ecg_p_12', 'cat_binary__fibr_ter_01', 'cat_binary__fibr_ter_02', 'cat_binary__fibr_ter_03', 'cat_binary__fibr_ter_05', 'cat_binary__fibr_ter_06', 'cat_binary__fibr_ter_07', 'cat_binary__fibr_ter_08', 'cat_binary__GIPO_K', 'cat_binary__GIPER_NA', 'cat_binary__NITR_S', 'cat_binary__LID_S_n', 'cat_binary__B_BLOK_S_n', 'cat_binary__ANT_CA_S_n', 'cat_binary__GEPAR_S_n', 'cat_binary__ASP_S_n', 'cat_binary__TIKL_S_n', 'cat_binary__TRENT_S_n']"
csl_fp1_fn10__standard,9,4,RandomForestClassifier,generalization,24,58,74,1,0.5222929936305732,0.24489795918367346,0.96,0.3902439024390244,0.4393939393939394,0.5606060606060606,0.6996969696969697,0.649475312708791,0.3017306279856528,0.18291582818680185,0.8612121212121212,0.5846757871233648,0.535031847133758,0.1182706356048584,157,"['num_log1p_standard_scaler__L_BLOOD', 'num_log1p_standard_scaler__AST_BLOOD', 'num_log1p_standard_scaler__ROE', 'num_standard_scaler__AGE', 'num_standard_scaler__S_AD_ORIT', 'num_standard_scaler__D_AD_ORIT', 'num_standard_scaler__NA_BLOOD', 'cat_nominal__IBS_POST_0.0', 'cat_ordinal__INF_ANAM', 'cat_ordinal__STENOK_AN', 'cat_ordinal__FK_STENOK', 'cat_ordinal__GB', 'cat_ordinal__DLIT_AG', 'cat_ordinal__TIME_B_S', 'cat_ordinal__ant_im', 'cat_ordinal__inf_im', 'cat_ordinal__post_im', 'cat_partial_ordinal__HF_right_line', 'cat_partial_ordinal__HF_left_line', 'cat_binary__SEX', 'cat_binary__nr_02', 'cat_binary__nr_04', 'cat_binary__nr_07', 'cat_binary__np_07', 'cat_binary__np_10', 'cat_binary__endocr_01', 'cat_binary__endocr_02', 'cat_binary__zab_leg_01', 'cat_binary__zab_leg_02', 'cat_binary__zab_leg_03', 'cat_binary__zab_leg_04', 'cat_binary__O_L_POST', 'cat_binary__K_SH_POST', 'cat_binary__MP_TP_POST', 'cat_binary__SVT_POST', 'cat_binary__GT_POST', 'cat_binary__FIB_G_POST', 'cat_binary__ritm_ecg_p_01', 'cat_binary__ritm_ecg_p_02', 'cat_binary__ritm_ecg_p_04', 'cat_binary__ritm_ecg_p_07', 'cat_binary__ritm_ecg_p_08', 'cat_binary__n_r_ecg_p_06', 'cat_binary__n_r_ecg_p_10', 'cat_binary__n_p_ecg_p_01', 'cat_binary__n_p_ecg_p_04', 'cat_binary__n_p_ecg_p_06', 'cat_binary__n_p_ecg_p_08', 'cat_binary__n_p_ecg_p_09', 'cat_binary__fibr_ter_02', 'cat_binary__fibr_ter_03', 'cat_binary__fibr_ter_05', 'cat_binary__fibr_ter_06', 'cat_binary__fibr_ter_07', 'cat_binary__fibr_ter_08', 'cat_binary__GIPO_K', 'cat_binary__GIPER_NA', 'cat_binary__NITR_S', 'cat_binary__LID_S_n', 'cat_binary__B_BLOK_S_n', 'cat_binary__ANT_CA_S_n', 'cat_binary__GEPAR_S_n', 'cat_binary__ASP_S_n', 'cat_binary__TIKL_S_n', 'cat_binary__TRENT_S_n']"
csl_fp1_fn10__standard,9,5,RandomForestClassifier,generalization,23,89,43,2,0.7133757961783439,0.3484848484848485,0.92,0.5054945054945055,0.6742424242424242,0.3257575757575758,0.7971212121212121,0.7875931883295019,0.44048179090073314,0.3569673250204787,0.8563636363636364,0.5430572577310648,0.4012738853503185,0.07404828071594238,157,"['num_log1p_standard_scaler__L_BLOOD', 'num_log1p_standard_scaler__ALT_BLOOD', 'num_log1p_standard_scaler__AST_BLOOD', 'num_log1p_standard_scaler__ROE', 'num_log1p_standard_scaler__K_BLOOD', 'num_standard_scaler__AGE', 'num_standard_scaler__S_AD_ORIT', 'num_standard_scaler__D_AD_ORIT', 'num_standard_scaler__NA_BLOOD', 'cat_nominal__IBS_POST_0.0', 'cat_nominal__IBS_POST_1.0', 'cat_nominal__IBS_POST_2.0', 'cat_ordinal__INF_ANAM', 'cat_ordinal__STENOK_AN', 'cat_ordinal__FK_STENOK', 'cat_ordinal__GB', 'cat_ordinal__DLIT_AG', 'cat_ordinal__TIME_B_S', 'cat_ordinal__ant_im', 'cat_ordinal__lat_im', 'cat_ordinal__inf_im', 'cat_ordinal__post_im', 'cat_partial_ordinal__HF_right_line', 'cat_partial_ordinal__HF_left_line', 'cat_binary__SEX', 'cat_binary__SIM_GIPERT', 'cat_binary__nr_11', 'cat_binary__nr_01', 'cat_binary__nr_02', 'cat_binary__nr_03', 'cat_binary__nr_04', 'cat_binary__nr_07', 'cat_binary__nr_08', 'cat_binary__np_01', 'cat_binary__np_04', 'cat_binary__np_05', 'cat_binary__np_07', 'cat_binary__np_08', 'cat_binary__np_09', 'cat_binary__np_10', 'cat_binary__endocr_01', 'cat_binary__endocr_02', 'cat_binary__endocr_03', 'cat_binary__zab_leg_01', 'cat_binary__zab_leg_02', 'cat_binary__zab_leg_03', 'cat_binary__zab_leg_04', 'cat_binary__zab_leg_06', 'cat_binary__O_L_POST', 'cat_binary__K_SH_POST', 'cat_binary__MP_TP_POST', 'cat_binary__SVT_POST', 'cat_binary__GT_POST', 'cat_binary__FIB_G_POST', 'cat_binary__IM_PG_P', 'cat_binary__ritm_ecg_p_01', 'cat_binary__ritm_ecg_p_02', 'cat_binary__ritm_ecg_p_04', 'cat_binary__ritm_ecg_p_06', 'cat_binary__ritm_ecg_p_07', 'cat_binary__ritm_ecg_p_08', 'cat_binary__n_r_ecg_p_01', 'cat_binary__n_r_ecg_p_02', 'cat_binary__n_r_ecg_p_03', 'cat_binary__n_r_ecg_p_04', 'cat_binary__n_r_ecg_p_05', 'cat_binary__n_r_ecg_p_06', 'cat_binary__n_r_ecg_p_08', 'cat_binary__n_r_ecg_p_09', 'cat_binary__n_r_ecg_p_10', 'cat_binary__n_p_ecg_p_01', 'cat_binary__n_p_ecg_p_03', 'cat_binary__n_p_ecg_p_04', 'cat_binary__n_p_ecg_p_05', 'cat_binary__n_p_ecg_p_06', 'cat_binary__n_p_ecg_p_07', 'cat_binary__n_p_ecg_p_08', 'cat_binary__n_p_ecg_p_09', 'cat_binary__n_p_ecg_p_10', 'cat_binary__n_p_ecg_p_11', 'cat_binary__n_p_ecg_p_12', 'cat_binary__fibr_ter_01', 'cat_binary__fibr_ter_02', 'cat_binary__fibr_ter_03', 'cat_binary__fibr_ter_05', 'cat_binary__fibr_ter_06', 'cat_binary__fibr_ter_07', 'cat_binary__fibr_ter_08', 'cat_binary__GIPO_K', 'cat_binary__GIPER_NA', 'cat_binary__NITR_S', 'cat_binary__LID_S_n', 'cat_binary__B_BLOK_S_n', 'cat_binary__ANT_CA_S_n', 'cat_binary__GEPAR_S_n', 'cat_binary__ASP_S_n', 'cat_binary__TIKL_S_n', 'cat_binary__TRENT_S_n']"
csl_fp1_fn10__standard,9,6,RandomForestClassifier,generalization,23,79,53,2,0.6496815286624203,0.3026315789473684,0.92,0.45544554455445546,0.5984848484848485,0.4015151515151515,0.7592424242424243,0.7420283421851626,0.3796153228373949,0.2838185286555527,0.8127272727272727,0.565262939929856,0.46496815286624205,0.10335803031921387,157,"['num_log1p_standard_scaler__L_BLOOD', 'num_log1p_standard_scaler__ALT_BLOOD', 'num_log1p_standard_scaler__ROE', 'num_log1p_standard_scaler__K_BLOOD', 'num_standard_scaler__AGE', 'num_standard_scaler__S_AD_ORIT', 'num_standard_scaler__D_AD_ORIT', 'num_standard_scaler__NA_BLOOD', 'cat_nominal__IBS_POST_0.0', 'cat_nominal__IBS_POST_2.0', 'cat_ordinal__STENOK_AN', 'cat_ordinal__FK_STENOK', 'cat_ordinal__GB', 'cat_ordinal__DLIT_AG', 'cat_ordinal__TIME_B_S', 'cat_ordinal__ant_im', 'cat_ordinal__lat_im', 'cat_partial_ordinal__HF_right_line', 'cat_binary__SEX', 'cat_binary__SIM_GIPERT', 'cat_binary__nr_03', 'cat_binary__nr_07', 'cat_binary__endocr_01', 'cat_binary__zab_leg_04', 'cat_binary__O_L_POST', 'cat_binary__K_SH_POST', 'cat_binary__FIB_G_POST', 'cat_binary__IM_PG_P', 'cat_binary__ritm_ecg_p_01', 'cat_binary__ritm_ecg_p_02', 'cat_binary__ritm_ecg_p_07', 'cat_binary__ritm_ecg_p_08', 'cat_binary__n_r_ecg_p_01', 'cat_binary__n_p_ecg_p_03', 'cat_binary__n_p_ecg_p_07', 'cat_binary__fibr_ter_02', 'cat_binary__fibr_ter_03', 'cat_binary__fibr_ter_07', 'cat_binary__ANT_CA_S_n', 'cat_binary__ASP_S_n']"
csl_fp1_fn10__standard,9,7,RandomForestClassifier,generalization,24,74,58,1,0.6242038216560509,0.2926829268292683,0.96,0.4485981308411215,0.5606060606060606,0.43939393939393945,0.7603030303030303,0.7336087637029823,0.38135428593608744,0.2705724860225214,0.8542424242424242,0.6048404201660316,0.43312101910828027,0.09870052337646484,157,"['num_log1p_standard_scaler__L_BLOOD', 'num_log1p_standard_scaler__ALT_BLOOD', 'num_log1p_standard_scaler__ROE', 'num_log1p_standard_scaler__K_BLOOD', 'num_standard_scaler__AGE', 'num_standard_scaler__S_AD_ORIT', 'num_standard_scaler__D_AD_ORIT', 'num_standard_scaler__NA_BLOOD', 'cat_nominal__IBS_POST_1.0', 'cat_ordinal__FK_STENOK', 'cat_ordinal__GB', 'cat_ordinal__DLIT_AG', 'cat_ordinal__TIME_B_S', 'cat_ordinal__ant_im', 'cat_ordinal__lat_im', 'cat_ordinal__inf_im', 'cat_ordinal__post_im', 'cat_partial_ordinal__HF_right_line', 'cat_binary__nr_11', 'cat_binary__nr_04', 'cat_binary__nr_07', 'cat_binary__np_05', 'cat_binary__endocr_01', 'cat_binary__zab_leg_02', 'cat_binary__zab_leg_04', 'cat_binary__zab_leg_06', 'cat_binary__O_L_POST', 'cat_binary__K_SH_POST', 'cat_binary__MP_TP_POST', 'cat_binary__FIB_G_POST', 'cat_binary__ritm_ecg_p_01', 'cat_binary__ritm_ecg_p_04', 'cat_binary__ritm_ecg_p_07', 'cat_binary__n_r_ecg_p_08', 'cat_binary__n_r_ecg_p_10', 'cat_binary__n_p_ecg_p_01', 'cat_binary__n_p_ecg_p_04', 'cat_binary__n_p_ecg_p_05', 'cat_binary__n_p_ecg_p_06', 'cat_binary__n_p_ecg_p_07', 'cat_binary__n_p_ecg_p_08', 'cat_binary__n_p_ecg_p_10', 'cat_binary__n_p_ecg_p_12', 'cat_binary__fibr_ter_06', 'cat_binary__fibr_ter_07', 'cat_binary__fibr_ter_08', 'cat_binary__GIPO_K', 'cat_binary__NITR_S', 'cat_binary__ANT_CA_S_n', 'cat_binary__GEPAR_S_n']"
csl_fp1_fn10__standard,9,8,RandomForestClassifier,generalization,25,63,69,0,0.5605095541401274,0.26595744680851063,1.0,0.42016806722689076,0.4772727272727273,0.5227272727272727,0.7386363636363636,0.6908492797077574,0.3562783125265825,0.2252735464492599,0.9030303030303031,0.694858090585254,0.4394904458598726,0.0924692153930664,157,"['num_log1p_standard_scaler__L_BLOOD', 'num_log1p_standard_scaler__AST_BLOOD', 'num_log1p_standard_scaler__ROE', 'num_standard_scaler__AGE', 'num_standard_scaler__S_AD_ORIT', 'num_standard_scaler__D_AD_ORIT', 'num_standard_scaler__NA_BLOOD', 'cat_nominal__IBS_POST_0.0', 'cat_nominal__IBS_POST_2.0', 'cat_ordinal__INF_ANAM', 'cat_ordinal__STENOK_AN', 'cat_ordinal__GB', 'cat_ordinal__DLIT_AG', 'cat_ordinal__TIME_B_S', 'cat_ordinal__ant_im', 'cat_ordinal__lat_im', 'cat_ordinal__inf_im', 'cat_partial_ordinal__HF_right_line', 'cat_partial_ordinal__HF_left_line', 'cat_binary__nr_11', 'cat_binary__nr_01', 'cat_binary__nr_03', 'cat_binary__nr_04', 'cat_binary__nr_07', 'cat_binary__nr_08', 'cat_binary__np_01', 'cat_binary__np_04', 'cat_binary__np_05', 'cat_binary__np_07', 'cat_binary__np_08', 'cat_binary__np_09', 'cat_binary__np_10', 'cat_binary__endocr_01', 'cat_binary__endocr_02', 'cat_binary__endocr_03', 'cat_binary__zab_leg_01', 'cat_binary__zab_leg_02', 'cat_binary__zab_leg_03', 'cat_binary__zab_leg_04', 'cat_binary__zab_leg_06', 'cat_binary__O_L_POST', 'cat_binary__K_SH_POST', 'cat_binary__MP_TP_POST', 'cat_binary__SVT_POST', 'cat_binary__GT_POST', 'cat_binary__FIB_G_POST', 'cat_binary__IM_PG_P', 'cat_binary__ritm_ecg_p_01', 'cat_binary__ritm_ecg_p_02', 'cat_binary__ritm_ecg_p_04', 'cat_binary__ritm_ecg_p_06', 'cat_binary__ritm_ecg_p_07', 'cat_binary__ritm_ecg_p_08', 'cat_binary__n_r_ecg_p_01', 'cat_binary__n_r_ecg_p_02', 'cat_binary__n_r_ecg_p_03', 'cat_binary__n_r_ecg_p_04', 'cat_binary__n_r_ecg_p_05', 'cat_binary__n_r_ecg_p_06', 'cat_binary__n_r_ecg_p_08', 'cat_binary__n_r_ecg_p_09', 'cat_binary__n_r_ecg_p_10', 'cat_binary__n_p_ecg_p_01', 'cat_binary__n_p_ecg_p_03', 'cat_binary__n_p_ecg_p_04', 'cat_binary__n_p_ecg_p_05', 'cat_binary__n_p_ecg_p_06', 'cat_binary__n_p_ecg_p_07', 'cat_binary__n_p_ecg_p_08', 'cat_binary__n_p_ecg_p_09', 'cat_binary__n_p_ecg_p_10', 'cat_binary__n_p_ecg_p_11', 'cat_binary__n_p_ecg_p_12', 'cat_binary__fibr_ter_01', 'cat_binary__fibr_ter_02', 'cat_binary__fibr_ter_03', 'cat_binary__fibr_ter_05', 'cat_binary__fibr_ter_06', 'cat_binary__fibr_ter_07', 'cat_binary__fibr_ter_08', 'cat_binary__GIPO_K', 'cat_binary__GIPER_NA', 'cat_binary__NITR_S', 'cat_binary__LID_S_n', 'cat_binary__B_BLOK_S_n', 'cat_binary__ANT_CA_S_n', 'cat_binary__GEPAR_S_n', 'cat_binary__ASP_S_n', 'cat_binary__TIKL_S_n', 'cat_binary__TRENT_S_n']"
csl_fp1_fn10__standard,9,9,RandomForestClassifier,generalization,19,79,53,6,0.6242038216560509,0.2638888888888889,0.76,0.3917525773195876,0.5984848484848485,0.4015151515151515,0.6792424242424242,0.6744245583076619,0.26324011000594827,0.203456875053745,0.7866666666666666,0.48903305663709074,0.7197452229299363,0.08731222152709961,157,"['num_log1p_standard_scaler__L_BLOOD', 'num_log1p_standard_scaler__ALT_BLOOD', 'num_log1p_standard_scaler__K_BLOOD', 'num_standard_scaler__AGE', 'num_standard_scaler__S_AD_ORIT', 'num_standard_scaler__D_AD_ORIT', 'cat_nominal__IBS_POST_0.0', 'cat_ordinal__TIME_B_S', 'cat_ordinal__inf_im', 'cat_partial_ordinal__HF_right_line', 'cat_binary__SEX', 'cat_binary__zab_leg_02', 'cat_binary__K_SH_POST', 'cat_binary__ritm_ecg_p_01', 'cat_binary__ritm_ecg_p_02', 'cat_binary__n_r_ecg_p_08', 'cat_binary__n_p_ecg_p_07', 'cat_binary__fibr_ter_06', 'cat_binary__NITR_S', 'cat_binary__ASP_S_n']"
csl_fp1_fn10__standard,9,10,RandomForestClassifier,generalization,25,13,119,0,0.24203821656050956,0.1736111111111111,1.0,0.2958579881656805,0.09848484848484848,0.9015151515151515,0.5492424242424242,0.3138229572304239,0.13075956551267662,0.033621269332229864,0.8412121212121212,0.5508089698176988,0.7579617834394905,0.1308608055114746,157,"['num_log1p_standard_scaler__L_BLOOD', 'num_log1p_standard_scaler__AST_BLOOD', 'num_log1p_standard_scaler__ROE', 'num_log1p_standard_scaler__K_BLOOD', 'num_standard_scaler__AGE', 'num_standard_scaler__S_AD_ORIT', 'num_standard_scaler__D_AD_ORIT', 'num_standard_scaler__NA_BLOOD', 'cat_nominal__IBS_POST_0.0', 'cat_nominal__IBS_POST_2.0', 'cat_ordinal__FK_STENOK', 'cat_ordinal__GB', 'cat_ordinal__DLIT_AG', 'cat_ordinal__TIME_B_S', 'cat_ordinal__ant_im', 'cat_partial_ordinal__HF_right_line', 'cat_partial_ordinal__HF_left_line', 'cat_binary__SEX', 'cat_binary__nr_01', 'cat_binary__nr_02', 'cat_binary__nr_03', 'cat_binary__np_08', 'cat_binary__np_09', 'cat_binary__np_10', 'cat_binary__endocr_01', 'cat_binary__endocr_02', 'cat_binary__zab_leg_01', 'cat_binary__K_SH_POST', 'cat_binary__MP_TP_POST', 'cat_binary__FIB_G_POST', 'cat_binary__ritm_ecg_p_01', 'cat_binary__ritm_ecg_p_02', 'cat_binary__ritm_ecg_p_04', 'cat_binary__ritm_ecg_p_06', 'cat_binary__ritm_ecg_p_07', 'cat_binary__n_r_ecg_p_01', 'cat_binary__n_r_ecg_p_03', 'cat_binary__n_r_ecg_p_06', 'cat_binary__n_r_ecg_p_08', 'cat_binary__n_r_ecg_p_09', 'cat_binary__n_p_ecg_p_03', 'cat_binary__n_p_ecg_p_07', 'cat_binary__n_p_ecg_p_09', 'cat_binary__n_p_ecg_p_11', 'cat_binary__n_p_ecg_p_12', 'cat_binary__fibr_ter_05', 'cat_binary__fibr_ter_06', 'cat_binary__fibr_ter_07', 'cat_binary__fibr_ter_08', 'cat_binary__GIPER_NA', 'cat_binary__NITR_S', 'cat_binary__B_BLOK_S_n', 'cat_binary__ANT_CA_S_n', 'cat_binary__ASP_S_n', 'cat_binary__TRENT_S_n']"
csl_fp1_fn10__standard,10,1,RandomForestClassifier,generalization,23,57,76,2,0.5063291139240507,0.23232323232323232,0.92,0.3709677419354839,0.42857142857142855,0.5714285714285714,0.6742857142857143,0.6279217421667403,0.26299289030637507,0.1583117060510859,0.8360902255639098,0.5130496308642271,0.6075949367088608,0.10465836524963379,158,"['num_log1p_standard_scaler__L_BLOOD', 'num_standard_scaler__AGE', 'num_standard_scaler__S_AD_ORIT', 'num_standard_scaler__D_AD_ORIT', 'cat_nominal__IBS_POST_2.0', 'cat_ordinal__INF_ANAM', 'cat_ordinal__FK_STENOK', 'cat_ordinal__TIME_B_S', 'cat_partial_ordinal__HF_left_line', 'cat_binary__O_L_POST', 'cat_binary__K_SH_POST', 'cat_binary__ritm_ecg_p_01', 'cat_binary__fibr_ter_08', 'cat_binary__ANT_CA_S_n', 'cat_binary__ASP_S_n']"
csl_fp1_fn10__standard,10,2,RandomForestClassifier,generalization,23,62,70,3,0.5379746835443038,0.24731182795698925,0.8846153846153846,0.3865546218487395,0.4696969696969697,0.5303030303030303,0.6771561771561772,0.6445937988385907,0.26696958276439164,0.17413719031934694,0.7899184149184149,0.5661424191281967,0.6329113924050633,0.07465291023254395,158,"['num_log1p_standard_scaler__L_BLOOD', 'num_log1p_standard_scaler__ALT_BLOOD', 'num_log1p_standard_scaler__ROE', 'num_standard_scaler__AGE', 'num_standard_scaler__S_AD_ORIT', 'num_standard_scaler__D_AD_ORIT', 'num_standard_scaler__NA_BLOOD', 'cat_nominal__IBS_POST_0.0', 'cat_nominal__IBS_POST_2.0', 'cat_ordinal__INF_ANAM', 'cat_ordinal__STENOK_AN', 'cat_ordinal__FK_STENOK', 'cat_ordinal__GB', 'cat_ordinal__DLIT_AG', 'cat_ordinal__TIME_B_S', 'cat_ordinal__ant_im', 'cat_ordinal__lat_im', 'cat_ordinal__post_im', 'cat_partial_ordinal__HF_right_line', 'cat_partial_ordinal__HF_left_line', 'cat_binary__SEX', 'cat_binary__nr_01', 'cat_binary__nr_03', 'cat_binary__nr_04', 'cat_binary__nr_08', 'cat_binary__np_09', 'cat_binary__np_10', 'cat_binary__endocr_01', 'cat_binary__endocr_02', 'cat_binary__endocr_03', 'cat_binary__zab_leg_01', 'cat_binary__zab_leg_02', 'cat_binary__zab_leg_04', 'cat_binary__zab_leg_06', 'cat_binary__O_L_POST', 'cat_binary__K_SH_POST', 'cat_binary__MP_TP_POST', 'cat_binary__GT_POST', 'cat_binary__IM_PG_P', 'cat_binary__ritm_ecg_p_01', 'cat_binary__ritm_ecg_p_02', 'cat_binary__ritm_ecg_p_04', 'cat_binary__ritm_ecg_p_06', 'cat_binary__ritm_ecg_p_07', 'cat_binary__ritm_ecg_p_08', 'cat_binary__n_r_ecg_p_03', 'cat_binary__n_r_ecg_p_04', 'cat_binary__n_r_ecg_p_05', 'cat_binary__n_r_ecg_p_06', 'cat_binary__n_r_ecg_p_08', 'cat_binary__n_r_ecg_p_09', 'cat_binary__n_r_ecg_p_10', 'cat_binary__n_p_ecg_p_01', 'cat_binary__n_p_ecg_p_03', 'cat_binary__n_p_ecg_p_04', 'cat_binary__n_p_ecg_p_05', 'cat_binary__n_p_ecg_p_06', 'cat_binary__n_p_ecg_p_07', 'cat_binary__n_p_ecg_p_08', 'cat_binary__n_p_ecg_p_09', 'cat_binary__n_p_ecg_p_10', 'cat_binary__n_p_ecg_p_11', 'cat_binary__n_p_ecg_p_12', 'cat_binary__fibr_ter_01', 'cat_binary__fibr_ter_02', 'cat_binary__fibr_ter_03', 'cat_binary__fibr_ter_05', 'cat_binary__fibr_ter_06', 'cat_binary__fibr_ter_07', 'cat_binary__fibr_ter_08', 'cat_binary__GIPO_K', 'cat_binary__GIPER_NA', 'cat_binary__NITR_S', 'cat_binary__LID_S_n', 'cat_binary__B_BLOK_S_n', 'cat_binary__ANT_CA_S_n', 'cat_binary__GEPAR_S_n', 'cat_binary__ASP_S_n', 'cat_binary__TIKL_S_n', 'cat_binary__TRENT_S_n']"
csl_fp1_fn10__standard,10,3,RandomForestClassifier,generalization,23,60,72,2,0.5286624203821656,0.24210526315789474,0.92,0.38333333333333336,0.45454545454545453,0.5454545454545454,0.6872727272727273,0.6466697906828632,0.2803521257282891,0.17544357700496815,0.791060606060606,0.590100199982054,0.5859872611464968,0.11235737800598145,157,"['num_log1p_standard_scaler__L_BLOOD', 'num_standard_scaler__AGE', 'num_standard_scaler__S_AD_ORIT', 'num_standard_scaler__D_AD_ORIT', 'cat_ordinal__ant_im', 'cat_binary__nr_07', 'cat_binary__K_SH_POST', 'cat_binary__IM_PG_P', 'cat_binary__ritm_ecg_p_01', 'cat_binary__NITR_S']"
csl_fp1_fn10__standard,10,4,RandomForestClassifier,generalization,24,58,74,1,0.5222929936305732,0.24489795918367346,0.96,0.3902439024390244,0.4393939393939394,0.5606060606060606,0.6996969696969697,0.649475312708791,0.3017306279856528,0.18291582818680185,0.8745454545454545,0.6391735642903046,0.535031847133758,0.07281494140625,157,"['num_log1p_standard_scaler__L_BLOOD', 'num_log1p_standard_scaler__ROE', 'num_standard_scaler__AGE', 'num_standard_scaler__S_AD_ORIT', 'num_standard_scaler__D_AD_ORIT', 'num_standard_scaler__NA_BLOOD', 'cat_nominal__IBS_POST_0.0', 'cat_ordinal__TIME_B_S', 'cat_ordinal__ant_im', 'cat_ordinal__lat_im', 'cat_partial_ordinal__HF_right_line', 'cat_partial_ordinal__HF_left_line', 'cat_binary__nr_03', 'cat_binary__nr_07', 'cat_binary__np_01', 'cat_binary__np_05', 'cat_binary__endocr_01', 'cat_binary__endocr_02', 'cat_binary__zab_leg_02', 'cat_binary__K_SH_POST', 'cat_binary__FIB_G_POST', 'cat_binary__IM_PG_P', 'cat_binary__ritm_ecg_p_01', 'cat_binary__ritm_ecg_p_02', 'cat_binary__ritm_ecg_p_07', 'cat_binary__n_r_ecg_p_02', 'cat_binary__n_r_ecg_p_05', 'cat_binary__n_r_ecg_p_09', 'cat_binary__n_p_ecg_p_04', 'cat_binary__n_p_ecg_p_06', 'cat_binary__n_p_ecg_p_12', 'cat_binary__fibr_ter_03', 'cat_binary__NITR_S', 'cat_binary__ANT_CA_S_n', 'cat_binary__GEPAR_S_n']"
csl_fp1_fn10__standard,10,5,RandomForestClassifier,generalization,21,57,75,4,0.4968152866242038,0.21875,0.84,0.34710743801652894,0.4318181818181818,0.5681818181818181,0.6359090909090909,0.6022684390927958,0.20404922004918952,0.1263647249418891,0.7896969696969697,0.5146748514570292,0.732484076433121,0.1011514663696289,157,"['num_log1p_standard_scaler__L_BLOOD', 'num_log1p_standard_scaler__ROE', 'num_standard_scaler__AGE', 'num_standard_scaler__S_AD_ORIT', 'num_standard_scaler__D_AD_ORIT', 'num_standard_scaler__NA_BLOOD', 'cat_nominal__IBS_POST_1.0', 'cat_nominal__IBS_POST_2.0', 'cat_ordinal__INF_ANAM', 'cat_ordinal__FK_STENOK', 'cat_ordinal__GB', 'cat_ordinal__DLIT_AG', 'cat_ordinal__TIME_B_S', 'cat_ordinal__ant_im', 'cat_ordinal__lat_im', 'cat_ordinal__inf_im', 'cat_ordinal__post_im', 'cat_partial_ordinal__HF_right_line', 'cat_partial_ordinal__HF_left_line', 'cat_binary__SEX', 'cat_binary__nr_11', 'cat_binary__nr_01', 'cat_binary__nr_04', 'cat_binary__nr_08', 'cat_binary__np_01', 'cat_binary__np_07', 'cat_binary__endocr_01', 'cat_binary__endocr_02', 'cat_binary__zab_leg_01', 'cat_binary__zab_leg_02', 'cat_binary__zab_leg_03', 'cat_binary__O_L_POST', 'cat_binary__K_SH_POST', 'cat_binary__MP_TP_POST', 'cat_binary__SVT_POST', 'cat_binary__GT_POST', 'cat_binary__IM_PG_P', 'cat_binary__ritm_ecg_p_06', 'cat_binary__ritm_ecg_p_07', 'cat_binary__ritm_ecg_p_08', 'cat_binary__n_r_ecg_p_05', 'cat_binary__n_r_ecg_p_08', 'cat_binary__n_r_ecg_p_10', 'cat_binary__n_p_ecg_p_03', 'cat_binary__n_p_ecg_p_09', 'cat_binary__n_p_ecg_p_10', 'cat_binary__n_p_ecg_p_12', 'cat_binary__fibr_ter_02', 'cat_binary__fibr_ter_05', 'cat_binary__fibr_ter_06', 'cat_binary__GIPO_K', 'cat_binary__GIPER_NA', 'cat_binary__NITR_S', 'cat_binary__LID_S_n', 'cat_binary__B_BLOK_S_n', 'cat_binary__ANT_CA_S_n', 'cat_binary__GEPAR_S_n', 'cat_binary__ASP_S_n', 'cat_binary__TIKL_S_n', 'cat_binary__TRENT_S_n']"
csl_fp1_fn10__standard,10,6,RandomForestClassifier,generalization,25,72,60,0,0.6178343949044586,0.29411764705882354,1.0,0.45454545454545453,0.5454545454545454,0.4545454545454546,0.7727272727272727,0.7385489458759964,0.40053440237591453,0.2764976958525347,0.8845454545454545,0.6003287109957444,0.3821656050955414,0.06016826629638672,157,"['num_log1p_standard_scaler__L_BLOOD', 'num_log1p_standard_scaler__ALT_BLOOD', 'num_log1p_standard_scaler__ROE', 'num_log1p_standard_scaler__K_BLOOD', 'num_standard_scaler__AGE', 'num_standard_scaler__S_AD_ORIT', 'num_standard_scaler__D_AD_ORIT', 'num_standard_scaler__NA_BLOOD', 'cat_nominal__IBS_POST_2.0', 'cat_ordinal__INF_ANAM', 'cat_ordinal__STENOK_AN', 'cat_ordinal__FK_STENOK', 'cat_ordinal__GB', 'cat_ordinal__DLIT_AG', 'cat_ordinal__TIME_B_S', 'cat_ordinal__ant_im', 'cat_ordinal__lat_im', 'cat_ordinal__inf_im', 'cat_partial_ordinal__HF_right_line', 'cat_partial_ordinal__HF_left_line', 'cat_binary__SEX', 'cat_binary__nr_11', 'cat_binary__nr_04', 'cat_binary__nr_07', 'cat_binary__nr_08', 'cat_binary__np_05', 'cat_binary__np_07', 'cat_binary__np_09', 'cat_binary__np_10', 'cat_binary__endocr_01', 'cat_binary__zab_leg_02', 'cat_binary__zab_leg_03', 'cat_binary__zab_leg_04', 'cat_binary__O_L_POST', 'cat_binary__K_SH_POST', 'cat_binary__MP_TP_POST', 'cat_binary__GT_POST', 'cat_binary__FIB_G_POST', 'cat_binary__ritm_ecg_p_01', 'cat_binary__ritm_ecg_p_02', 'cat_binary__ritm_ecg_p_06', 'cat_binary__ritm_ecg_p_07', 'cat_binary__ritm_ecg_p_08', 'cat_binary__n_r_ecg_p_04', 'cat_binary__n_r_ecg_p_06', 'cat_binary__n_r_ecg_p_09', 'cat_binary__n_p_ecg_p_01', 'cat_binary__n_p_ecg_p_03', 'cat_binary__n_p_ecg_p_06', 'cat_binary__n_p_ecg_p_09', 'cat_binary__n_p_ecg_p_10', 'cat_binary__n_p_ecg_p_12', 'cat_binary__fibr_ter_01', 'cat_binary__fibr_ter_02', 'cat_binary__fibr_ter_07', 'cat_binary__fibr_ter_08', 'cat_binary__GIPER_NA', 'cat_binary__NITR_S', 'cat_binary__LID_S_n', 'cat_binary__B_BLOK_S_n', 'cat_binary__ANT_CA_S_n', 'cat_binary__GEPAR_S_n', 'cat_binary__ASP_S_n', 'cat_binary__TIKL_S_n', 'cat_binary__TRENT_S_n']"
csl_fp1_fn10__standard,10,7,RandomForestClassifier,generalization,21,93,39,4,0.7261146496815286,0.35,0.84,0.49411764705882355,0.7045454545454546,0.2954545454545454,0.7722727272727272,0.7692971999287284,0.41004320068651406,0.3474142097631706,0.8457575757575757,0.5216418291783231,0.5031847133757962,0.06880664825439453,157,"['num_log1p_standard_scaler__L_BLOOD', 'num_log1p_standard_scaler__AST_BLOOD', 'num_log1p_standard_scaler__ROE', 'num_log1p_standard_scaler__K_BLOOD', 'num_standard_scaler__AGE', 'num_standard_scaler__S_AD_ORIT', 'num_standard_scaler__D_AD_ORIT', 'num_standard_scaler__NA_BLOOD', 'cat_nominal__IBS_POST_0.0', 'cat_nominal__IBS_POST_1.0', 'cat_nominal__IBS_POST_2.0', 'cat_ordinal__INF_ANAM', 'cat_ordinal__STENOK_AN', 'cat_ordinal__FK_STENOK', 'cat_ordinal__GB', 'cat_ordinal__DLIT_AG', 'cat_ordinal__TIME_B_S', 'cat_ordinal__ant_im', 'cat_partial_ordinal__HF_right_line', 'cat_partial_ordinal__HF_left_line', 'cat_binary__SIM_GIPERT', 'cat_binary__nr_11', 'cat_binary__nr_03', 'cat_binary__nr_04', 'cat_binary__np_01', 'cat_binary__endocr_01', 'cat_binary__endocr_02', 'cat_binary__zab_leg_02', 'cat_binary__zab_leg_06', 'cat_binary__O_L_POST', 'cat_binary__K_SH_POST', 'cat_binary__MP_TP_POST', 'cat_binary__SVT_POST', 'cat_binary__IM_PG_P', 'cat_binary__ritm_ecg_p_01', 'cat_binary__ritm_ecg_p_02', 'cat_binary__ritm_ecg_p_04', 'cat_binary__n_r_ecg_p_04', 'cat_binary__n_r_ecg_p_05', 'cat_binary__n_r_ecg_p_06', 'cat_binary__n_r_ecg_p_08', 'cat_binary__n_r_ecg_p_10', 'cat_binary__n_p_ecg_p_12', 'cat_binary__fibr_ter_02', 'cat_binary__fibr_ter_05', 'cat_binary__GIPO_K', 'cat_binary__NITR_S', 'cat_binary__B_BLOK_S_n', 'cat_binary__ASP_S_n', 'cat_binary__TRENT_S_n']"
csl_fp1_fn10__standard,10,8,RandomForestClassifier,generalization,24,58,74,1,0.5222929936305732,0.24489795918367346,0.96,0.3902439024390244,0.4393939393939394,0.5606060606060606,0.6996969696969697,0.649475312708791,0.3017306279856528,0.18291582818680185,0.8572727272727273,0.634090002514311,0.535031847133758,0.07693266868591309,157,"['num_log1p_standard_scaler__L_BLOOD', 'num_log1p_standard_scaler__ALT_BLOOD', 'num_log1p_standard_scaler__ROE', 'num_log1p_standard_scaler__K_BLOOD', 'num_standard_scaler__AGE', 'num_standard_scaler__S_AD_ORIT', 'num_standard_scaler__D_AD_ORIT', 'num_standard_scaler__NA_BLOOD', 'cat_nominal__IBS_POST_0.0', 'cat_nominal__IBS_POST_1.0', 'cat_nominal__IBS_POST_2.0', 'cat_ordinal__INF_ANAM', 'cat_ordinal__FK_STENOK', 'cat_ordinal__GB', 'cat_ordinal__DLIT_AG', 'cat_ordinal__TIME_B_S', 'cat_ordinal__ant_im', 'cat_ordinal__lat_im', 'cat_ordinal__inf_im', 'cat_partial_ordinal__HF_right_line', 'cat_partial_ordinal__HF_left_line', 'cat_binary__SEX', 'cat_binary__nr_11', 'cat_binary__nr_01', 'cat_binary__nr_03', 'cat_binary__nr_08', 'cat_binary__np_07', 'cat_binary__endocr_01', 'cat_binary__endocr_02', 'cat_binary__zab_leg_02', 'cat_binary__O_L_POST', 'cat_binary__K_SH_POST', 'cat_binary__MP_TP_POST', 'cat_binary__FIB_G_POST', 'cat_binary__ritm_ecg_p_01', 'cat_binary__ritm_ecg_p_08', 'cat_binary__n_r_ecg_p_02', 'cat_binary__n_r_ecg_p_03', 'cat_binary__n_r_ecg_p_05', 'cat_binary__n_r_ecg_p_06', 'cat_binary__n_r_ecg_p_10', 'cat_binary__n_p_ecg_p_01', 'cat_binary__n_p_ecg_p_03', 'cat_binary__n_p_ecg_p_05', 'cat_binary__n_p_ecg_p_09', 'cat_binary__n_p_ecg_p_12', 'cat_binary__fibr_ter_02', 'cat_binary__fibr_ter_05', 'cat_binary__fibr_ter_06', 'cat_binary__GIPER_NA', 'cat_binary__NITR_S', 'cat_binary__B_BLOK_S_n', 'cat_binary__ANT_CA_S_n', 'cat_binary__ASP_S_n', 'cat_binary__TRENT_S_n']"
csl_fp1_fn10__standard,10,9,RandomForestClassifier,generalization,25,20,112,0,0.28662420382165604,0.18248175182481752,1.0,0.30864197530864196,0.15151515151515152,0.8484848484848485,0.5757575757575758,0.3892494720807615,0.16627913361720256,0.05380972879896684,0.8196969696969697,0.5619428786528095,0.7133757961783439,0.06761050224304199,157,"['num_log1p_standard_scaler__L_BLOOD', 'num_log1p_standard_scaler__ROE', 'num_standard_scaler__AGE', 'num_standard_scaler__S_AD_ORIT', 'num_standard_scaler__D_AD_ORIT', 'num_standard_scaler__NA_BLOOD', 'cat_nominal__IBS_POST_0.0', 'cat_nominal__IBS_POST_2.0', 'cat_ordinal__STENOK_AN', 'cat_ordinal__FK_STENOK', 'cat_ordinal__GB', 'cat_ordinal__DLIT_AG', 'cat_ordinal__TIME_B_S', 'cat_ordinal__ant_im', 'cat_ordinal__lat_im', 'cat_ordinal__inf_im', 'cat_ordinal__post_im', 'cat_partial_ordinal__HF_right_line', 'cat_partial_ordinal__HF_left_line', 'cat_binary__SEX', 'cat_binary__SIM_GIPERT', 'cat_binary__nr_11', 'cat_binary__np_05', 'cat_binary__endocr_02', 'cat_binary__zab_leg_02', 'cat_binary__K_SH_POST', 'cat_binary__MP_TP_POST', 'cat_binary__SVT_POST', 'cat_binary__IM_PG_P', 'cat_binary__ritm_ecg_p_01', 'cat_binary__ritm_ecg_p_02', 'cat_binary__ritm_ecg_p_08', 'cat_binary__n_r_ecg_p_03', 'cat_binary__n_r_ecg_p_09', 'cat_binary__n_p_ecg_p_01', 'cat_binary__n_p_ecg_p_04', 'cat_binary__n_p_ecg_p_05', 'cat_binary__n_p_ecg_p_08', 'cat_binary__n_p_ecg_p_11', 'cat_binary__n_p_ecg_p_12', 'cat_binary__fibr_ter_01', 'cat_binary__GIPO_K', 'cat_binary__NITR_S', 'cat_binary__B_BLOK_S_n', 'cat_binary__ASP_S_n']"
csl_fp1_fn10__standard,10,10,RandomForestClassifier,generalization,25,44,88,0,0.4394904458598726,0.22123893805309736,1.0,0.36231884057971014,0.3333333333333333,0.6666666666666667,0.6666666666666666,0.5773502691896257,0.2715627232967842,0.13736263736263732,0.8945454545454545,0.7470001085922158,0.5605095541401274,0.09406495094299316,157,"['num_log1p_standard_scaler__L_BLOOD', 'num_log1p_standard_scaler__ROE', 'num_log1p_standard_scaler__K_BLOOD', 'num_standard_scaler__AGE', 'num_standard_scaler__S_AD_ORIT', 'num_standard_scaler__D_AD_ORIT', 'num_standard_scaler__NA_BLOOD', 'cat_nominal__IBS_POST_0.0', 'cat_ordinal__STENOK_AN', 'cat_ordinal__FK_STENOK', 'cat_ordinal__GB', 'cat_ordinal__ant_im', 'cat_ordinal__inf_im', 'cat_partial_ordinal__HF_right_line', 'cat_partial_ordinal__HF_left_line', 'cat_binary__SEX', 'cat_binary__nr_04', 'cat_binary__nr_08', 'cat_binary__np_01', 'cat_binary__np_07', 'cat_binary__np_09', 'cat_binary__endocr_01', 'cat_binary__endocr_03', 'cat_binary__zab_leg_02', 'cat_binary__zab_leg_03', 'cat_binary__O_L_POST', 'cat_binary__K_SH_POST', 'cat_binary__MP_TP_POST', 'cat_binary__SVT_POST', 'cat_binary__IM_PG_P', 'cat_binary__ritm_ecg_p_01', 'cat_binary__ritm_ecg_p_02', 'cat_binary__ritm_ecg_p_07', 'cat_binary__ritm_ecg_p_08', 'cat_binary__n_r_ecg_p_01', 'cat_binary__n_r_ecg_p_03', 'cat_binary__n_r_ecg_p_08', 'cat_binary__n_r_ecg_p_09', 'cat_binary__n_r_ecg_p_10', 'cat_binary__n_p_ecg_p_01', 'cat_binary__n_p_ecg_p_03', 'cat_binary__n_p_ecg_p_04', 'cat_binary__n_p_ecg_p_05', 'cat_binary__n_p_ecg_p_06', 'cat_binary__n_p_ecg_p_11', 'cat_binary__n_p_ecg_p_12', 'cat_binary__fibr_ter_01', 'cat_binary__fibr_ter_03', 'cat_binary__fibr_ter_07', 'cat_binary__GIPO_K', 'cat_binary__NITR_S', 'cat_binary__B_BLOK_S_n', 'cat_binary__ANT_CA_S_n', 'cat_binary__ASP_S_n', 'cat_binary__TRENT_S_n']"
