experiment_name,iteration,fold,model,split,tp,tn,fp,fn,accuracy,precision,recall,f1,specificity,fpr,balanced_accuracy,geometric_mean,mcc,kappa,roc_auc,average_precision,average_cost,score_time,fold_size,selected_features_names
csl_fp1_fn10__mec_fp1_fn10,1,1,Exponential,generalization,25,0,133,0,0.15822784810126583,0.15822784810126583,1.0,0.273224043715847,0.0,1.0,0.5,0.0,0.0,0.0,0.7227067669172932,0.45178691756699596,0.8417721518987342,0.3105037212371826,158,"['num_log1p_standard_scaler__L_BLOOD', 'num_log1p_standard_scaler__ROE', 'num_standard_scaler__AGE', 'num_standard_scaler__S_AD_ORIT', 'num_standard_scaler__D_AD_ORIT', 'num_standard_scaler__NA_BLOOD', 'cat_nominal__IBS_POST_1.0', 'cat_ordinal__INF_ANAM', 'cat_ordinal__TIME_B_S', 'cat_ordinal__ant_im', 'cat_ordinal__post_im', 'cat_partial_ordinal__HF_right_line', 'cat_partial_ordinal__HF_left_line', 'cat_binary__SEX', 'cat_binary__nr_11', 'cat_binary__nr_01', 'cat_binary__nr_03', 'cat_binary__nr_04', 'cat_binary__np_05', 'cat_binary__np_08', 'cat_binary__endocr_02', 'cat_binary__endocr_03', 'cat_binary__zab_leg_02', 'cat_binary__zab_leg_03', 'cat_binary__zab_leg_06', 'cat_binary__O_L_POST', 'cat_binary__K_SH_POST', 'cat_binary__MP_TP_POST', 'cat_binary__SVT_POST', 'cat_binary__FIB_G_POST', 'cat_binary__IM_PG_P', 'cat_binary__ritm_ecg_p_01', 'cat_binary__ritm_ecg_p_04', 'cat_binary__ritm_ecg_p_07', 'cat_binary__n_r_ecg_p_02', 'cat_binary__n_r_ecg_p_03', 'cat_binary__n_r_ecg_p_06', 'cat_binary__n_p_ecg_p_01', 'cat_binary__n_p_ecg_p_03', 'cat_binary__n_p_ecg_p_05', 'cat_binary__n_p_ecg_p_11', 'cat_binary__n_p_ecg_p_12', 'cat_binary__fibr_ter_05', 'cat_binary__fibr_ter_08', 'cat_binary__NITR_S', 'cat_binary__LID_S_n', 'cat_binary__B_BLOK_S_n', 'cat_binary__ANT_CA_S_n', 'cat_binary__GEPAR_S_n', 'cat_binary__ASP_S_n']"
csl_fp1_fn10__mec_fp1_fn10,1,2,Exponential,generalization,26,0,132,0,0.16455696202531644,0.16455696202531644,1.0,0.2826086956521739,0.0,1.0,0.5,0.0,0.0,0.0,0.7864219114219115,0.5821540623275365,0.8354430379746836,0.29894280433654785,158,"['num_log1p_standard_scaler__L_BLOOD', 'num_log1p_standard_scaler__ROE', 'num_log1p_standard_scaler__K_BLOOD', 'num_standard_scaler__AGE', 'num_standard_scaler__S_AD_ORIT', 'num_standard_scaler__D_AD_ORIT', 'num_standard_scaler__NA_BLOOD', 'cat_nominal__IBS_POST_1.0', 'cat_nominal__IBS_POST_2.0', 'cat_ordinal__INF_ANAM', 'cat_ordinal__STENOK_AN', 'cat_ordinal__GB', 'cat_ordinal__DLIT_AG', 'cat_ordinal__TIME_B_S', 'cat_ordinal__ant_im', 'cat_ordinal__lat_im', 'cat_ordinal__post_im', 'cat_partial_ordinal__HF_right_line', 'cat_partial_ordinal__HF_left_line', 'cat_binary__SEX', 'cat_binary__nr_01', 'cat_binary__nr_04', 'cat_binary__nr_07', 'cat_binary__np_04', 'cat_binary__np_07', 'cat_binary__np_08', 'cat_binary__np_09', 'cat_binary__endocr_01', 'cat_binary__endocr_02', 'cat_binary__zab_leg_01', 'cat_binary__zab_leg_03', 'cat_binary__zab_leg_04', 'cat_binary__zab_leg_06', 'cat_binary__O_L_POST', 'cat_binary__K_SH_POST', 'cat_binary__MP_TP_POST', 'cat_binary__SVT_POST', 'cat_binary__GT_POST', 'cat_binary__FIB_G_POST', 'cat_binary__ritm_ecg_p_01', 'cat_binary__ritm_ecg_p_02', 'cat_binary__ritm_ecg_p_04', 'cat_binary__ritm_ecg_p_07', 'cat_binary__n_r_ecg_p_02', 'cat_binary__n_r_ecg_p_04', 'cat_binary__n_r_ecg_p_05', 'cat_binary__n_r_ecg_p_06', 'cat_binary__n_r_ecg_p_08', 'cat_binary__n_r_ecg_p_10', 'cat_binary__n_p_ecg_p_01', 'cat_binary__n_p_ecg_p_04', 'cat_binary__n_p_ecg_p_05', 'cat_binary__n_p_ecg_p_12', 'cat_binary__fibr_ter_01', 'cat_binary__fibr_ter_02', 'cat_binary__fibr_ter_03', 'cat_binary__fibr_ter_05', 'cat_binary__fibr_ter_06', 'cat_binary__fibr_ter_07', 'cat_binary__fibr_ter_08', 'cat_binary__GIPO_K', 'cat_binary__GIPER_NA', 'cat_binary__NITR_S', 'cat_binary__LID_S_n', 'cat_binary__B_BLOK_S_n', 'cat_binary__ANT_CA_S_n', 'cat_binary__GEPAR_S_n', 'cat_binary__ASP_S_n', 'cat_binary__TIKL_S_n', 'cat_binary__TRENT_S_n']"
csl_fp1_fn10__mec_fp1_fn10,1,3,Exponential,generalization,25,0,132,0,0.1592356687898089,0.1592356687898089,1.0,0.27472527472527475,0.0,1.0,0.5,0.0,0.0,0.0,0.8978787878787878,0.6170537422697746,0.8407643312101911,0.22697854042053223,157,"['num_log1p_standard_scaler__L_BLOOD', 'num_log1p_standard_scaler__ROE', 'num_log1p_standard_scaler__K_BLOOD', 'num_standard_scaler__AGE', 'num_standard_scaler__S_AD_ORIT', 'num_standard_scaler__D_AD_ORIT', 'num_standard_scaler__NA_BLOOD', 'cat_nominal__IBS_POST_2.0', 'cat_ordinal__INF_ANAM', 'cat_ordinal__STENOK_AN', 'cat_ordinal__FK_STENOK', 'cat_ordinal__DLIT_AG', 'cat_ordinal__TIME_B_S', 'cat_ordinal__ant_im', 'cat_ordinal__inf_im', 'cat_partial_ordinal__HF_right_line', 'cat_partial_ordinal__HF_left_line', 'cat_binary__SEX', 'cat_binary__nr_11', 'cat_binary__nr_01', 'cat_binary__nr_08', 'cat_binary__np_01', 'cat_binary__np_09', 'cat_binary__np_10', 'cat_binary__endocr_03', 'cat_binary__zab_leg_01', 'cat_binary__zab_leg_02', 'cat_binary__zab_leg_03', 'cat_binary__zab_leg_04', 'cat_binary__zab_leg_06', 'cat_binary__O_L_POST', 'cat_binary__K_SH_POST', 'cat_binary__MP_TP_POST', 'cat_binary__SVT_POST', 'cat_binary__GT_POST', 'cat_binary__FIB_G_POST', 'cat_binary__IM_PG_P', 'cat_binary__ritm_ecg_p_01', 'cat_binary__ritm_ecg_p_02', 'cat_binary__ritm_ecg_p_04', 'cat_binary__ritm_ecg_p_06', 'cat_binary__ritm_ecg_p_07', 'cat_binary__ritm_ecg_p_08', 'cat_binary__n_r_ecg_p_01', 'cat_binary__n_r_ecg_p_02', 'cat_binary__n_r_ecg_p_03', 'cat_binary__n_r_ecg_p_04', 'cat_binary__n_r_ecg_p_05', 'cat_binary__n_r_ecg_p_06', 'cat_binary__n_r_ecg_p_08', 'cat_binary__n_r_ecg_p_09', 'cat_binary__n_r_ecg_p_10', 'cat_binary__n_p_ecg_p_01', 'cat_binary__n_p_ecg_p_03', 'cat_binary__n_p_ecg_p_04', 'cat_binary__n_p_ecg_p_05', 'cat_binary__n_p_ecg_p_06', 'cat_binary__n_p_ecg_p_07', 'cat_binary__n_p_ecg_p_08', 'cat_binary__n_p_ecg_p_09', 'cat_binary__n_p_ecg_p_10', 'cat_binary__n_p_ecg_p_11', 'cat_binary__n_p_ecg_p_12', 'cat_binary__fibr_ter_01', 'cat_binary__fibr_ter_02', 'cat_binary__fibr_ter_03', 'cat_binary__fibr_ter_05', 'cat_binary__fibr_ter_06', 'cat_binary__fibr_ter_07', 'cat_binary__fibr_ter_08', 'cat_binary__GIPO_K', 'cat_binary__GIPER_NA', 'cat_binary__NITR_S', 'cat_binary__LID_S_n', 'cat_binary__B_BLOK_S_n', 'cat_binary__ANT_CA_S_n', 'cat_binary__GEPAR_S_n', 'cat_binary__ASP_S_n', 'cat_binary__TIKL_S_n', 'cat_binary__TRENT_S_n']"
csl_fp1_fn10__mec_fp1_fn10,1,4,Exponential,generalization,25,0,132,0,0.1592356687898089,0.1592356687898089,1.0,0.27472527472527475,0.0,1.0,0.5,0.0,0.0,0.0,0.8303030303030303,0.4373509060365918,0.8407643312101911,0.3764069080352783,157,"['num_log1p_standard_scaler__L_BLOOD', 'num_log1p_standard_scaler__ALT_BLOOD', 'num_log1p_standard_scaler__AST_BLOOD', 'num_log1p_standard_scaler__ROE', 'num_log1p_standard_scaler__K_BLOOD', 'num_standard_scaler__AGE', 'num_standard_scaler__S_AD_ORIT', 'num_standard_scaler__D_AD_ORIT', 'num_standard_scaler__NA_BLOOD', 'cat_nominal__IBS_POST_1.0', 'cat_nominal__IBS_POST_2.0', 'cat_ordinal__INF_ANAM', 'cat_ordinal__FK_STENOK', 'cat_ordinal__TIME_B_S', 'cat_ordinal__ant_im', 'cat_ordinal__lat_im', 'cat_ordinal__inf_im', 'cat_partial_ordinal__HF_right_line', 'cat_partial_ordinal__HF_left_line', 'cat_binary__SEX', 'cat_binary__nr_03', 'cat_binary__nr_04', 'cat_binary__nr_08', 'cat_binary__np_05', 'cat_binary__np_07', 'cat_binary__endocr_01', 'cat_binary__endocr_02', 'cat_binary__zab_leg_03', 'cat_binary__O_L_POST', 'cat_binary__K_SH_POST', 'cat_binary__MP_TP_POST', 'cat_binary__SVT_POST', 'cat_binary__GT_POST', 'cat_binary__FIB_G_POST', 'cat_binary__IM_PG_P', 'cat_binary__ritm_ecg_p_01', 'cat_binary__ritm_ecg_p_02', 'cat_binary__ritm_ecg_p_04', 'cat_binary__ritm_ecg_p_06', 'cat_binary__ritm_ecg_p_07', 'cat_binary__n_r_ecg_p_02', 'cat_binary__n_r_ecg_p_03', 'cat_binary__n_r_ecg_p_04', 'cat_binary__n_r_ecg_p_06', 'cat_binary__n_r_ecg_p_08', 'cat_binary__n_r_ecg_p_09', 'cat_binary__n_r_ecg_p_10', 'cat_binary__n_p_ecg_p_01', 'cat_binary__n_p_ecg_p_03', 'cat_binary__n_p_ecg_p_04', 'cat_binary__n_p_ecg_p_05', 'cat_binary__n_p_ecg_p_06', 'cat_binary__n_p_ecg_p_07', 'cat_binary__n_p_ecg_p_08', 'cat_binary__n_p_ecg_p_09', 'cat_binary__n_p_ecg_p_10', 'cat_binary__n_p_ecg_p_11', 'cat_binary__n_p_ecg_p_12', 'cat_binary__fibr_ter_01', 'cat_binary__fibr_ter_02', 'cat_binary__fibr_ter_03', 'cat_binary__fibr_ter_05', 'cat_binary__fibr_ter_06', 'cat_binary__fibr_ter_07', 'cat_binary__fibr_ter_08', 'cat_binary__GIPO_K', 'cat_binary__GIPER_NA', 'cat_binary__NITR_S', 'cat_binary__LID_S_n', 'cat_binary__B_BLOK_S_n', 'cat_binary__ANT_CA_S_n', 'cat_binary__GEPAR_S_n', 'cat_binary__ASP_S_n', 'cat_binary__TIKL_S_n', 'cat_binary__TRENT_S_n']"
csl_fp1_fn10__mec_fp1_fn10,1,5,Exponential,generalization,25,0,132,0,0.1592356687898089,0.1592356687898089,1.0,0.27472527472527475,0.0,1.0,0.5,0.0,0.0,0.0,0.7212121212121212,0.46319203643701146,0.8407643312101911,0.23092269897460938,157,"['num_log1p_standard_scaler__L_BLOOD', 'num_log1p_standard_scaler__ROE', 'num_standard_scaler__AGE', 'num_standard_scaler__S_AD_ORIT', 'num_standard_scaler__D_AD_ORIT', 'num_standard_scaler__NA_BLOOD', 'cat_nominal__IBS_POST_1.0', 'cat_ordinal__FK_STENOK', 'cat_ordinal__GB', 'cat_ordinal__DLIT_AG', 'cat_ordinal__TIME_B_S', 'cat_ordinal__ant_im', 'cat_ordinal__lat_im', 'cat_ordinal__inf_im', 'cat_partial_ordinal__HF_left_line', 'cat_binary__SEX', 'cat_binary__nr_01', 'cat_binary__np_04', 'cat_binary__np_10', 'cat_binary__endocr_02', 'cat_binary__zab_leg_04', 'cat_binary__O_L_POST', 'cat_binary__K_SH_POST', 'cat_binary__IM_PG_P', 'cat_binary__ritm_ecg_p_01', 'cat_binary__ritm_ecg_p_04', 'cat_binary__ritm_ecg_p_07', 'cat_binary__n_r_ecg_p_03', 'cat_binary__n_r_ecg_p_05', 'cat_binary__n_r_ecg_p_10', 'cat_binary__n_p_ecg_p_04', 'cat_binary__n_p_ecg_p_07', 'cat_binary__n_p_ecg_p_09', 'cat_binary__fibr_ter_03', 'cat_binary__fibr_ter_05', 'cat_binary__fibr_ter_07', 'cat_binary__NITR_S', 'cat_binary__ANT_CA_S_n', 'cat_binary__ASP_S_n', 'cat_binary__TRENT_S_n']"
csl_fp1_fn10__mec_fp1_fn10,1,6,Exponential,generalization,25,0,132,0,0.1592356687898089,0.1592356687898089,1.0,0.27472527472527475,0.0,1.0,0.5,0.0,0.0,0.0,0.9057575757575758,0.7032976894632064,0.8407643312101911,0.542792558670044,157,"['num_log1p_standard_scaler__L_BLOOD', 'num_log1p_standard_scaler__AST_BLOOD', 'num_log1p_standard_scaler__ROE', 'num_log1p_standard_scaler__K_BLOOD', 'num_standard_scaler__AGE', 'num_standard_scaler__S_AD_ORIT', 'num_standard_scaler__D_AD_ORIT', 'cat_nominal__IBS_POST_2.0', 'cat_ordinal__INF_ANAM', 'cat_ordinal__STENOK_AN', 'cat_ordinal__DLIT_AG', 'cat_ordinal__TIME_B_S', 'cat_ordinal__ant_im', 'cat_partial_ordinal__HF_right_line', 'cat_binary__nr_03', 'cat_binary__np_04', 'cat_binary__np_07', 'cat_binary__zab_leg_03', 'cat_binary__K_SH_POST', 'cat_binary__IM_PG_P', 'cat_binary__ritm_ecg_p_04', 'cat_binary__n_r_ecg_p_05', 'cat_binary__n_p_ecg_p_03', 'cat_binary__fibr_ter_07', 'cat_binary__NITR_S', 'cat_binary__LID_S_n', 'cat_binary__B_BLOK_S_n', 'cat_binary__ANT_CA_S_n', 'cat_binary__ASP_S_n', 'cat_binary__TIKL_S_n']"
csl_fp1_fn10__mec_fp1_fn10,1,7,Exponential,generalization,25,0,132,0,0.1592356687898089,0.1592356687898089,1.0,0.27472527472527475,0.0,1.0,0.5,0.0,0.0,0.0,0.9203030303030303,0.7667550259289818,0.8407643312101911,0.4165987968444824,157,"['num_log1p_standard_scaler__L_BLOOD', 'num_log1p_standard_scaler__ALT_BLOOD', 'num_log1p_standard_scaler__K_BLOOD', 'num_standard_scaler__AGE', 'num_standard_scaler__S_AD_ORIT', 'num_standard_scaler__D_AD_ORIT', 'num_standard_scaler__NA_BLOOD', 'cat_nominal__IBS_POST_0.0', 'cat_nominal__IBS_POST_1.0', 'cat_nominal__IBS_POST_2.0', 'cat_ordinal__INF_ANAM', 'cat_ordinal__FK_STENOK', 'cat_ordinal__GB', 'cat_ordinal__DLIT_AG', 'cat_ordinal__TIME_B_S', 'cat_ordinal__ant_im', 'cat_ordinal__lat_im', 'cat_ordinal__inf_im', 'cat_partial_ordinal__HF_right_line', 'cat_partial_ordinal__HF_left_line', 'cat_binary__SEX', 'cat_binary__SIM_GIPERT', 'cat_binary__nr_01', 'cat_binary__nr_02', 'cat_binary__nr_04', 'cat_binary__nr_08', 'cat_binary__np_04', 'cat_binary__np_05', 'cat_binary__np_07', 'cat_binary__np_08', 'cat_binary__np_09', 'cat_binary__np_10', 'cat_binary__endocr_01', 'cat_binary__endocr_02', 'cat_binary__endocr_03', 'cat_binary__zab_leg_01', 'cat_binary__zab_leg_02', 'cat_binary__zab_leg_03', 'cat_binary__zab_leg_04', 'cat_binary__zab_leg_06', 'cat_binary__O_L_POST', 'cat_binary__K_SH_POST', 'cat_binary__MP_TP_POST', 'cat_binary__SVT_POST', 'cat_binary__GT_POST', 'cat_binary__FIB_G_POST', 'cat_binary__IM_PG_P', 'cat_binary__ritm_ecg_p_01', 'cat_binary__ritm_ecg_p_02', 'cat_binary__ritm_ecg_p_04', 'cat_binary__ritm_ecg_p_06', 'cat_binary__ritm_ecg_p_07', 'cat_binary__ritm_ecg_p_08', 'cat_binary__n_r_ecg_p_01', 'cat_binary__n_r_ecg_p_02', 'cat_binary__n_r_ecg_p_03', 'cat_binary__n_r_ecg_p_04', 'cat_binary__n_r_ecg_p_05', 'cat_binary__n_r_ecg_p_06', 'cat_binary__n_r_ecg_p_08', 'cat_binary__n_r_ecg_p_09', 'cat_binary__n_r_ecg_p_10', 'cat_binary__n_p_ecg_p_01', 'cat_binary__n_p_ecg_p_03', 'cat_binary__n_p_ecg_p_04', 'cat_binary__n_p_ecg_p_05', 'cat_binary__n_p_ecg_p_06', 'cat_binary__n_p_ecg_p_07', 'cat_binary__n_p_ecg_p_08', 'cat_binary__n_p_ecg_p_09', 'cat_binary__n_p_ecg_p_10', 'cat_binary__n_p_ecg_p_11', 'cat_binary__n_p_ecg_p_12', 'cat_binary__fibr_ter_01', 'cat_binary__fibr_ter_02', 'cat_binary__fibr_ter_03', 'cat_binary__fibr_ter_05', 'cat_binary__fibr_ter_06', 'cat_binary__fibr_ter_07', 'cat_binary__fibr_ter_08', 'cat_binary__GIPO_K', 'cat_binary__GIPER_NA', 'cat_binary__NITR_S', 'cat_binary__LID_S_n', 'cat_binary__B_BLOK_S_n', 'cat_binary__ANT_CA_S_n', 'cat_binary__GEPAR_S_n', 'cat_binary__ASP_S_n', 'cat_binary__TIKL_S_n', 'cat_binary__TRENT_S_n']"
csl_fp1_fn10__mec_fp1_fn10,1,8,Exponential,generalization,25,0,132,0,0.1592356687898089,0.1592356687898089,1.0,0.27472527472527475,0.0,1.0,0.5,0.0,0.0,0.0,0.7730303030303031,0.3780016286512322,0.8407643312101911,0.06672382354736328,157,"['num_log1p_standard_scaler__L_BLOOD', 'num_log1p_standard_scaler__K_BLOOD', 'num_standard_scaler__AGE', 'num_standard_scaler__S_AD_ORIT', 'num_standard_scaler__D_AD_ORIT', 'cat_ordinal__TIME_B_S', 'cat_ordinal__ant_im', 'cat_partial_ordinal__HF_right_line', 'cat_partial_ordinal__HF_left_line', 'cat_binary__O_L_POST', 'cat_binary__K_SH_POST', 'cat_binary__ritm_ecg_p_07', 'cat_binary__n_r_ecg_p_10', 'cat_binary__n_p_ecg_p_12', 'cat_binary__fibr_ter_02']"
csl_fp1_fn10__mec_fp1_fn10,1,9,Exponential,generalization,25,0,132,0,0.1592356687898089,0.1592356687898089,1.0,0.27472527472527475,0.0,1.0,0.5,0.0,0.0,0.0,0.826060606060606,0.47020137517277905,0.8407643312101911,0.10134720802307129,157,"['num_log1p_standard_scaler__L_BLOOD', 'num_log1p_standard_scaler__AST_BLOOD', 'num_log1p_standard_scaler__ROE', 'num_standard_scaler__AGE', 'num_standard_scaler__S_AD_ORIT', 'num_standard_scaler__D_AD_ORIT', 'num_standard_scaler__NA_BLOOD', 'cat_ordinal__INF_ANAM', 'cat_ordinal__STENOK_AN', 'cat_ordinal__FK_STENOK', 'cat_ordinal__GB', 'cat_ordinal__DLIT_AG', 'cat_ordinal__TIME_B_S', 'cat_ordinal__ant_im', 'cat_ordinal__lat_im', 'cat_ordinal__inf_im', 'cat_ordinal__post_im', 'cat_partial_ordinal__HF_right_line', 'cat_partial_ordinal__HF_left_line', 'cat_binary__SEX', 'cat_binary__SIM_GIPERT', 'cat_binary__nr_11', 'cat_binary__nr_03', 'cat_binary__nr_08', 'cat_binary__np_05', 'cat_binary__np_07', 'cat_binary__np_09', 'cat_binary__endocr_01', 'cat_binary__endocr_02', 'cat_binary__endocr_03', 'cat_binary__zab_leg_01', 'cat_binary__zab_leg_04', 'cat_binary__O_L_POST', 'cat_binary__K_SH_POST', 'cat_binary__MP_TP_POST', 'cat_binary__GT_POST', 'cat_binary__IM_PG_P', 'cat_binary__ritm_ecg_p_01', 'cat_binary__ritm_ecg_p_02', 'cat_binary__ritm_ecg_p_04', 'cat_binary__ritm_ecg_p_06', 'cat_binary__ritm_ecg_p_07', 'cat_binary__ritm_ecg_p_08', 'cat_binary__n_r_ecg_p_01', 'cat_binary__n_r_ecg_p_04', 'cat_binary__n_r_ecg_p_05', 'cat_binary__n_r_ecg_p_06', 'cat_binary__n_r_ecg_p_10', 'cat_binary__n_p_ecg_p_04', 'cat_binary__n_p_ecg_p_09', 'cat_binary__n_p_ecg_p_10', 'cat_binary__n_p_ecg_p_12', 'cat_binary__fibr_ter_03', 'cat_binary__fibr_ter_07', 'cat_binary__fibr_ter_08', 'cat_binary__GIPO_K', 'cat_binary__NITR_S', 'cat_binary__ANT_CA_S_n', 'cat_binary__ASP_S_n', 'cat_binary__TIKL_S_n']"
csl_fp1_fn10__mec_fp1_fn10,1,10,Exponential,generalization,25,0,132,0,0.1592356687898089,0.1592356687898089,1.0,0.27472527472527475,0.0,1.0,0.5,0.0,0.0,0.0,0.8239393939393939,0.5513535357456948,0.8407643312101911,0.15967726707458496,157,"['num_log1p_standard_scaler__L_BLOOD', 'num_log1p_standard_scaler__ALT_BLOOD', 'num_standard_scaler__AGE', 'num_standard_scaler__S_AD_ORIT', 'num_standard_scaler__D_AD_ORIT', 'num_standard_scaler__NA_BLOOD', 'cat_ordinal__STENOK_AN', 'cat_ordinal__GB', 'cat_ordinal__TIME_B_S', 'cat_ordinal__ant_im', 'cat_ordinal__post_im', 'cat_partial_ordinal__HF_left_line', 'cat_binary__nr_01', 'cat_binary__nr_04', 'cat_binary__nr_07', 'cat_binary__np_07', 'cat_binary__np_08', 'cat_binary__endocr_03', 'cat_binary__zab_leg_02', 'cat_binary__K_SH_POST', 'cat_binary__MP_TP_POST', 'cat_binary__SVT_POST', 'cat_binary__IM_PG_P', 'cat_binary__ritm_ecg_p_02', 'cat_binary__ritm_ecg_p_07', 'cat_binary__n_r_ecg_p_02', 'cat_binary__n_r_ecg_p_06', 'cat_binary__n_r_ecg_p_08', 'cat_binary__n_p_ecg_p_01', 'cat_binary__n_p_ecg_p_04', 'cat_binary__n_p_ecg_p_05', 'cat_binary__n_p_ecg_p_08', 'cat_binary__n_p_ecg_p_09', 'cat_binary__n_p_ecg_p_10', 'cat_binary__n_p_ecg_p_11', 'cat_binary__n_p_ecg_p_12', 'cat_binary__fibr_ter_07', 'cat_binary__NITR_S', 'cat_binary__ANT_CA_S_n', 'cat_binary__ASP_S_n']"
csl_fp1_fn10__mec_fp1_fn10,2,1,Exponential,generalization,25,0,133,0,0.15822784810126583,0.15822784810126583,1.0,0.273224043715847,0.0,1.0,0.5,0.0,0.0,0.0,0.8640601503759399,0.5619093330691866,0.8417721518987342,0.11558699607849121,158,"['num_log1p_standard_scaler__L_BLOOD', 'num_standard_scaler__AGE', 'num_standard_scaler__S_AD_ORIT', 'num_standard_scaler__D_AD_ORIT', 'num_standard_scaler__NA_BLOOD', 'cat_nominal__IBS_POST_0.0', 'cat_nominal__IBS_POST_1.0', 'cat_nominal__IBS_POST_2.0', 'cat_ordinal__STENOK_AN', 'cat_ordinal__FK_STENOK', 'cat_ordinal__GB', 'cat_ordinal__DLIT_AG', 'cat_ordinal__TIME_B_S', 'cat_ordinal__ant_im', 'cat_ordinal__lat_im', 'cat_ordinal__post_im', 'cat_partial_ordinal__HF_right_line', 'cat_binary__SEX', 'cat_binary__nr_11', 'cat_binary__nr_04', 'cat_binary__nr_08', 'cat_binary__np_04', 'cat_binary__np_10', 'cat_binary__endocr_01', 'cat_binary__zab_leg_01', 'cat_binary__zab_leg_03', 'cat_binary__O_L_POST', 'cat_binary__K_SH_POST', 'cat_binary__MP_TP_POST', 'cat_binary__ritm_ecg_p_02', 'cat_binary__ritm_ecg_p_06', 'cat_binary__ritm_ecg_p_07', 'cat_binary__n_r_ecg_p_04', 'cat_binary__n_r_ecg_p_05', 'cat_binary__n_p_ecg_p_01', 'cat_binary__n_p_ecg_p_04', 'cat_binary__n_p_ecg_p_06', 'cat_binary__n_p_ecg_p_11', 'cat_binary__n_p_ecg_p_12', 'cat_binary__fibr_ter_01', 'cat_binary__fibr_ter_02', 'cat_binary__fibr_ter_03', 'cat_binary__fibr_ter_05', 'cat_binary__fibr_ter_08', 'cat_binary__LID_S_n', 'cat_binary__B_BLOK_S_n', 'cat_binary__ANT_CA_S_n', 'cat_binary__GEPAR_S_n', 'cat_binary__ASP_S_n', 'cat_binary__TRENT_S_n']"
csl_fp1_fn10__mec_fp1_fn10,2,2,Exponential,generalization,26,1,131,0,0.17088607594936708,0.16560509554140126,1.0,0.28415300546448086,0.007575757575757576,0.9924242424242424,0.5037878787878788,0.08703882797784893,0.03542010809034648,0.002506024096385784,0.7779720279720279,0.3551315427202638,0.8291139240506329,0.39690589904785156,158,"['num_standard_scaler__AGE', 'num_standard_scaler__S_AD_ORIT', 'num_standard_scaler__D_AD_ORIT', 'cat_ordinal__STENOK_AN', 'cat_ordinal__ant_im', 'cat_ordinal__inf_im', 'cat_binary__np_01', 'cat_binary__MP_TP_POST', 'cat_binary__IM_PG_P', 'cat_binary__NITR_S']"
csl_fp1_fn10__mec_fp1_fn10,2,3,Exponential,generalization,25,0,132,0,0.1592356687898089,0.1592356687898089,1.0,0.27472527472527475,0.0,1.0,0.5,0.0,0.0,0.0,0.7248484848484849,0.43771988319274224,0.8407643312101911,0.08456945419311523,157,"['num_log1p_standard_scaler__L_BLOOD', 'num_log1p_standard_scaler__AST_BLOOD', 'num_log1p_standard_scaler__ROE', 'num_standard_scaler__AGE', 'num_standard_scaler__S_AD_ORIT', 'num_standard_scaler__D_AD_ORIT', 'cat_ordinal__INF_ANAM', 'cat_ordinal__inf_im', 'cat_partial_ordinal__HF_right_line', 'cat_binary__nr_07', 'cat_binary__np_04', 'cat_binary__K_SH_POST', 'cat_binary__ritm_ecg_p_01', 'cat_binary__ritm_ecg_p_07', 'cat_binary__ASP_S_n']"
csl_fp1_fn10__mec_fp1_fn10,2,4,Exponential,generalization,25,0,132,0,0.1592356687898089,0.1592356687898089,1.0,0.27472527472527475,0.0,1.0,0.5,0.0,0.0,0.0,0.8218181818181818,0.6211014977148299,0.8407643312101911,0.33801960945129395,157,"['num_log1p_standard_scaler__L_BLOOD', 'num_log1p_standard_scaler__ROE', 'num_log1p_standard_scaler__K_BLOOD', 'num_standard_scaler__AGE', 'num_standard_scaler__S_AD_ORIT', 'num_standard_scaler__D_AD_ORIT', 'num_standard_scaler__NA_BLOOD', 'cat_nominal__IBS_POST_2.0', 'cat_ordinal__INF_ANAM', 'cat_ordinal__STENOK_AN', 'cat_ordinal__FK_STENOK', 'cat_ordinal__TIME_B_S', 'cat_ordinal__ant_im', 'cat_ordinal__inf_im', 'cat_partial_ordinal__HF_right_line', 'cat_binary__SIM_GIPERT', 'cat_binary__nr_11', 'cat_binary__nr_02', 'cat_binary__nr_03', 'cat_binary__nr_08', 'cat_binary__np_01', 'cat_binary__np_07', 'cat_binary__zab_leg_03', 'cat_binary__zab_leg_06', 'cat_binary__O_L_POST', 'cat_binary__K_SH_POST', 'cat_binary__IM_PG_P', 'cat_binary__ritm_ecg_p_01', 'cat_binary__ritm_ecg_p_02', 'cat_binary__ritm_ecg_p_07', 'cat_binary__ritm_ecg_p_08', 'cat_binary__n_r_ecg_p_05', 'cat_binary__n_r_ecg_p_06', 'cat_binary__n_r_ecg_p_08', 'cat_binary__n_r_ecg_p_10', 'cat_binary__n_p_ecg_p_01', 'cat_binary__n_p_ecg_p_03', 'cat_binary__n_p_ecg_p_06', 'cat_binary__n_p_ecg_p_10', 'cat_binary__n_p_ecg_p_11', 'cat_binary__n_p_ecg_p_12', 'cat_binary__fibr_ter_03', 'cat_binary__fibr_ter_05', 'cat_binary__fibr_ter_06', 'cat_binary__fibr_ter_07', 'cat_binary__fibr_ter_08', 'cat_binary__NITR_S', 'cat_binary__GEPAR_S_n', 'cat_binary__ASP_S_n', 'cat_binary__TRENT_S_n']"
csl_fp1_fn10__mec_fp1_fn10,2,5,Exponential,generalization,25,0,132,0,0.1592356687898089,0.1592356687898089,1.0,0.27472527472527475,0.0,1.0,0.5,0.0,0.0,0.0,0.8454545454545455,0.6772416519369062,0.8407643312101911,0.5215268135070801,157,"['num_log1p_standard_scaler__L_BLOOD', 'num_log1p_standard_scaler__ALT_BLOOD', 'num_log1p_standard_scaler__AST_BLOOD', 'num_log1p_standard_scaler__ROE', 'num_log1p_standard_scaler__K_BLOOD', 'num_standard_scaler__AGE', 'num_standard_scaler__S_AD_ORIT', 'num_standard_scaler__D_AD_ORIT', 'num_standard_scaler__NA_BLOOD', 'cat_nominal__IBS_POST_0.0', 'cat_nominal__IBS_POST_1.0', 'cat_nominal__IBS_POST_2.0', 'cat_ordinal__INF_ANAM', 'cat_ordinal__STENOK_AN', 'cat_ordinal__FK_STENOK', 'cat_ordinal__GB', 'cat_ordinal__DLIT_AG', 'cat_ordinal__TIME_B_S', 'cat_ordinal__ant_im', 'cat_ordinal__lat_im', 'cat_ordinal__inf_im', 'cat_ordinal__post_im', 'cat_partial_ordinal__HF_right_line', 'cat_partial_ordinal__HF_left_line', 'cat_binary__SEX', 'cat_binary__SIM_GIPERT', 'cat_binary__nr_11', 'cat_binary__nr_01', 'cat_binary__nr_02', 'cat_binary__nr_03', 'cat_binary__nr_04', 'cat_binary__nr_07', 'cat_binary__nr_08', 'cat_binary__np_01', 'cat_binary__np_04', 'cat_binary__np_05', 'cat_binary__np_07', 'cat_binary__np_08', 'cat_binary__np_09', 'cat_binary__np_10', 'cat_binary__endocr_01', 'cat_binary__endocr_02', 'cat_binary__endocr_03', 'cat_binary__zab_leg_01', 'cat_binary__zab_leg_02', 'cat_binary__zab_leg_03', 'cat_binary__zab_leg_04', 'cat_binary__zab_leg_06', 'cat_binary__O_L_POST', 'cat_binary__K_SH_POST', 'cat_binary__MP_TP_POST', 'cat_binary__SVT_POST', 'cat_binary__GT_POST', 'cat_binary__FIB_G_POST', 'cat_binary__IM_PG_P', 'cat_binary__ritm_ecg_p_01', 'cat_binary__ritm_ecg_p_02', 'cat_binary__ritm_ecg_p_04', 'cat_binary__ritm_ecg_p_06', 'cat_binary__ritm_ecg_p_07', 'cat_binary__ritm_ecg_p_08', 'cat_binary__n_r_ecg_p_01', 'cat_binary__n_r_ecg_p_02', 'cat_binary__n_r_ecg_p_03', 'cat_binary__n_r_ecg_p_04', 'cat_binary__n_r_ecg_p_05', 'cat_binary__n_r_ecg_p_06', 'cat_binary__n_r_ecg_p_08', 'cat_binary__n_r_ecg_p_09', 'cat_binary__n_r_ecg_p_10', 'cat_binary__n_p_ecg_p_01', 'cat_binary__n_p_ecg_p_03', 'cat_binary__n_p_ecg_p_04', 'cat_binary__n_p_ecg_p_05', 'cat_binary__n_p_ecg_p_06', 'cat_binary__n_p_ecg_p_07', 'cat_binary__n_p_ecg_p_08', 'cat_binary__n_p_ecg_p_09', 'cat_binary__n_p_ecg_p_10', 'cat_binary__n_p_ecg_p_11', 'cat_binary__n_p_ecg_p_12', 'cat_binary__fibr_ter_01', 'cat_binary__fibr_ter_02', 'cat_binary__fibr_ter_03', 'cat_binary__fibr_ter_05', 'cat_binary__fibr_ter_06', 'cat_binary__fibr_ter_07', 'cat_binary__fibr_ter_08', 'cat_binary__GIPO_K', 'cat_binary__GIPER_NA', 'cat_binary__NITR_S', 'cat_binary__LID_S_n', 'cat_binary__B_BLOK_S_n', 'cat_binary__ANT_CA_S_n', 'cat_binary__GEPAR_S_n', 'cat_binary__ASP_S_n', 'cat_binary__TIKL_S_n', 'cat_binary__TRENT_S_n']"
csl_fp1_fn10__mec_fp1_fn10,2,6,Exponential,generalization,25,1,131,0,0.16560509554140126,0.16025641025641027,1.0,0.27624309392265195,0.007575757575757576,0.9924242424242424,0.5037878787878788,0.08703882797784893,0.03484341708362878,0.0024251831013243352,0.7121212121212122,0.4395057293983585,0.8343949044585988,0.34557008743286133,157,"['num_log1p_standard_scaler__L_BLOOD', 'num_standard_scaler__AGE', 'num_standard_scaler__S_AD_ORIT', 'num_standard_scaler__D_AD_ORIT', 'cat_binary__nr_11', 'cat_binary__nr_07', 'cat_binary__K_SH_POST', 'cat_binary__fibr_ter_02', 'cat_binary__fibr_ter_03', 'cat_binary__ANT_CA_S_n']"
csl_fp1_fn10__mec_fp1_fn10,2,7,Exponential,generalization,25,0,132,0,0.1592356687898089,0.1592356687898089,1.0,0.27472527472527475,0.0,1.0,0.5,0.0,0.0,0.0,0.8890909090909092,0.7320466749269791,0.8407643312101911,0.11809396743774414,157,"['num_log1p_standard_scaler__L_BLOOD', 'num_log1p_standard_scaler__ALT_BLOOD', 'num_log1p_standard_scaler__AST_BLOOD', 'num_log1p_standard_scaler__ROE', 'num_log1p_standard_scaler__K_BLOOD', 'num_standard_scaler__AGE', 'num_standard_scaler__S_AD_ORIT', 'num_standard_scaler__D_AD_ORIT', 'num_standard_scaler__NA_BLOOD', 'cat_nominal__IBS_POST_2.0', 'cat_ordinal__INF_ANAM', 'cat_ordinal__STENOK_AN', 'cat_ordinal__FK_STENOK', 'cat_ordinal__DLIT_AG', 'cat_ordinal__TIME_B_S', 'cat_ordinal__ant_im', 'cat_ordinal__lat_im', 'cat_ordinal__inf_im', 'cat_partial_ordinal__HF_right_line', 'cat_partial_ordinal__HF_left_line', 'cat_binary__SEX', 'cat_binary__nr_02', 'cat_binary__nr_07', 'cat_binary__np_04', 'cat_binary__np_05', 'cat_binary__np_08', 'cat_binary__np_09', 'cat_binary__np_10', 'cat_binary__endocr_02', 'cat_binary__endocr_03', 'cat_binary__zab_leg_02', 'cat_binary__zab_leg_03', 'cat_binary__zab_leg_06', 'cat_binary__O_L_POST', 'cat_binary__K_SH_POST', 'cat_binary__SVT_POST', 'cat_binary__GT_POST', 'cat_binary__IM_PG_P', 'cat_binary__ritm_ecg_p_01', 'cat_binary__ritm_ecg_p_02', 'cat_binary__ritm_ecg_p_04', 'cat_binary__ritm_ecg_p_06', 'cat_binary__ritm_ecg_p_07', 'cat_binary__n_r_ecg_p_04', 'cat_binary__n_p_ecg_p_01', 'cat_binary__n_p_ecg_p_03', 'cat_binary__n_p_ecg_p_04', 'cat_binary__n_p_ecg_p_05', 'cat_binary__n_p_ecg_p_10', 'cat_binary__n_p_ecg_p_11', 'cat_binary__n_p_ecg_p_12', 'cat_binary__fibr_ter_01', 'cat_binary__fibr_ter_02', 'cat_binary__fibr_ter_03', 'cat_binary__fibr_ter_06', 'cat_binary__fibr_ter_07', 'cat_binary__GIPO_K', 'cat_binary__GIPER_NA', 'cat_binary__NITR_S', 'cat_binary__ASP_S_n']"
csl_fp1_fn10__mec_fp1_fn10,2,8,Exponential,generalization,25,0,132,0,0.1592356687898089,0.1592356687898089,1.0,0.27472527472527475,0.0,1.0,0.5,0.0,0.0,0.0,0.8327272727272726,0.5704920201443741,0.8407643312101911,0.2726707458496094,157,"['num_log1p_standard_scaler__L_BLOOD', 'num_log1p_standard_scaler__ROE', 'num_log1p_standard_scaler__K_BLOOD', 'num_standard_scaler__AGE', 'num_standard_scaler__S_AD_ORIT', 'num_standard_scaler__D_AD_ORIT', 'num_standard_scaler__NA_BLOOD', 'cat_nominal__IBS_POST_2.0', 'cat_ordinal__STENOK_AN', 'cat_ordinal__TIME_B_S', 'cat_ordinal__ant_im', 'cat_ordinal__inf_im', 'cat_partial_ordinal__HF_right_line', 'cat_partial_ordinal__HF_left_line', 'cat_binary__SEX', 'cat_binary__nr_11', 'cat_binary__nr_01', 'cat_binary__nr_03', 'cat_binary__nr_04', 'cat_binary__nr_08', 'cat_binary__np_01', 'cat_binary__np_10', 'cat_binary__zab_leg_03', 'cat_binary__K_SH_POST', 'cat_binary__GT_POST', 'cat_binary__IM_PG_P', 'cat_binary__ritm_ecg_p_01', 'cat_binary__ritm_ecg_p_04', 'cat_binary__n_r_ecg_p_08', 'cat_binary__n_p_ecg_p_03', 'cat_binary__n_p_ecg_p_05', 'cat_binary__n_p_ecg_p_06', 'cat_binary__fibr_ter_02', 'cat_binary__fibr_ter_07', 'cat_binary__GIPO_K', 'cat_binary__NITR_S', 'cat_binary__B_BLOK_S_n', 'cat_binary__ANT_CA_S_n', 'cat_binary__ASP_S_n', 'cat_binary__TIKL_S_n']"
csl_fp1_fn10__mec_fp1_fn10,2,9,Exponential,generalization,25,0,132,0,0.1592356687898089,0.1592356687898089,1.0,0.27472527472527475,0.0,1.0,0.5,0.0,0.0,0.0,0.7709090909090908,0.3880912124236754,0.8407643312101911,0.3439517021179199,157,"['num_log1p_standard_scaler__L_BLOOD', 'num_standard_scaler__AGE', 'num_standard_scaler__S_AD_ORIT', 'num_standard_scaler__D_AD_ORIT', 'num_standard_scaler__NA_BLOOD', 'cat_nominal__IBS_POST_1.0', 'cat_ordinal__STENOK_AN', 'cat_ordinal__FK_STENOK', 'cat_ordinal__DLIT_AG', 'cat_ordinal__TIME_B_S', 'cat_ordinal__ant_im', 'cat_ordinal__lat_im', 'cat_ordinal__inf_im', 'cat_partial_ordinal__HF_right_line', 'cat_partial_ordinal__HF_left_line', 'cat_binary__nr_02', 'cat_binary__nr_03', 'cat_binary__np_01', 'cat_binary__np_09', 'cat_binary__zab_leg_01', 'cat_binary__zab_leg_02', 'cat_binary__zab_leg_03', 'cat_binary__O_L_POST', 'cat_binary__K_SH_POST', 'cat_binary__MP_TP_POST', 'cat_binary__FIB_G_POST', 'cat_binary__ritm_ecg_p_01', 'cat_binary__ritm_ecg_p_02', 'cat_binary__ritm_ecg_p_07', 'cat_binary__n_r_ecg_p_01', 'cat_binary__n_r_ecg_p_04', 'cat_binary__n_r_ecg_p_10', 'cat_binary__n_p_ecg_p_01', 'cat_binary__n_p_ecg_p_09', 'cat_binary__n_p_ecg_p_10', 'cat_binary__n_p_ecg_p_12', 'cat_binary__fibr_ter_03', 'cat_binary__fibr_ter_05', 'cat_binary__GIPER_NA', 'cat_binary__NITR_S', 'cat_binary__LID_S_n', 'cat_binary__GEPAR_S_n', 'cat_binary__ASP_S_n', 'cat_binary__TIKL_S_n', 'cat_binary__TRENT_S_n']"
csl_fp1_fn10__mec_fp1_fn10,2,10,Exponential,generalization,25,0,132,0,0.1592356687898089,0.1592356687898089,1.0,0.27472527472527475,0.0,1.0,0.5,0.0,0.0,0.0,0.7578787878787879,0.388716987151383,0.8407643312101911,0.5037662982940674,157,"['num_log1p_standard_scaler__ROE', 'num_standard_scaler__AGE', 'num_standard_scaler__S_AD_ORIT', 'num_standard_scaler__D_AD_ORIT', 'num_standard_scaler__NA_BLOOD', 'cat_nominal__IBS_POST_0.0', 'cat_nominal__IBS_POST_1.0', 'cat_ordinal__INF_ANAM', 'cat_ordinal__TIME_B_S', 'cat_ordinal__ant_im', 'cat_ordinal__inf_im', 'cat_partial_ordinal__HF_right_line', 'cat_partial_ordinal__HF_left_line', 'cat_binary__nr_04', 'cat_binary__nr_08', 'cat_binary__np_09', 'cat_binary__endocr_01', 'cat_binary__zab_leg_02', 'cat_binary__O_L_POST', 'cat_binary__K_SH_POST', 'cat_binary__GT_POST', 'cat_binary__IM_PG_P', 'cat_binary__ritm_ecg_p_02', 'cat_binary__ritm_ecg_p_08', 'cat_binary__n_p_ecg_p_06', 'cat_binary__fibr_ter_05', 'cat_binary__NITR_S', 'cat_binary__B_BLOK_S_n', 'cat_binary__ANT_CA_S_n', 'cat_binary__TRENT_S_n']"
csl_fp1_fn10__mec_fp1_fn10,3,1,Exponential,generalization,25,0,133,0,0.15822784810126583,0.15822784810126583,1.0,0.273224043715847,0.0,1.0,0.5,0.0,0.0,0.0,0.7849624060150375,0.4718983223878505,0.8417721518987342,0.410919189453125,158,"['num_log1p_standard_scaler__L_BLOOD', 'num_log1p_standard_scaler__ALT_BLOOD', 'num_log1p_standard_scaler__AST_BLOOD', 'num_log1p_standard_scaler__ROE', 'num_log1p_standard_scaler__K_BLOOD', 'num_standard_scaler__AGE', 'num_standard_scaler__S_AD_ORIT', 'num_standard_scaler__D_AD_ORIT', 'num_standard_scaler__NA_BLOOD', 'cat_nominal__IBS_POST_0.0', 'cat_nominal__IBS_POST_1.0', 'cat_nominal__IBS_POST_2.0', 'cat_ordinal__INF_ANAM', 'cat_ordinal__STENOK_AN', 'cat_ordinal__FK_STENOK', 'cat_ordinal__GB', 'cat_ordinal__DLIT_AG', 'cat_ordinal__TIME_B_S', 'cat_ordinal__ant_im', 'cat_ordinal__lat_im', 'cat_ordinal__inf_im', 'cat_ordinal__post_im', 'cat_partial_ordinal__HF_right_line', 'cat_partial_ordinal__HF_left_line', 'cat_binary__SEX', 'cat_binary__SIM_GIPERT', 'cat_binary__nr_11', 'cat_binary__nr_01', 'cat_binary__nr_02', 'cat_binary__nr_03', 'cat_binary__nr_04', 'cat_binary__nr_07', 'cat_binary__nr_08', 'cat_binary__np_01', 'cat_binary__np_04', 'cat_binary__np_05', 'cat_binary__np_07', 'cat_binary__np_08', 'cat_binary__np_09', 'cat_binary__np_10', 'cat_binary__endocr_01', 'cat_binary__endocr_02', 'cat_binary__endocr_03', 'cat_binary__zab_leg_01', 'cat_binary__zab_leg_02', 'cat_binary__zab_leg_03', 'cat_binary__zab_leg_04', 'cat_binary__zab_leg_06', 'cat_binary__O_L_POST', 'cat_binary__K_SH_POST', 'cat_binary__MP_TP_POST', 'cat_binary__SVT_POST', 'cat_binary__GT_POST', 'cat_binary__FIB_G_POST', 'cat_binary__IM_PG_P', 'cat_binary__ritm_ecg_p_01', 'cat_binary__ritm_ecg_p_02', 'cat_binary__ritm_ecg_p_04', 'cat_binary__ritm_ecg_p_06', 'cat_binary__ritm_ecg_p_07', 'cat_binary__ritm_ecg_p_08', 'cat_binary__n_r_ecg_p_01', 'cat_binary__n_r_ecg_p_02', 'cat_binary__n_r_ecg_p_03', 'cat_binary__n_r_ecg_p_04', 'cat_binary__n_r_ecg_p_05', 'cat_binary__n_r_ecg_p_06', 'cat_binary__n_r_ecg_p_08', 'cat_binary__n_r_ecg_p_09', 'cat_binary__n_r_ecg_p_10', 'cat_binary__n_p_ecg_p_01', 'cat_binary__n_p_ecg_p_03', 'cat_binary__n_p_ecg_p_04', 'cat_binary__n_p_ecg_p_05', 'cat_binary__n_p_ecg_p_06', 'cat_binary__n_p_ecg_p_07', 'cat_binary__n_p_ecg_p_08', 'cat_binary__n_p_ecg_p_09', 'cat_binary__n_p_ecg_p_10', 'cat_binary__n_p_ecg_p_11', 'cat_binary__n_p_ecg_p_12', 'cat_binary__fibr_ter_01', 'cat_binary__fibr_ter_02', 'cat_binary__fibr_ter_03', 'cat_binary__fibr_ter_05', 'cat_binary__fibr_ter_06', 'cat_binary__fibr_ter_07', 'cat_binary__fibr_ter_08', 'cat_binary__GIPO_K', 'cat_binary__GIPER_NA', 'cat_binary__NITR_S', 'cat_binary__LID_S_n', 'cat_binary__B_BLOK_S_n', 'cat_binary__ANT_CA_S_n', 'cat_binary__GEPAR_S_n', 'cat_binary__ASP_S_n', 'cat_binary__TIKL_S_n', 'cat_binary__TRENT_S_n']"
csl_fp1_fn10__mec_fp1_fn10,3,2,Exponential,generalization,26,0,132,0,0.16455696202531644,0.16455696202531644,1.0,0.2826086956521739,0.0,1.0,0.5,0.0,0.0,0.0,0.8927738927738927,0.6946872604311585,0.8354430379746836,0.28253984451293945,158,"['num_log1p_standard_scaler__L_BLOOD', 'num_log1p_standard_scaler__ALT_BLOOD', 'num_log1p_standard_scaler__AST_BLOOD', 'num_log1p_standard_scaler__ROE', 'num_log1p_standard_scaler__K_BLOOD', 'num_standard_scaler__AGE', 'num_standard_scaler__S_AD_ORIT', 'num_standard_scaler__D_AD_ORIT', 'num_standard_scaler__NA_BLOOD', 'cat_nominal__IBS_POST_0.0', 'cat_nominal__IBS_POST_1.0', 'cat_nominal__IBS_POST_2.0', 'cat_ordinal__INF_ANAM', 'cat_ordinal__STENOK_AN', 'cat_ordinal__FK_STENOK', 'cat_ordinal__GB', 'cat_ordinal__DLIT_AG', 'cat_ordinal__TIME_B_S', 'cat_ordinal__ant_im', 'cat_ordinal__lat_im', 'cat_ordinal__inf_im', 'cat_ordinal__post_im', 'cat_partial_ordinal__HF_right_line', 'cat_partial_ordinal__HF_left_line', 'cat_binary__SEX', 'cat_binary__SIM_GIPERT', 'cat_binary__nr_11', 'cat_binary__nr_01', 'cat_binary__nr_02', 'cat_binary__nr_03', 'cat_binary__nr_04', 'cat_binary__nr_07', 'cat_binary__nr_08', 'cat_binary__np_01', 'cat_binary__np_04', 'cat_binary__np_05', 'cat_binary__np_07', 'cat_binary__np_08', 'cat_binary__np_09', 'cat_binary__np_10', 'cat_binary__endocr_01', 'cat_binary__endocr_02', 'cat_binary__endocr_03', 'cat_binary__zab_leg_01', 'cat_binary__zab_leg_02', 'cat_binary__zab_leg_03', 'cat_binary__zab_leg_04', 'cat_binary__zab_leg_06', 'cat_binary__O_L_POST', 'cat_binary__K_SH_POST', 'cat_binary__MP_TP_POST', 'cat_binary__SVT_POST', 'cat_binary__GT_POST', 'cat_binary__FIB_G_POST', 'cat_binary__IM_PG_P', 'cat_binary__ritm_ecg_p_01', 'cat_binary__ritm_ecg_p_02', 'cat_binary__ritm_ecg_p_04', 'cat_binary__ritm_ecg_p_06', 'cat_binary__ritm_ecg_p_07', 'cat_binary__ritm_ecg_p_08', 'cat_binary__n_r_ecg_p_01', 'cat_binary__n_r_ecg_p_02', 'cat_binary__n_r_ecg_p_03', 'cat_binary__n_r_ecg_p_04', 'cat_binary__n_r_ecg_p_05', 'cat_binary__n_r_ecg_p_06', 'cat_binary__n_r_ecg_p_08', 'cat_binary__n_r_ecg_p_09', 'cat_binary__n_r_ecg_p_10', 'cat_binary__n_p_ecg_p_01', 'cat_binary__n_p_ecg_p_03', 'cat_binary__n_p_ecg_p_04', 'cat_binary__n_p_ecg_p_05', 'cat_binary__n_p_ecg_p_06', 'cat_binary__n_p_ecg_p_07', 'cat_binary__n_p_ecg_p_08', 'cat_binary__n_p_ecg_p_09', 'cat_binary__n_p_ecg_p_10', 'cat_binary__n_p_ecg_p_11', 'cat_binary__n_p_ecg_p_12', 'cat_binary__fibr_ter_01', 'cat_binary__fibr_ter_02', 'cat_binary__fibr_ter_03', 'cat_binary__fibr_ter_05', 'cat_binary__fibr_ter_06', 'cat_binary__fibr_ter_07', 'cat_binary__fibr_ter_08', 'cat_binary__GIPO_K', 'cat_binary__GIPER_NA', 'cat_binary__NITR_S', 'cat_binary__LID_S_n', 'cat_binary__B_BLOK_S_n', 'cat_binary__ANT_CA_S_n', 'cat_binary__GEPAR_S_n', 'cat_binary__ASP_S_n', 'cat_binary__TIKL_S_n', 'cat_binary__TRENT_S_n']"
csl_fp1_fn10__mec_fp1_fn10,3,3,Exponential,generalization,25,0,132,0,0.1592356687898089,0.1592356687898089,1.0,0.27472527472527475,0.0,1.0,0.5,0.0,0.0,0.0,0.7978787878787879,0.4967841112178136,0.8407643312101911,0.14189887046813965,157,"['num_log1p_standard_scaler__L_BLOOD', 'num_standard_scaler__AGE', 'num_standard_scaler__S_AD_ORIT', 'num_standard_scaler__D_AD_ORIT', 'cat_ordinal__INF_ANAM', 'cat_ordinal__FK_STENOK', 'cat_ordinal__inf_im', 'cat_partial_ordinal__HF_right_line', 'cat_binary__endocr_03', 'cat_binary__O_L_POST', 'cat_binary__K_SH_POST', 'cat_binary__n_r_ecg_p_05', 'cat_binary__n_p_ecg_p_03', 'cat_binary__fibr_ter_08', 'cat_binary__ASP_S_n']"
csl_fp1_fn10__mec_fp1_fn10,3,4,Exponential,generalization,25,0,132,0,0.1592356687898089,0.1592356687898089,1.0,0.27472527472527475,0.0,1.0,0.5,0.0,0.0,0.0,0.8757575757575757,0.6903468653047351,0.8407643312101911,0.43349742889404297,157,"['num_log1p_standard_scaler__L_BLOOD', 'num_log1p_standard_scaler__ROE', 'num_log1p_standard_scaler__K_BLOOD', 'num_standard_scaler__AGE', 'num_standard_scaler__S_AD_ORIT', 'num_standard_scaler__D_AD_ORIT', 'num_standard_scaler__NA_BLOOD', 'cat_nominal__IBS_POST_0.0', 'cat_nominal__IBS_POST_1.0', 'cat_nominal__IBS_POST_2.0', 'cat_ordinal__INF_ANAM', 'cat_ordinal__STENOK_AN', 'cat_ordinal__FK_STENOK', 'cat_ordinal__DLIT_AG', 'cat_ordinal__TIME_B_S', 'cat_ordinal__ant_im', 'cat_ordinal__lat_im', 'cat_ordinal__inf_im', 'cat_ordinal__post_im', 'cat_partial_ordinal__HF_right_line', 'cat_partial_ordinal__HF_left_line', 'cat_binary__SEX', 'cat_binary__nr_01', 'cat_binary__nr_02', 'cat_binary__nr_04', 'cat_binary__np_04', 'cat_binary__np_09', 'cat_binary__np_10', 'cat_binary__endocr_01', 'cat_binary__endocr_02', 'cat_binary__zab_leg_01', 'cat_binary__zab_leg_02', 'cat_binary__zab_leg_03', 'cat_binary__zab_leg_04', 'cat_binary__zab_leg_06', 'cat_binary__O_L_POST', 'cat_binary__K_SH_POST', 'cat_binary__MP_TP_POST', 'cat_binary__FIB_G_POST', 'cat_binary__IM_PG_P', 'cat_binary__ritm_ecg_p_01', 'cat_binary__ritm_ecg_p_02', 'cat_binary__ritm_ecg_p_07', 'cat_binary__ritm_ecg_p_08', 'cat_binary__n_r_ecg_p_02', 'cat_binary__n_r_ecg_p_03', 'cat_binary__n_r_ecg_p_04', 'cat_binary__n_r_ecg_p_06', 'cat_binary__n_p_ecg_p_01', 'cat_binary__n_p_ecg_p_04', 'cat_binary__n_p_ecg_p_06', 'cat_binary__n_p_ecg_p_07', 'cat_binary__n_p_ecg_p_08', 'cat_binary__n_p_ecg_p_09', 'cat_binary__n_p_ecg_p_10', 'cat_binary__n_p_ecg_p_11', 'cat_binary__n_p_ecg_p_12', 'cat_binary__fibr_ter_01', 'cat_binary__fibr_ter_02', 'cat_binary__fibr_ter_03', 'cat_binary__fibr_ter_07', 'cat_binary__fibr_ter_08', 'cat_binary__GIPER_NA', 'cat_binary__NITR_S', 'cat_binary__B_BLOK_S_n', 'cat_binary__ANT_CA_S_n', 'cat_binary__GEPAR_S_n', 'cat_binary__ASP_S_n', 'cat_binary__TIKL_S_n', 'cat_binary__TRENT_S_n']"
csl_fp1_fn10__mec_fp1_fn10,3,5,Exponential,generalization,25,0,132,0,0.1592356687898089,0.1592356687898089,1.0,0.27472527472527475,0.0,1.0,0.5,0.0,0.0,0.0,0.833939393939394,0.5399343440468783,0.8407643312101911,0.3912205696105957,157,"['num_log1p_standard_scaler__L_BLOOD', 'num_log1p_standard_scaler__ALT_BLOOD', 'num_log1p_standard_scaler__AST_BLOOD', 'num_log1p_standard_scaler__ROE', 'num_standard_scaler__AGE', 'num_standard_scaler__S_AD_ORIT', 'num_standard_scaler__D_AD_ORIT', 'cat_nominal__IBS_POST_0.0', 'cat_nominal__IBS_POST_2.0', 'cat_ordinal__STENOK_AN', 'cat_ordinal__FK_STENOK', 'cat_ordinal__DLIT_AG', 'cat_ordinal__TIME_B_S', 'cat_ordinal__ant_im', 'cat_ordinal__inf_im', 'cat_partial_ordinal__HF_right_line', 'cat_partial_ordinal__HF_left_line', 'cat_binary__SEX', 'cat_binary__SIM_GIPERT', 'cat_binary__nr_11', 'cat_binary__nr_08', 'cat_binary__np_04', 'cat_binary__np_05', 'cat_binary__np_07', 'cat_binary__np_09', 'cat_binary__endocr_01', 'cat_binary__zab_leg_02', 'cat_binary__zab_leg_06', 'cat_binary__O_L_POST', 'cat_binary__K_SH_POST', 'cat_binary__GT_POST', 'cat_binary__IM_PG_P', 'cat_binary__ritm_ecg_p_01', 'cat_binary__ritm_ecg_p_02', 'cat_binary__ritm_ecg_p_04', 'cat_binary__ritm_ecg_p_07', 'cat_binary__ritm_ecg_p_08', 'cat_binary__n_r_ecg_p_02', 'cat_binary__n_r_ecg_p_03', 'cat_binary__n_r_ecg_p_04', 'cat_binary__n_r_ecg_p_05', 'cat_binary__n_r_ecg_p_06', 'cat_binary__n_r_ecg_p_10', 'cat_binary__n_p_ecg_p_05', 'cat_binary__n_p_ecg_p_08', 'cat_binary__n_p_ecg_p_11', 'cat_binary__fibr_ter_01', 'cat_binary__fibr_ter_02', 'cat_binary__fibr_ter_03', 'cat_binary__fibr_ter_06', 'cat_binary__GIPO_K', 'cat_binary__GIPER_NA', 'cat_binary__NITR_S', 'cat_binary__LID_S_n', 'cat_binary__B_BLOK_S_n', 'cat_binary__ANT_CA_S_n', 'cat_binary__GEPAR_S_n', 'cat_binary__ASP_S_n', 'cat_binary__TIKL_S_n', 'cat_binary__TRENT_S_n']"
csl_fp1_fn10__mec_fp1_fn10,3,6,Exponential,generalization,25,0,132,0,0.1592356687898089,0.1592356687898089,1.0,0.27472527472527475,0.0,1.0,0.5,0.0,0.0,0.0,0.8487878787878788,0.6264254264476896,0.8407643312101911,0.1842188835144043,157,"['num_log1p_standard_scaler__L_BLOOD', 'num_standard_scaler__AGE', 'num_standard_scaler__S_AD_ORIT', 'num_standard_scaler__D_AD_ORIT', 'num_standard_scaler__NA_BLOOD', 'cat_nominal__IBS_POST_0.0', 'cat_nominal__IBS_POST_2.0', 'cat_ordinal__STENOK_AN', 'cat_ordinal__FK_STENOK', 'cat_ordinal__GB', 'cat_ordinal__DLIT_AG', 'cat_ordinal__TIME_B_S', 'cat_ordinal__ant_im', 'cat_ordinal__lat_im', 'cat_ordinal__inf_im', 'cat_partial_ordinal__HF_right_line', 'cat_partial_ordinal__HF_left_line', 'cat_binary__SEX', 'cat_binary__SIM_GIPERT', 'cat_binary__nr_11', 'cat_binary__nr_02', 'cat_binary__nr_04', 'cat_binary__np_01', 'cat_binary__np_04', 'cat_binary__np_10', 'cat_binary__endocr_02', 'cat_binary__zab_leg_02', 'cat_binary__O_L_POST', 'cat_binary__K_SH_POST', 'cat_binary__ritm_ecg_p_01', 'cat_binary__ritm_ecg_p_04', 'cat_binary__ritm_ecg_p_07', 'cat_binary__ritm_ecg_p_08', 'cat_binary__n_r_ecg_p_04', 'cat_binary__n_r_ecg_p_05', 'cat_binary__n_r_ecg_p_08', 'cat_binary__n_r_ecg_p_09', 'cat_binary__n_p_ecg_p_12', 'cat_binary__fibr_ter_03', 'cat_binary__fibr_ter_05', 'cat_binary__fibr_ter_06', 'cat_binary__B_BLOK_S_n', 'cat_binary__GEPAR_S_n', 'cat_binary__ASP_S_n', 'cat_binary__TIKL_S_n']"
csl_fp1_fn10__mec_fp1_fn10,3,7,Exponential,generalization,25,0,132,0,0.1592356687898089,0.1592356687898089,1.0,0.27472527472527475,0.0,1.0,0.5,0.0,0.0,0.0,0.8181818181818182,0.477893465829416,0.8407643312101911,0.27938246726989746,157,"['num_log1p_standard_scaler__L_BLOOD', 'num_log1p_standard_scaler__ROE', 'num_log1p_standard_scaler__K_BLOOD', 'num_standard_scaler__AGE', 'num_standard_scaler__S_AD_ORIT', 'num_standard_scaler__D_AD_ORIT', 'num_standard_scaler__NA_BLOOD', 'cat_nominal__IBS_POST_1.0', 'cat_ordinal__INF_ANAM', 'cat_ordinal__STENOK_AN', 'cat_ordinal__FK_STENOK', 'cat_ordinal__DLIT_AG', 'cat_ordinal__ant_im', 'cat_partial_ordinal__HF_right_line', 'cat_partial_ordinal__HF_left_line', 'cat_binary__SIM_GIPERT', 'cat_binary__nr_07', 'cat_binary__np_09', 'cat_binary__np_10', 'cat_binary__endocr_01', 'cat_binary__zab_leg_01', 'cat_binary__zab_leg_02', 'cat_binary__zab_leg_03', 'cat_binary__zab_leg_04', 'cat_binary__zab_leg_06', 'cat_binary__O_L_POST', 'cat_binary__K_SH_POST', 'cat_binary__MP_TP_POST', 'cat_binary__IM_PG_P', 'cat_binary__ritm_ecg_p_01', 'cat_binary__ritm_ecg_p_07', 'cat_binary__n_r_ecg_p_05', 'cat_binary__n_p_ecg_p_01', 'cat_binary__n_p_ecg_p_06', 'cat_binary__n_p_ecg_p_08', 'cat_binary__n_p_ecg_p_11', 'cat_binary__fibr_ter_01', 'cat_binary__fibr_ter_05', 'cat_binary__GIPO_K', 'cat_binary__GIPER_NA', 'cat_binary__NITR_S', 'cat_binary__B_BLOK_S_n', 'cat_binary__GEPAR_S_n', 'cat_binary__ASP_S_n', 'cat_binary__TRENT_S_n']"
csl_fp1_fn10__mec_fp1_fn10,3,8,Exponential,generalization,25,0,132,0,0.1592356687898089,0.1592356687898089,1.0,0.27472527472527475,0.0,1.0,0.5,0.0,0.0,0.0,0.8151515151515152,0.5008426987768612,0.8407643312101911,0.38926196098327637,157,"['num_log1p_standard_scaler__L_BLOOD', 'num_log1p_standard_scaler__AST_BLOOD', 'num_log1p_standard_scaler__ROE', 'num_standard_scaler__AGE', 'num_standard_scaler__S_AD_ORIT', 'num_standard_scaler__D_AD_ORIT', 'num_standard_scaler__NA_BLOOD', 'cat_nominal__IBS_POST_0.0', 'cat_nominal__IBS_POST_1.0', 'cat_ordinal__TIME_B_S', 'cat_ordinal__ant_im', 'cat_ordinal__inf_im', 'cat_partial_ordinal__HF_right_line', 'cat_partial_ordinal__HF_left_line', 'cat_binary__nr_02', 'cat_binary__np_09', 'cat_binary__zab_leg_01', 'cat_binary__zab_leg_04', 'cat_binary__K_SH_POST', 'cat_binary__MP_TP_POST', 'cat_binary__GT_POST', 'cat_binary__IM_PG_P', 'cat_binary__ritm_ecg_p_01', 'cat_binary__ritm_ecg_p_02', 'cat_binary__ritm_ecg_p_07', 'cat_binary__n_r_ecg_p_01', 'cat_binary__n_r_ecg_p_03', 'cat_binary__n_r_ecg_p_04', 'cat_binary__n_r_ecg_p_08', 'cat_binary__n_p_ecg_p_04', 'cat_binary__n_p_ecg_p_07', 'cat_binary__fibr_ter_06', 'cat_binary__fibr_ter_07', 'cat_binary__NITR_S', 'cat_binary__B_BLOK_S_n']"
csl_fp1_fn10__mec_fp1_fn10,3,9,Exponential,generalization,25,0,132,0,0.1592356687898089,0.1592356687898089,1.0,0.27472527472527475,0.0,1.0,0.5,0.0,0.0,0.0,0.8266666666666667,0.4525559723374908,0.8407643312101911,0.14460206031799316,157,"['num_log1p_standard_scaler__L_BLOOD', 'num_log1p_standard_scaler__ROE', 'num_standard_scaler__AGE', 'num_standard_scaler__S_AD_ORIT', 'num_standard_scaler__D_AD_ORIT', 'num_standard_scaler__NA_BLOOD', 'cat_nominal__IBS_POST_0.0', 'cat_ordinal__FK_STENOK', 'cat_ordinal__TIME_B_S', 'cat_ordinal__ant_im', 'cat_binary__np_01', 'cat_binary__endocr_01', 'cat_binary__zab_leg_04', 'cat_binary__K_SH_POST', 'cat_binary__ritm_ecg_p_01', 'cat_binary__ritm_ecg_p_02', 'cat_binary__ritm_ecg_p_04', 'cat_binary__n_r_ecg_p_09', 'cat_binary__n_r_ecg_p_10', 'cat_binary__n_p_ecg_p_12', 'cat_binary__fibr_ter_07', 'cat_binary__fibr_ter_08', 'cat_binary__NITR_S', 'cat_binary__ASP_S_n', 'cat_binary__TIKL_S_n']"
csl_fp1_fn10__mec_fp1_fn10,3,10,Exponential,generalization,25,0,132,0,0.1592356687898089,0.1592356687898089,1.0,0.27472527472527475,0.0,1.0,0.5,0.0,0.0,0.0,0.7590909090909091,0.5922772718773935,0.8407643312101911,0.38931846618652344,157,"['num_log1p_standard_scaler__L_BLOOD', 'num_log1p_standard_scaler__ALT_BLOOD', 'num_log1p_standard_scaler__K_BLOOD', 'num_standard_scaler__AGE', 'num_standard_scaler__S_AD_ORIT', 'num_standard_scaler__D_AD_ORIT', 'num_standard_scaler__NA_BLOOD', 'cat_nominal__IBS_POST_2.0', 'cat_ordinal__STENOK_AN', 'cat_ordinal__DLIT_AG', 'cat_ordinal__TIME_B_S', 'cat_ordinal__ant_im', 'cat_ordinal__post_im', 'cat_partial_ordinal__HF_right_line', 'cat_binary__nr_02', 'cat_binary__nr_04', 'cat_binary__nr_08', 'cat_binary__endocr_03', 'cat_binary__zab_leg_02', 'cat_binary__zab_leg_03', 'cat_binary__O_L_POST', 'cat_binary__K_SH_POST', 'cat_binary__MP_TP_POST', 'cat_binary__GT_POST', 'cat_binary__ritm_ecg_p_01', 'cat_binary__ritm_ecg_p_02', 'cat_binary__ritm_ecg_p_04', 'cat_binary__n_r_ecg_p_03', 'cat_binary__n_r_ecg_p_04', 'cat_binary__n_p_ecg_p_03', 'cat_binary__n_p_ecg_p_12', 'cat_binary__fibr_ter_07', 'cat_binary__NITR_S', 'cat_binary__LID_S_n', 'cat_binary__ASP_S_n']"
csl_fp1_fn10__mec_fp1_fn10,4,1,Exponential,generalization,25,0,133,0,0.15822784810126583,0.15822784810126583,1.0,0.273224043715847,0.0,1.0,0.5,0.0,0.0,0.0,0.8204511278195489,0.494344656527894,0.8417721518987342,0.27027273178100586,158,"['num_log1p_standard_scaler__L_BLOOD', 'num_log1p_standard_scaler__ALT_BLOOD', 'num_log1p_standard_scaler__ROE', 'num_standard_scaler__AGE', 'num_standard_scaler__S_AD_ORIT', 'num_standard_scaler__D_AD_ORIT', 'num_standard_scaler__NA_BLOOD', 'cat_nominal__IBS_POST_0.0', 'cat_ordinal__STENOK_AN', 'cat_ordinal__FK_STENOK', 'cat_ordinal__GB', 'cat_ordinal__DLIT_AG', 'cat_ordinal__TIME_B_S', 'cat_ordinal__ant_im', 'cat_ordinal__post_im', 'cat_partial_ordinal__HF_right_line', 'cat_partial_ordinal__HF_left_line', 'cat_binary__SEX', 'cat_binary__SIM_GIPERT', 'cat_binary__nr_11', 'cat_binary__nr_02', 'cat_binary__nr_04', 'cat_binary__np_07', 'cat_binary__np_09', 'cat_binary__np_10', 'cat_binary__endocr_01', 'cat_binary__endocr_03', 'cat_binary__zab_leg_02', 'cat_binary__zab_leg_04', 'cat_binary__zab_leg_06', 'cat_binary__O_L_POST', 'cat_binary__K_SH_POST', 'cat_binary__MP_TP_POST', 'cat_binary__SVT_POST', 'cat_binary__GT_POST', 'cat_binary__FIB_G_POST', 'cat_binary__IM_PG_P', 'cat_binary__ritm_ecg_p_01', 'cat_binary__ritm_ecg_p_02', 'cat_binary__ritm_ecg_p_04', 'cat_binary__ritm_ecg_p_06', 'cat_binary__ritm_ecg_p_07', 'cat_binary__ritm_ecg_p_08', 'cat_binary__n_r_ecg_p_01', 'cat_binary__n_r_ecg_p_02', 'cat_binary__n_r_ecg_p_03', 'cat_binary__n_r_ecg_p_04', 'cat_binary__n_r_ecg_p_05', 'cat_binary__n_r_ecg_p_06', 'cat_binary__n_r_ecg_p_08', 'cat_binary__n_r_ecg_p_09', 'cat_binary__n_r_ecg_p_10', 'cat_binary__n_p_ecg_p_01', 'cat_binary__n_p_ecg_p_03', 'cat_binary__n_p_ecg_p_04', 'cat_binary__n_p_ecg_p_05', 'cat_binary__n_p_ecg_p_06', 'cat_binary__n_p_ecg_p_07', 'cat_binary__n_p_ecg_p_08', 'cat_binary__n_p_ecg_p_09', 'cat_binary__n_p_ecg_p_10', 'cat_binary__n_p_ecg_p_11', 'cat_binary__n_p_ecg_p_12', 'cat_binary__fibr_ter_01', 'cat_binary__fibr_ter_02', 'cat_binary__fibr_ter_03', 'cat_binary__fibr_ter_05', 'cat_binary__fibr_ter_06', 'cat_binary__fibr_ter_07', 'cat_binary__fibr_ter_08', 'cat_binary__GIPO_K', 'cat_binary__GIPER_NA', 'cat_binary__NITR_S', 'cat_binary__LID_S_n', 'cat_binary__B_BLOK_S_n', 'cat_binary__ANT_CA_S_n', 'cat_binary__GEPAR_S_n', 'cat_binary__ASP_S_n', 'cat_binary__TIKL_S_n', 'cat_binary__TRENT_S_n']"
csl_fp1_fn10__mec_fp1_fn10,4,2,Exponential,generalization,26,0,132,0,0.16455696202531644,0.16455696202531644,1.0,0.2826086956521739,0.0,1.0,0.5,0.0,0.0,0.0,0.8767482517482519,0.6096887463364367,0.8354430379746836,0.24050164222717285,158,"['num_log1p_standard_scaler__L_BLOOD', 'num_log1p_standard_scaler__AST_BLOOD', 'num_log1p_standard_scaler__ROE', 'num_standard_scaler__AGE', 'num_standard_scaler__S_AD_ORIT', 'num_standard_scaler__D_AD_ORIT', 'num_standard_scaler__NA_BLOOD', 'cat_nominal__IBS_POST_1.0', 'cat_nominal__IBS_POST_2.0', 'cat_ordinal__INF_ANAM', 'cat_ordinal__STENOK_AN', 'cat_ordinal__FK_STENOK', 'cat_ordinal__GB', 'cat_ordinal__DLIT_AG', 'cat_ordinal__TIME_B_S', 'cat_ordinal__ant_im', 'cat_ordinal__lat_im', 'cat_ordinal__inf_im', 'cat_partial_ordinal__HF_right_line', 'cat_partial_ordinal__HF_left_line', 'cat_binary__SIM_GIPERT', 'cat_binary__nr_03', 'cat_binary__nr_04', 'cat_binary__nr_07', 'cat_binary__nr_08', 'cat_binary__np_01', 'cat_binary__np_04', 'cat_binary__np_07', 'cat_binary__np_09', 'cat_binary__np_10', 'cat_binary__endocr_01', 'cat_binary__endocr_03', 'cat_binary__zab_leg_03', 'cat_binary__zab_leg_06', 'cat_binary__O_L_POST', 'cat_binary__K_SH_POST', 'cat_binary__MP_TP_POST', 'cat_binary__ritm_ecg_p_01', 'cat_binary__ritm_ecg_p_02', 'cat_binary__ritm_ecg_p_04', 'cat_binary__ritm_ecg_p_06', 'cat_binary__ritm_ecg_p_07', 'cat_binary__ritm_ecg_p_08', 'cat_binary__n_r_ecg_p_01', 'cat_binary__n_r_ecg_p_03', 'cat_binary__n_r_ecg_p_04', 'cat_binary__n_r_ecg_p_09', 'cat_binary__n_r_ecg_p_10', 'cat_binary__n_p_ecg_p_06', 'cat_binary__n_p_ecg_p_07', 'cat_binary__n_p_ecg_p_11', 'cat_binary__fibr_ter_01', 'cat_binary__fibr_ter_02', 'cat_binary__fibr_ter_07', 'cat_binary__fibr_ter_08', 'cat_binary__GIPO_K', 'cat_binary__GIPER_NA', 'cat_binary__NITR_S', 'cat_binary__LID_S_n', 'cat_binary__B_BLOK_S_n', 'cat_binary__ANT_CA_S_n', 'cat_binary__GEPAR_S_n', 'cat_binary__ASP_S_n', 'cat_binary__TIKL_S_n', 'cat_binary__TRENT_S_n']"
csl_fp1_fn10__mec_fp1_fn10,4,3,Exponential,generalization,25,0,132,0,0.1592356687898089,0.1592356687898089,1.0,0.27472527472527475,0.0,1.0,0.5,0.0,0.0,0.0,0.7627272727272727,0.3954074348044888,0.8407643312101911,0.24867630004882812,157,"['num_log1p_standard_scaler__L_BLOOD', 'num_log1p_standard_scaler__ROE', 'num_standard_scaler__AGE', 'num_standard_scaler__S_AD_ORIT', 'num_standard_scaler__D_AD_ORIT', 'cat_ordinal__STENOK_AN', 'cat_ordinal__FK_STENOK', 'cat_ordinal__TIME_B_S', 'cat_ordinal__ant_im', 'cat_ordinal__lat_im', 'cat_ordinal__inf_im', 'cat_partial_ordinal__HF_right_line', 'cat_partial_ordinal__HF_left_line', 'cat_binary__SEX', 'cat_binary__nr_02', 'cat_binary__np_05', 'cat_binary__endocr_01', 'cat_binary__zab_leg_02', 'cat_binary__O_L_POST', 'cat_binary__K_SH_POST', 'cat_binary__IM_PG_P', 'cat_binary__ritm_ecg_p_01', 'cat_binary__ritm_ecg_p_08', 'cat_binary__n_p_ecg_p_06', 'cat_binary__n_p_ecg_p_11', 'cat_binary__fibr_ter_03', 'cat_binary__fibr_ter_05', 'cat_binary__fibr_ter_06', 'cat_binary__GIPO_K', 'cat_binary__NITR_S', 'cat_binary__LID_S_n', 'cat_binary__ANT_CA_S_n', 'cat_binary__ASP_S_n', 'cat_binary__TIKL_S_n', 'cat_binary__TRENT_S_n']"
csl_fp1_fn10__mec_fp1_fn10,4,4,Exponential,generalization,25,0,132,0,0.1592356687898089,0.1592356687898089,1.0,0.27472527472527475,0.0,1.0,0.5,0.0,0.0,0.0,0.7504545454545455,0.35044366268651983,0.8407643312101911,0.16649818420410156,157,"['num_standard_scaler__S_AD_ORIT', 'num_standard_scaler__D_AD_ORIT', 'cat_binary__nr_01', 'cat_binary__ritm_ecg_p_02', 'cat_binary__NITR_S']"
csl_fp1_fn10__mec_fp1_fn10,4,5,Exponential,generalization,25,0,132,0,0.1592356687898089,0.1592356687898089,1.0,0.27472527472527475,0.0,1.0,0.5,0.0,0.0,0.0,0.8063636363636364,0.4937301152755152,0.8407643312101911,0.09814167022705078,157,"['num_log1p_standard_scaler__L_BLOOD', 'num_standard_scaler__AGE', 'num_standard_scaler__S_AD_ORIT', 'num_standard_scaler__D_AD_ORIT', 'num_standard_scaler__NA_BLOOD', 'cat_nominal__IBS_POST_0.0', 'cat_nominal__IBS_POST_2.0', 'cat_ordinal__INF_ANAM', 'cat_ordinal__STENOK_AN', 'cat_ordinal__FK_STENOK', 'cat_ordinal__TIME_B_S', 'cat_ordinal__ant_im', 'cat_ordinal__inf_im', 'cat_ordinal__post_im', 'cat_partial_ordinal__HF_left_line', 'cat_binary__SEX', 'cat_binary__SIM_GIPERT', 'cat_binary__nr_04', 'cat_binary__np_01', 'cat_binary__np_04', 'cat_binary__np_05', 'cat_binary__endocr_01', 'cat_binary__zab_leg_02', 'cat_binary__zab_leg_06', 'cat_binary__K_SH_POST', 'cat_binary__MP_TP_POST', 'cat_binary__IM_PG_P', 'cat_binary__ritm_ecg_p_01', 'cat_binary__ritm_ecg_p_04', 'cat_binary__ritm_ecg_p_07', 'cat_binary__n_r_ecg_p_01', 'cat_binary__n_r_ecg_p_04', 'cat_binary__n_r_ecg_p_05', 'cat_binary__n_p_ecg_p_04', 'cat_binary__n_p_ecg_p_05', 'cat_binary__n_p_ecg_p_07', 'cat_binary__n_p_ecg_p_12', 'cat_binary__fibr_ter_07', 'cat_binary__NITR_S', 'cat_binary__ANT_CA_S_n']"
csl_fp1_fn10__mec_fp1_fn10,4,6,Exponential,generalization,25,0,132,0,0.1592356687898089,0.1592356687898089,1.0,0.27472527472527475,0.0,1.0,0.5,0.0,0.0,0.0,0.8466666666666667,0.5231495357334166,0.8407643312101911,0.19550085067749023,157,"['num_log1p_standard_scaler__L_BLOOD', 'num_log1p_standard_scaler__ROE', 'num_log1p_standard_scaler__K_BLOOD', 'num_standard_scaler__AGE', 'num_standard_scaler__S_AD_ORIT', 'num_standard_scaler__D_AD_ORIT', 'num_standard_scaler__NA_BLOOD', 'cat_nominal__IBS_POST_0.0', 'cat_nominal__IBS_POST_2.0', 'cat_ordinal__INF_ANAM', 'cat_ordinal__STENOK_AN', 'cat_ordinal__FK_STENOK', 'cat_ordinal__GB', 'cat_ordinal__DLIT_AG', 'cat_ordinal__TIME_B_S', 'cat_ordinal__ant_im', 'cat_ordinal__lat_im', 'cat_ordinal__inf_im', 'cat_ordinal__post_im', 'cat_partial_ordinal__HF_right_line', 'cat_partial_ordinal__HF_left_line', 'cat_binary__SEX', 'cat_binary__SIM_GIPERT', 'cat_binary__nr_11', 'cat_binary__nr_01', 'cat_binary__nr_02', 'cat_binary__nr_04', 'cat_binary__np_05', 'cat_binary__np_07', 'cat_binary__np_08', 'cat_binary__np_09', 'cat_binary__np_10', 'cat_binary__zab_leg_01', 'cat_binary__zab_leg_04', 'cat_binary__zab_leg_06', 'cat_binary__O_L_POST', 'cat_binary__K_SH_POST', 'cat_binary__MP_TP_POST', 'cat_binary__SVT_POST', 'cat_binary__GT_POST', 'cat_binary__IM_PG_P', 'cat_binary__ritm_ecg_p_01', 'cat_binary__ritm_ecg_p_07', 'cat_binary__n_r_ecg_p_02', 'cat_binary__n_r_ecg_p_03', 'cat_binary__n_r_ecg_p_04', 'cat_binary__n_r_ecg_p_05', 'cat_binary__n_r_ecg_p_06', 'cat_binary__n_p_ecg_p_03', 'cat_binary__n_p_ecg_p_08', 'cat_binary__n_p_ecg_p_12', 'cat_binary__fibr_ter_06', 'cat_binary__fibr_ter_07', 'cat_binary__GIPO_K', 'cat_binary__GIPER_NA', 'cat_binary__NITR_S', 'cat_binary__LID_S_n', 'cat_binary__ANT_CA_S_n', 'cat_binary__ASP_S_n', 'cat_binary__TIKL_S_n']"
csl_fp1_fn10__mec_fp1_fn10,4,7,Exponential,generalization,25,0,132,0,0.1592356687898089,0.1592356687898089,1.0,0.27472527472527475,0.0,1.0,0.5,0.0,0.0,0.0,0.8733333333333333,0.718033801990433,0.8407643312101911,0.5020890235900879,157,"['num_log1p_standard_scaler__L_BLOOD', 'num_log1p_standard_scaler__ROE', 'num_log1p_standard_scaler__K_BLOOD', 'num_standard_scaler__AGE', 'num_standard_scaler__S_AD_ORIT', 'num_standard_scaler__D_AD_ORIT', 'num_standard_scaler__NA_BLOOD', 'cat_nominal__IBS_POST_0.0', 'cat_nominal__IBS_POST_1.0', 'cat_nominal__IBS_POST_2.0', 'cat_ordinal__INF_ANAM', 'cat_ordinal__STENOK_AN', 'cat_ordinal__FK_STENOK', 'cat_ordinal__GB', 'cat_ordinal__DLIT_AG', 'cat_ordinal__TIME_B_S', 'cat_ordinal__ant_im', 'cat_ordinal__lat_im', 'cat_partial_ordinal__HF_right_line', 'cat_partial_ordinal__HF_left_line', 'cat_binary__SEX', 'cat_binary__nr_11', 'cat_binary__nr_02', 'cat_binary__nr_04', 'cat_binary__nr_08', 'cat_binary__np_01', 'cat_binary__np_04', 'cat_binary__np_05', 'cat_binary__np_08', 'cat_binary__np_09', 'cat_binary__np_10', 'cat_binary__endocr_01', 'cat_binary__endocr_02', 'cat_binary__zab_leg_01', 'cat_binary__zab_leg_02', 'cat_binary__zab_leg_03', 'cat_binary__zab_leg_04', 'cat_binary__zab_leg_06', 'cat_binary__O_L_POST', 'cat_binary__K_SH_POST', 'cat_binary__MP_TP_POST', 'cat_binary__ritm_ecg_p_01', 'cat_binary__ritm_ecg_p_02', 'cat_binary__ritm_ecg_p_07', 'cat_binary__n_r_ecg_p_01', 'cat_binary__n_r_ecg_p_03', 'cat_binary__n_r_ecg_p_05', 'cat_binary__n_r_ecg_p_06', 'cat_binary__n_p_ecg_p_01', 'cat_binary__n_p_ecg_p_05', 'cat_binary__n_p_ecg_p_06', 'cat_binary__n_p_ecg_p_07', 'cat_binary__n_p_ecg_p_08', 'cat_binary__n_p_ecg_p_11', 'cat_binary__n_p_ecg_p_12', 'cat_binary__fibr_ter_01', 'cat_binary__fibr_ter_03', 'cat_binary__fibr_ter_05', 'cat_binary__fibr_ter_06', 'cat_binary__fibr_ter_08', 'cat_binary__GIPO_K', 'cat_binary__GIPER_NA', 'cat_binary__NITR_S', 'cat_binary__LID_S_n', 'cat_binary__B_BLOK_S_n', 'cat_binary__ANT_CA_S_n', 'cat_binary__GEPAR_S_n', 'cat_binary__ASP_S_n', 'cat_binary__TIKL_S_n', 'cat_binary__TRENT_S_n']"
csl_fp1_fn10__mec_fp1_fn10,4,8,Exponential,generalization,25,0,132,0,0.1592356687898089,0.1592356687898089,1.0,0.27472527472527475,0.0,1.0,0.5,0.0,0.0,0.0,0.8284848484848485,0.5560720953690435,0.8407643312101911,0.16920900344848633,157,"['num_log1p_standard_scaler__L_BLOOD', 'num_log1p_standard_scaler__AST_BLOOD', 'num_log1p_standard_scaler__ROE', 'num_standard_scaler__AGE', 'num_standard_scaler__S_AD_ORIT', 'num_standard_scaler__D_AD_ORIT', 'num_standard_scaler__NA_BLOOD', 'cat_nominal__IBS_POST_2.0', 'cat_ordinal__INF_ANAM', 'cat_ordinal__STENOK_AN', 'cat_ordinal__FK_STENOK', 'cat_ordinal__GB', 'cat_ordinal__DLIT_AG', 'cat_ordinal__TIME_B_S', 'cat_ordinal__ant_im', 'cat_ordinal__lat_im', 'cat_partial_ordinal__HF_right_line', 'cat_partial_ordinal__HF_left_line', 'cat_binary__SEX', 'cat_binary__SIM_GIPERT', 'cat_binary__nr_11', 'cat_binary__nr_01', 'cat_binary__nr_03', 'cat_binary__nr_04', 'cat_binary__nr_07', 'cat_binary__np_01', 'cat_binary__np_05', 'cat_binary__np_09', 'cat_binary__np_10', 'cat_binary__endocr_01', 'cat_binary__endocr_03', 'cat_binary__zab_leg_01', 'cat_binary__zab_leg_02', 'cat_binary__zab_leg_03', 'cat_binary__K_SH_POST', 'cat_binary__SVT_POST', 'cat_binary__IM_PG_P', 'cat_binary__ritm_ecg_p_01', 'cat_binary__ritm_ecg_p_02', 'cat_binary__ritm_ecg_p_04', 'cat_binary__ritm_ecg_p_07', 'cat_binary__n_r_ecg_p_01', 'cat_binary__n_r_ecg_p_03', 'cat_binary__n_r_ecg_p_06', 'cat_binary__n_r_ecg_p_08', 'cat_binary__n_p_ecg_p_01', 'cat_binary__n_p_ecg_p_05', 'cat_binary__n_p_ecg_p_11', 'cat_binary__n_p_ecg_p_12', 'cat_binary__GIPO_K', 'cat_binary__NITR_S', 'cat_binary__LID_S_n', 'cat_binary__B_BLOK_S_n', 'cat_binary__ANT_CA_S_n', 'cat_binary__ASP_S_n']"
csl_fp1_fn10__mec_fp1_fn10,4,9,Exponential,generalization,25,0,132,0,0.1592356687898089,0.1592356687898089,1.0,0.27472527472527475,0.0,1.0,0.5,0.0,0.0,0.0,0.8221212121212121,0.4748244311327125,0.8407643312101911,0.3868288993835449,157,"['num_log1p_standard_scaler__L_BLOOD', 'num_log1p_standard_scaler__ROE', 'num_log1p_standard_scaler__K_BLOOD', 'num_standard_scaler__AGE', 'num_standard_scaler__S_AD_ORIT', 'num_standard_scaler__D_AD_ORIT', 'cat_nominal__IBS_POST_2.0', 'cat_ordinal__INF_ANAM', 'cat_ordinal__STENOK_AN', 'cat_ordinal__FK_STENOK', 'cat_ordinal__GB', 'cat_ordinal__DLIT_AG', 'cat_ordinal__TIME_B_S', 'cat_ordinal__ant_im', 'cat_partial_ordinal__HF_right_line', 'cat_binary__SEX', 'cat_binary__nr_11', 'cat_binary__nr_01', 'cat_binary__nr_07', 'cat_binary__np_01', 'cat_binary__np_05', 'cat_binary__np_07', 'cat_binary__np_10', 'cat_binary__zab_leg_06', 'cat_binary__O_L_POST', 'cat_binary__K_SH_POST', 'cat_binary__MP_TP_POST', 'cat_binary__GT_POST', 'cat_binary__FIB_G_POST', 'cat_binary__ritm_ecg_p_01', 'cat_binary__ritm_ecg_p_02', 'cat_binary__n_r_ecg_p_02', 'cat_binary__n_p_ecg_p_12', 'cat_binary__fibr_ter_03', 'cat_binary__fibr_ter_08', 'cat_binary__GIPO_K', 'cat_binary__NITR_S', 'cat_binary__B_BLOK_S_n', 'cat_binary__ANT_CA_S_n', 'cat_binary__ASP_S_n']"
csl_fp1_fn10__mec_fp1_fn10,4,10,Exponential,generalization,25,0,132,0,0.1592356687898089,0.1592356687898089,1.0,0.27472527472527475,0.0,1.0,0.5,0.0,0.0,0.0,0.7963636363636364,0.4729073044181403,0.8407643312101911,0.3380396366119385,157,"['num_log1p_standard_scaler__L_BLOOD', 'num_log1p_standard_scaler__ROE', 'num_standard_scaler__AGE', 'num_standard_scaler__S_AD_ORIT', 'num_standard_scaler__D_AD_ORIT', 'cat_nominal__IBS_POST_0.0', 'cat_ordinal__INF_ANAM', 'cat_ordinal__FK_STENOK', 'cat_ordinal__TIME_B_S', 'cat_ordinal__ant_im', 'cat_ordinal__inf_im', 'cat_ordinal__post_im', 'cat_partial_ordinal__HF_right_line', 'cat_partial_ordinal__HF_left_line', 'cat_binary__SEX', 'cat_binary__SIM_GIPERT', 'cat_binary__nr_04', 'cat_binary__nr_08', 'cat_binary__np_01', 'cat_binary__zab_leg_01', 'cat_binary__zab_leg_02', 'cat_binary__O_L_POST', 'cat_binary__K_SH_POST', 'cat_binary__MP_TP_POST', 'cat_binary__GT_POST', 'cat_binary__FIB_G_POST', 'cat_binary__ritm_ecg_p_01', 'cat_binary__ritm_ecg_p_02', 'cat_binary__ritm_ecg_p_04', 'cat_binary__n_r_ecg_p_02', 'cat_binary__n_r_ecg_p_03', 'cat_binary__n_r_ecg_p_08', 'cat_binary__n_r_ecg_p_09', 'cat_binary__n_p_ecg_p_03', 'cat_binary__n_p_ecg_p_05', 'cat_binary__n_p_ecg_p_10', 'cat_binary__n_p_ecg_p_12', 'cat_binary__fibr_ter_02', 'cat_binary__fibr_ter_05', 'cat_binary__fibr_ter_07', 'cat_binary__GIPER_NA', 'cat_binary__NITR_S', 'cat_binary__B_BLOK_S_n', 'cat_binary__GEPAR_S_n', 'cat_binary__ASP_S_n']"
csl_fp1_fn10__mec_fp1_fn10,5,1,Exponential,generalization,25,0,133,0,0.15822784810126583,0.15822784810126583,1.0,0.273224043715847,0.0,1.0,0.5,0.0,0.0,0.0,0.8162406015037593,0.5694403921432919,0.8417721518987342,0.37699103355407715,158,"['num_log1p_standard_scaler__L_BLOOD', 'num_log1p_standard_scaler__AST_BLOOD', 'num_log1p_standard_scaler__ROE', 'num_log1p_standard_scaler__K_BLOOD', 'num_standard_scaler__AGE', 'num_standard_scaler__S_AD_ORIT', 'num_standard_scaler__D_AD_ORIT', 'num_standard_scaler__NA_BLOOD', 'cat_nominal__IBS_POST_0.0', 'cat_nominal__IBS_POST_2.0', 'cat_ordinal__INF_ANAM', 'cat_ordinal__STENOK_AN', 'cat_ordinal__FK_STENOK', 'cat_ordinal__GB', 'cat_ordinal__TIME_B_S', 'cat_ordinal__ant_im', 'cat_ordinal__inf_im', 'cat_partial_ordinal__HF_right_line', 'cat_partial_ordinal__HF_left_line', 'cat_binary__SIM_GIPERT', 'cat_binary__nr_01', 'cat_binary__nr_07', 'cat_binary__np_05', 'cat_binary__np_10', 'cat_binary__endocr_03', 'cat_binary__zab_leg_01', 'cat_binary__zab_leg_02', 'cat_binary__zab_leg_03', 'cat_binary__zab_leg_06', 'cat_binary__O_L_POST', 'cat_binary__K_SH_POST', 'cat_binary__MP_TP_POST', 'cat_binary__SVT_POST', 'cat_binary__FIB_G_POST', 'cat_binary__ritm_ecg_p_01', 'cat_binary__ritm_ecg_p_04', 'cat_binary__ritm_ecg_p_06', 'cat_binary__ritm_ecg_p_07', 'cat_binary__ritm_ecg_p_08', 'cat_binary__n_r_ecg_p_03', 'cat_binary__n_r_ecg_p_04', 'cat_binary__n_r_ecg_p_05', 'cat_binary__n_r_ecg_p_08', 'cat_binary__n_r_ecg_p_09', 'cat_binary__n_r_ecg_p_10', 'cat_binary__n_p_ecg_p_01', 'cat_binary__n_p_ecg_p_03', 'cat_binary__n_p_ecg_p_05', 'cat_binary__n_p_ecg_p_06', 'cat_binary__n_p_ecg_p_07', 'cat_binary__n_p_ecg_p_09', 'cat_binary__n_p_ecg_p_10', 'cat_binary__n_p_ecg_p_12', 'cat_binary__fibr_ter_06', 'cat_binary__GIPO_K', 'cat_binary__B_BLOK_S_n', 'cat_binary__ANT_CA_S_n', 'cat_binary__ASP_S_n', 'cat_binary__TIKL_S_n', 'cat_binary__TRENT_S_n']"
csl_fp1_fn10__mec_fp1_fn10,5,2,Exponential,generalization,26,0,132,0,0.16455696202531644,0.16455696202531644,1.0,0.2826086956521739,0.0,1.0,0.5,0.0,0.0,0.0,0.8528554778554778,0.5945571256186513,0.8354430379746836,0.37100720405578613,158,"['num_log1p_standard_scaler__L_BLOOD', 'num_log1p_standard_scaler__ROE', 'num_standard_scaler__AGE', 'num_standard_scaler__S_AD_ORIT', 'num_standard_scaler__D_AD_ORIT', 'num_standard_scaler__NA_BLOOD', 'cat_nominal__IBS_POST_2.0', 'cat_ordinal__STENOK_AN', 'cat_ordinal__FK_STENOK', 'cat_ordinal__GB', 'cat_ordinal__TIME_B_S', 'cat_ordinal__ant_im', 'cat_ordinal__lat_im', 'cat_partial_ordinal__HF_right_line', 'cat_partial_ordinal__HF_left_line', 'cat_binary__nr_11', 'cat_binary__nr_04', 'cat_binary__np_09', 'cat_binary__np_10', 'cat_binary__endocr_02', 'cat_binary__zab_leg_02', 'cat_binary__zab_leg_03', 'cat_binary__zab_leg_04', 'cat_binary__K_SH_POST', 'cat_binary__GT_POST', 'cat_binary__FIB_G_POST', 'cat_binary__ritm_ecg_p_01', 'cat_binary__ritm_ecg_p_02', 'cat_binary__ritm_ecg_p_07', 'cat_binary__n_r_ecg_p_06', 'cat_binary__n_p_ecg_p_01', 'cat_binary__n_p_ecg_p_08', 'cat_binary__fibr_ter_01', 'cat_binary__fibr_ter_02', 'cat_binary__fibr_ter_07', 'cat_binary__GIPER_NA', 'cat_binary__NITR_S', 'cat_binary__B_BLOK_S_n', 'cat_binary__ANT_CA_S_n', 'cat_binary__ASP_S_n']"
csl_fp1_fn10__mec_fp1_fn10,5,3,Exponential,generalization,25,0,132,0,0.1592356687898089,0.1592356687898089,1.0,0.27472527472527475,0.0,1.0,0.5,0.0,0.0,0.0,0.8263636363636364,0.5001793166668488,0.8407643312101911,0.3786587715148926,157,"['num_log1p_standard_scaler__L_BLOOD', 'num_log1p_standard_scaler__K_BLOOD', 'num_standard_scaler__AGE', 'num_standard_scaler__S_AD_ORIT', 'num_standard_scaler__D_AD_ORIT', 'cat_nominal__IBS_POST_1.0', 'cat_nominal__IBS_POST_2.0', 'cat_ordinal__INF_ANAM', 'cat_ordinal__FK_STENOK', 'cat_ordinal__TIME_B_S', 'cat_ordinal__inf_im', 'cat_ordinal__post_im', 'cat_partial_ordinal__HF_right_line', 'cat_partial_ordinal__HF_left_line', 'cat_binary__SEX', 'cat_binary__nr_04', 'cat_binary__nr_07', 'cat_binary__nr_08', 'cat_binary__np_09', 'cat_binary__endocr_01', 'cat_binary__endocr_02', 'cat_binary__zab_leg_01', 'cat_binary__zab_leg_02', 'cat_binary__O_L_POST', 'cat_binary__K_SH_POST', 'cat_binary__FIB_G_POST', 'cat_binary__ritm_ecg_p_04', 'cat_binary__ritm_ecg_p_07', 'cat_binary__ritm_ecg_p_08', 'cat_binary__n_r_ecg_p_08', 'cat_binary__n_p_ecg_p_10', 'cat_binary__GIPER_NA', 'cat_binary__NITR_S', 'cat_binary__ANT_CA_S_n', 'cat_binary__ASP_S_n']"
csl_fp1_fn10__mec_fp1_fn10,5,4,Exponential,generalization,25,0,132,0,0.1592356687898089,0.1592356687898089,1.0,0.27472527472527475,0.0,1.0,0.5,0.0,0.0,0.0,0.8281818181818181,0.5830096988054891,0.8407643312101911,0.39452290534973145,157,"['num_log1p_standard_scaler__L_BLOOD', 'num_log1p_standard_scaler__ROE', 'num_log1p_standard_scaler__K_BLOOD', 'num_standard_scaler__AGE', 'num_standard_scaler__S_AD_ORIT', 'num_standard_scaler__D_AD_ORIT', 'num_standard_scaler__NA_BLOOD', 'cat_nominal__IBS_POST_2.0', 'cat_ordinal__INF_ANAM', 'cat_ordinal__STENOK_AN', 'cat_ordinal__FK_STENOK', 'cat_ordinal__GB', 'cat_ordinal__DLIT_AG', 'cat_ordinal__TIME_B_S', 'cat_ordinal__ant_im', 'cat_ordinal__post_im', 'cat_partial_ordinal__HF_right_line', 'cat_partial_ordinal__HF_left_line', 'cat_binary__SEX', 'cat_binary__SIM_GIPERT', 'cat_binary__nr_01', 'cat_binary__nr_03', 'cat_binary__nr_08', 'cat_binary__np_04', 'cat_binary__np_07', 'cat_binary__np_08', 'cat_binary__np_10', 'cat_binary__endocr_03', 'cat_binary__zab_leg_01', 'cat_binary__zab_leg_02', 'cat_binary__K_SH_POST', 'cat_binary__GT_POST', 'cat_binary__ritm_ecg_p_01', 'cat_binary__ritm_ecg_p_04', 'cat_binary__ritm_ecg_p_06', 'cat_binary__ritm_ecg_p_07', 'cat_binary__n_r_ecg_p_04', 'cat_binary__n_r_ecg_p_05', 'cat_binary__n_r_ecg_p_06', 'cat_binary__n_r_ecg_p_08', 'cat_binary__n_r_ecg_p_09', 'cat_binary__n_r_ecg_p_10', 'cat_binary__n_p_ecg_p_01', 'cat_binary__n_p_ecg_p_03', 'cat_binary__n_p_ecg_p_04', 'cat_binary__n_p_ecg_p_05', 'cat_binary__n_p_ecg_p_06', 'cat_binary__n_p_ecg_p_07', 'cat_binary__n_p_ecg_p_08', 'cat_binary__n_p_ecg_p_09', 'cat_binary__n_p_ecg_p_10', 'cat_binary__n_p_ecg_p_11', 'cat_binary__n_p_ecg_p_12', 'cat_binary__fibr_ter_01', 'cat_binary__fibr_ter_02', 'cat_binary__fibr_ter_03', 'cat_binary__fibr_ter_05', 'cat_binary__fibr_ter_06', 'cat_binary__fibr_ter_07', 'cat_binary__fibr_ter_08', 'cat_binary__GIPO_K', 'cat_binary__GIPER_NA', 'cat_binary__NITR_S', 'cat_binary__LID_S_n', 'cat_binary__B_BLOK_S_n', 'cat_binary__ANT_CA_S_n', 'cat_binary__GEPAR_S_n', 'cat_binary__ASP_S_n', 'cat_binary__TIKL_S_n', 'cat_binary__TRENT_S_n']"
csl_fp1_fn10__mec_fp1_fn10,5,5,Exponential,generalization,25,0,132,0,0.1592356687898089,0.1592356687898089,1.0,0.27472527472527475,0.0,1.0,0.5,0.0,0.0,0.0,0.796060606060606,0.530580600365007,0.8407643312101911,0.12855815887451172,157,"['num_log1p_standard_scaler__L_BLOOD', 'num_standard_scaler__AGE', 'num_standard_scaler__S_AD_ORIT', 'num_standard_scaler__D_AD_ORIT', 'cat_ordinal__STENOK_AN', 'cat_ordinal__ant_im', 'cat_ordinal__lat_im', 'cat_ordinal__inf_im', 'cat_partial_ordinal__HF_right_line', 'cat_partial_ordinal__HF_left_line', 'cat_binary__nr_03', 'cat_binary__np_09', 'cat_binary__endocr_01', 'cat_binary__zab_leg_03', 'cat_binary__K_SH_POST', 'cat_binary__ritm_ecg_p_01', 'cat_binary__n_r_ecg_p_04', 'cat_binary__n_r_ecg_p_06', 'cat_binary__n_p_ecg_p_08', 'cat_binary__n_p_ecg_p_12', 'cat_binary__fibr_ter_03', 'cat_binary__LID_S_n', 'cat_binary__GEPAR_S_n', 'cat_binary__ASP_S_n', 'cat_binary__TRENT_S_n']"
csl_fp1_fn10__mec_fp1_fn10,5,6,Exponential,generalization,25,0,132,0,0.1592356687898089,0.1592356687898089,1.0,0.27472527472527475,0.0,1.0,0.5,0.0,0.0,0.0,0.8106060606060606,0.4991216725904104,0.8407643312101911,0.2585911750793457,157,"['num_log1p_standard_scaler__L_BLOOD', 'num_log1p_standard_scaler__AST_BLOOD', 'num_standard_scaler__AGE', 'num_standard_scaler__S_AD_ORIT', 'num_standard_scaler__D_AD_ORIT', 'num_standard_scaler__NA_BLOOD', 'cat_nominal__IBS_POST_2.0', 'cat_ordinal__INF_ANAM', 'cat_ordinal__STENOK_AN', 'cat_ordinal__FK_STENOK', 'cat_ordinal__GB', 'cat_ordinal__TIME_B_S', 'cat_ordinal__ant_im', 'cat_binary__nr_07', 'cat_binary__endocr_01', 'cat_binary__zab_leg_02', 'cat_binary__zab_leg_03', 'cat_binary__O_L_POST', 'cat_binary__K_SH_POST', 'cat_binary__ritm_ecg_p_07', 'cat_binary__n_p_ecg_p_01', 'cat_binary__n_p_ecg_p_06', 'cat_binary__n_p_ecg_p_12', 'cat_binary__fibr_ter_07', 'cat_binary__GIPO_K', 'cat_binary__NITR_S', 'cat_binary__B_BLOK_S_n', 'cat_binary__ANT_CA_S_n', 'cat_binary__ASP_S_n', 'cat_binary__TRENT_S_n']"
csl_fp1_fn10__mec_fp1_fn10,5,7,Exponential,generalization,25,0,132,0,0.1592356687898089,0.1592356687898089,1.0,0.27472527472527475,0.0,1.0,0.5,0.0,0.0,0.0,0.8260606060606062,0.603861269289543,0.8407643312101911,0.44054508209228516,157,"['num_log1p_standard_scaler__L_BLOOD', 'num_log1p_standard_scaler__AST_BLOOD', 'num_log1p_standard_scaler__ROE', 'num_log1p_standard_scaler__K_BLOOD', 'num_standard_scaler__AGE', 'num_standard_scaler__S_AD_ORIT', 'num_standard_scaler__D_AD_ORIT', 'num_standard_scaler__NA_BLOOD', 'cat_ordinal__INF_ANAM', 'cat_ordinal__STENOK_AN', 'cat_ordinal__FK_STENOK', 'cat_ordinal__TIME_B_S', 'cat_ordinal__ant_im', 'cat_ordinal__inf_im', 'cat_partial_ordinal__HF_right_line', 'cat_partial_ordinal__HF_left_line', 'cat_binary__nr_01', 'cat_binary__np_10', 'cat_binary__endocr_01', 'cat_binary__endocr_03', 'cat_binary__zab_leg_01', 'cat_binary__zab_leg_02', 'cat_binary__zab_leg_03', 'cat_binary__K_SH_POST', 'cat_binary__GT_POST', 'cat_binary__IM_PG_P', 'cat_binary__ritm_ecg_p_01', 'cat_binary__ritm_ecg_p_04', 'cat_binary__ritm_ecg_p_07', 'cat_binary__ritm_ecg_p_08', 'cat_binary__n_r_ecg_p_01', 'cat_binary__n_r_ecg_p_04', 'cat_binary__n_r_ecg_p_06', 'cat_binary__n_r_ecg_p_08', 'cat_binary__n_p_ecg_p_03', 'cat_binary__n_p_ecg_p_07', 'cat_binary__n_p_ecg_p_08', 'cat_binary__n_p_ecg_p_12', 'cat_binary__fibr_ter_05', 'cat_binary__fibr_ter_08', 'cat_binary__NITR_S', 'cat_binary__B_BLOK_S_n', 'cat_binary__ANT_CA_S_n', 'cat_binary__GEPAR_S_n', 'cat_binary__ASP_S_n']"
csl_fp1_fn10__mec_fp1_fn10,5,8,Exponential,generalization,25,0,132,0,0.1592356687898089,0.1592356687898089,1.0,0.27472527472527475,0.0,1.0,0.5,0.0,0.0,0.0,0.8284848484848485,0.5685652182889555,0.8407643312101911,0.3863260746002197,157,"['num_log1p_standard_scaler__L_BLOOD', 'num_log1p_standard_scaler__AST_BLOOD', 'num_log1p_standard_scaler__ROE', 'num_log1p_standard_scaler__K_BLOOD', 'num_standard_scaler__AGE', 'num_standard_scaler__S_AD_ORIT', 'num_standard_scaler__D_AD_ORIT', 'num_standard_scaler__NA_BLOOD', 'cat_nominal__IBS_POST_0.0', 'cat_nominal__IBS_POST_2.0', 'cat_ordinal__STENOK_AN', 'cat_ordinal__FK_STENOK', 'cat_ordinal__GB', 'cat_ordinal__DLIT_AG', 'cat_ordinal__TIME_B_S', 'cat_ordinal__ant_im', 'cat_ordinal__lat_im', 'cat_ordinal__inf_im', 'cat_ordinal__post_im', 'cat_partial_ordinal__HF_right_line', 'cat_partial_ordinal__HF_left_line', 'cat_binary__SIM_GIPERT', 'cat_binary__nr_11', 'cat_binary__nr_01', 'cat_binary__nr_02', 'cat_binary__nr_03', 'cat_binary__nr_04', 'cat_binary__nr_08', 'cat_binary__np_01', 'cat_binary__np_08', 'cat_binary__np_09', 'cat_binary__np_10', 'cat_binary__endocr_01', 'cat_binary__endocr_02', 'cat_binary__endocr_03', 'cat_binary__zab_leg_01', 'cat_binary__zab_leg_02', 'cat_binary__zab_leg_03', 'cat_binary__zab_leg_04', 'cat_binary__zab_leg_06', 'cat_binary__O_L_POST', 'cat_binary__K_SH_POST', 'cat_binary__MP_TP_POST', 'cat_binary__SVT_POST', 'cat_binary__GT_POST', 'cat_binary__FIB_G_POST', 'cat_binary__IM_PG_P', 'cat_binary__ritm_ecg_p_01', 'cat_binary__ritm_ecg_p_02', 'cat_binary__ritm_ecg_p_04', 'cat_binary__ritm_ecg_p_06', 'cat_binary__ritm_ecg_p_07', 'cat_binary__ritm_ecg_p_08', 'cat_binary__n_r_ecg_p_01', 'cat_binary__n_r_ecg_p_02', 'cat_binary__n_r_ecg_p_03', 'cat_binary__n_r_ecg_p_04', 'cat_binary__n_r_ecg_p_05', 'cat_binary__n_r_ecg_p_06', 'cat_binary__n_r_ecg_p_08', 'cat_binary__n_r_ecg_p_09', 'cat_binary__n_r_ecg_p_10', 'cat_binary__n_p_ecg_p_01', 'cat_binary__n_p_ecg_p_03', 'cat_binary__n_p_ecg_p_04', 'cat_binary__n_p_ecg_p_05', 'cat_binary__n_p_ecg_p_06', 'cat_binary__n_p_ecg_p_07', 'cat_binary__n_p_ecg_p_08', 'cat_binary__n_p_ecg_p_09', 'cat_binary__n_p_ecg_p_10', 'cat_binary__n_p_ecg_p_11', 'cat_binary__n_p_ecg_p_12', 'cat_binary__fibr_ter_01', 'cat_binary__fibr_ter_02', 'cat_binary__fibr_ter_03', 'cat_binary__fibr_ter_05', 'cat_binary__fibr_ter_06', 'cat_binary__fibr_ter_07', 'cat_binary__fibr_ter_08', 'cat_binary__GIPO_K', 'cat_binary__GIPER_NA', 'cat_binary__NITR_S', 'cat_binary__LID_S_n', 'cat_binary__B_BLOK_S_n', 'cat_binary__ANT_CA_S_n', 'cat_binary__GEPAR_S_n', 'cat_binary__ASP_S_n', 'cat_binary__TIKL_S_n', 'cat_binary__TRENT_S_n']"
csl_fp1_fn10__mec_fp1_fn10,5,9,Exponential,generalization,25,0,132,0,0.1592356687898089,0.1592356687898089,1.0,0.27472527472527475,0.0,1.0,0.5,0.0,0.0,0.0,0.7757575757575758,0.4533734834463956,0.8407643312101911,0.4325871467590332,157,"['num_log1p_standard_scaler__L_BLOOD', 'num_log1p_standard_scaler__ROE', 'num_log1p_standard_scaler__K_BLOOD', 'num_standard_scaler__AGE', 'num_standard_scaler__S_AD_ORIT', 'num_standard_scaler__D_AD_ORIT', 'num_standard_scaler__NA_BLOOD', 'cat_nominal__IBS_POST_0.0', 'cat_nominal__IBS_POST_1.0', 'cat_ordinal__STENOK_AN', 'cat_ordinal__FK_STENOK', 'cat_ordinal__GB', 'cat_ordinal__TIME_B_S', 'cat_ordinal__ant_im', 'cat_ordinal__inf_im', 'cat_ordinal__post_im', 'cat_binary__SEX', 'cat_binary__nr_11', 'cat_binary__nr_03', 'cat_binary__nr_04', 'cat_binary__nr_08', 'cat_binary__np_01', 'cat_binary__np_04', 'cat_binary__np_08', 'cat_binary__np_10', 'cat_binary__endocr_02', 'cat_binary__endocr_03', 'cat_binary__zab_leg_01', 'cat_binary__zab_leg_03', 'cat_binary__zab_leg_06', 'cat_binary__O_L_POST', 'cat_binary__K_SH_POST', 'cat_binary__MP_TP_POST', 'cat_binary__SVT_POST', 'cat_binary__ritm_ecg_p_01', 'cat_binary__ritm_ecg_p_02', 'cat_binary__ritm_ecg_p_06', 'cat_binary__ritm_ecg_p_08', 'cat_binary__n_r_ecg_p_01', 'cat_binary__n_r_ecg_p_02', 'cat_binary__n_r_ecg_p_03', 'cat_binary__n_r_ecg_p_04', 'cat_binary__n_r_ecg_p_05', 'cat_binary__n_r_ecg_p_06', 'cat_binary__n_r_ecg_p_08', 'cat_binary__n_r_ecg_p_09', 'cat_binary__n_r_ecg_p_10', 'cat_binary__n_p_ecg_p_01', 'cat_binary__n_p_ecg_p_03', 'cat_binary__n_p_ecg_p_04', 'cat_binary__n_p_ecg_p_05', 'cat_binary__n_p_ecg_p_06', 'cat_binary__n_p_ecg_p_07', 'cat_binary__n_p_ecg_p_08', 'cat_binary__n_p_ecg_p_09', 'cat_binary__n_p_ecg_p_10', 'cat_binary__n_p_ecg_p_11', 'cat_binary__n_p_ecg_p_12', 'cat_binary__fibr_ter_01', 'cat_binary__fibr_ter_02', 'cat_binary__fibr_ter_03', 'cat_binary__fibr_ter_05', 'cat_binary__fibr_ter_06', 'cat_binary__fibr_ter_07', 'cat_binary__fibr_ter_08', 'cat_binary__GIPO_K', 'cat_binary__GIPER_NA', 'cat_binary__NITR_S', 'cat_binary__LID_S_n', 'cat_binary__B_BLOK_S_n', 'cat_binary__ANT_CA_S_n', 'cat_binary__GEPAR_S_n', 'cat_binary__ASP_S_n', 'cat_binary__TIKL_S_n', 'cat_binary__TRENT_S_n']"
csl_fp1_fn10__mec_fp1_fn10,5,10,Exponential,generalization,25,0,132,0,0.1592356687898089,0.1592356687898089,1.0,0.27472527472527475,0.0,1.0,0.5,0.0,0.0,0.0,0.8396969696969697,0.49577758270249966,0.8407643312101911,0.22190475463867188,157,"['num_log1p_standard_scaler__L_BLOOD', 'num_log1p_standard_scaler__ROE', 'num_standard_scaler__AGE', 'num_standard_scaler__S_AD_ORIT', 'num_standard_scaler__D_AD_ORIT', 'num_standard_scaler__NA_BLOOD', 'cat_nominal__IBS_POST_0.0', 'cat_nominal__IBS_POST_2.0', 'cat_ordinal__INF_ANAM', 'cat_ordinal__STENOK_AN', 'cat_ordinal__FK_STENOK', 'cat_ordinal__GB', 'cat_ordinal__DLIT_AG', 'cat_ordinal__TIME_B_S', 'cat_ordinal__ant_im', 'cat_partial_ordinal__HF_right_line', 'cat_partial_ordinal__HF_left_line', 'cat_binary__SEX', 'cat_binary__nr_11', 'cat_binary__nr_02', 'cat_binary__np_04', 'cat_binary__np_08', 'cat_binary__np_09', 'cat_binary__endocr_01', 'cat_binary__endocr_02', 'cat_binary__endocr_03', 'cat_binary__zab_leg_02', 'cat_binary__zab_leg_03', 'cat_binary__zab_leg_04', 'cat_binary__zab_leg_06', 'cat_binary__K_SH_POST', 'cat_binary__SVT_POST', 'cat_binary__GT_POST', 'cat_binary__FIB_G_POST', 'cat_binary__IM_PG_P', 'cat_binary__ritm_ecg_p_01', 'cat_binary__ritm_ecg_p_04', 'cat_binary__ritm_ecg_p_06', 'cat_binary__ritm_ecg_p_07', 'cat_binary__n_r_ecg_p_02', 'cat_binary__n_r_ecg_p_03', 'cat_binary__n_r_ecg_p_04', 'cat_binary__n_p_ecg_p_01', 'cat_binary__n_p_ecg_p_03', 'cat_binary__n_p_ecg_p_04', 'cat_binary__n_p_ecg_p_06', 'cat_binary__n_p_ecg_p_07', 'cat_binary__n_p_ecg_p_11', 'cat_binary__fibr_ter_01', 'cat_binary__fibr_ter_02', 'cat_binary__fibr_ter_05', 'cat_binary__GIPO_K', 'cat_binary__NITR_S', 'cat_binary__LID_S_n', 'cat_binary__B_BLOK_S_n', 'cat_binary__ANT_CA_S_n', 'cat_binary__GEPAR_S_n', 'cat_binary__ASP_S_n', 'cat_binary__TIKL_S_n', 'cat_binary__TRENT_S_n']"
csl_fp1_fn10__mec_fp1_fn10,6,1,Exponential,generalization,25,0,133,0,0.15822784810126583,0.15822784810126583,1.0,0.273224043715847,0.0,1.0,0.5,0.0,0.0,0.0,0.8258646616541353,0.6669707456052011,0.8417721518987342,0.22838950157165527,158,"['num_log1p_standard_scaler__L_BLOOD', 'num_log1p_standard_scaler__ROE', 'num_standard_scaler__AGE', 'num_standard_scaler__S_AD_ORIT', 'num_standard_scaler__D_AD_ORIT', 'cat_nominal__IBS_POST_1.0', 'cat_ordinal__TIME_B_S', 'cat_ordinal__ant_im', 'cat_ordinal__inf_im', 'cat_partial_ordinal__HF_right_line', 'cat_binary__K_SH_POST', 'cat_binary__SVT_POST', 'cat_binary__ritm_ecg_p_01', 'cat_binary__ritm_ecg_p_02', 'cat_binary__ritm_ecg_p_06', 'cat_binary__ritm_ecg_p_08', 'cat_binary__GIPO_K', 'cat_binary__NITR_S', 'cat_binary__ANT_CA_S_n', 'cat_binary__ASP_S_n']"
csl_fp1_fn10__mec_fp1_fn10,6,2,Exponential,generalization,26,1,131,0,0.17088607594936708,0.16560509554140126,1.0,0.28415300546448086,0.007575757575757576,0.9924242424242424,0.5037878787878788,0.08703882797784893,0.03542010809034648,0.002506024096385784,0.8394522144522144,0.5847329617231564,0.8291139240506329,0.12575292587280273,158,"['num_log1p_standard_scaler__L_BLOOD', 'num_log1p_standard_scaler__K_BLOOD', 'num_standard_scaler__AGE', 'num_standard_scaler__S_AD_ORIT', 'num_standard_scaler__D_AD_ORIT', 'cat_ordinal__TIME_B_S', 'cat_ordinal__ant_im', 'cat_binary__nr_11', 'cat_binary__K_SH_POST', 'cat_binary__n_r_ecg_p_06', 'cat_binary__n_r_ecg_p_10', 'cat_binary__n_p_ecg_p_03', 'cat_binary__n_p_ecg_p_07', 'cat_binary__fibr_ter_05', 'cat_binary__ASP_S_n']"
csl_fp1_fn10__mec_fp1_fn10,6,3,Exponential,generalization,25,0,132,0,0.1592356687898089,0.1592356687898089,1.0,0.27472527472527475,0.0,1.0,0.5,0.0,0.0,0.0,0.7336363636363636,0.3697362109194083,0.8407643312101911,0.18289971351623535,157,"['num_log1p_standard_scaler__L_BLOOD', 'num_standard_scaler__AGE', 'num_standard_scaler__S_AD_ORIT', 'num_standard_scaler__D_AD_ORIT', 'cat_nominal__IBS_POST_2.0', 'cat_ordinal__TIME_B_S', 'cat_binary__nr_01', 'cat_binary__endocr_01', 'cat_binary__endocr_02', 'cat_binary__zab_leg_01', 'cat_binary__K_SH_POST', 'cat_binary__IM_PG_P', 'cat_binary__ritm_ecg_p_01', 'cat_binary__ritm_ecg_p_06', 'cat_binary__n_r_ecg_p_03', 'cat_binary__n_r_ecg_p_05', 'cat_binary__n_r_ecg_p_09', 'cat_binary__n_p_ecg_p_10', 'cat_binary__n_p_ecg_p_12', 'cat_binary__NITR_S']"
csl_fp1_fn10__mec_fp1_fn10,6,4,Exponential,generalization,25,0,132,0,0.1592356687898089,0.1592356687898089,1.0,0.27472527472527475,0.0,1.0,0.5,0.0,0.0,0.0,0.8618181818181818,0.5975773418141105,0.8407643312101911,0.20992064476013184,157,"['num_log1p_standard_scaler__L_BLOOD', 'num_log1p_standard_scaler__ALT_BLOOD', 'num_log1p_standard_scaler__AST_BLOOD', 'num_log1p_standard_scaler__ROE', 'num_log1p_standard_scaler__K_BLOOD', 'num_standard_scaler__AGE', 'num_standard_scaler__S_AD_ORIT', 'num_standard_scaler__D_AD_ORIT', 'cat_nominal__IBS_POST_0.0', 'cat_nominal__IBS_POST_1.0', 'cat_nominal__IBS_POST_2.0', 'cat_ordinal__INF_ANAM', 'cat_ordinal__STENOK_AN', 'cat_ordinal__GB', 'cat_ordinal__DLIT_AG', 'cat_ordinal__TIME_B_S', 'cat_ordinal__ant_im', 'cat_ordinal__lat_im', 'cat_ordinal__inf_im', 'cat_ordinal__post_im', 'cat_partial_ordinal__HF_right_line', 'cat_partial_ordinal__HF_left_line', 'cat_binary__SIM_GIPERT', 'cat_binary__nr_01', 'cat_binary__nr_02', 'cat_binary__nr_03', 'cat_binary__nr_08', 'cat_binary__np_01', 'cat_binary__np_04', 'cat_binary__np_07', 'cat_binary__np_08', 'cat_binary__np_09', 'cat_binary__endocr_01', 'cat_binary__endocr_02', 'cat_binary__endocr_03', 'cat_binary__zab_leg_01', 'cat_binary__zab_leg_02', 'cat_binary__zab_leg_04', 'cat_binary__zab_leg_06', 'cat_binary__K_SH_POST', 'cat_binary__MP_TP_POST', 'cat_binary__SVT_POST', 'cat_binary__IM_PG_P', 'cat_binary__ritm_ecg_p_01', 'cat_binary__ritm_ecg_p_04', 'cat_binary__ritm_ecg_p_06', 'cat_binary__ritm_ecg_p_07', 'cat_binary__ritm_ecg_p_08', 'cat_binary__n_r_ecg_p_01', 'cat_binary__n_r_ecg_p_02', 'cat_binary__n_r_ecg_p_03', 'cat_binary__n_r_ecg_p_04', 'cat_binary__n_r_ecg_p_05', 'cat_binary__n_r_ecg_p_06', 'cat_binary__n_r_ecg_p_08', 'cat_binary__n_r_ecg_p_09', 'cat_binary__n_r_ecg_p_10', 'cat_binary__n_p_ecg_p_01', 'cat_binary__n_p_ecg_p_03', 'cat_binary__n_p_ecg_p_04', 'cat_binary__n_p_ecg_p_05', 'cat_binary__n_p_ecg_p_06', 'cat_binary__n_p_ecg_p_07', 'cat_binary__n_p_ecg_p_08', 'cat_binary__n_p_ecg_p_09', 'cat_binary__n_p_ecg_p_10', 'cat_binary__n_p_ecg_p_11', 'cat_binary__n_p_ecg_p_12', 'cat_binary__fibr_ter_01', 'cat_binary__fibr_ter_02', 'cat_binary__fibr_ter_03', 'cat_binary__fibr_ter_05', 'cat_binary__fibr_ter_06', 'cat_binary__fibr_ter_07', 'cat_binary__fibr_ter_08', 'cat_binary__GIPO_K', 'cat_binary__GIPER_NA', 'cat_binary__NITR_S', 'cat_binary__LID_S_n', 'cat_binary__B_BLOK_S_n', 'cat_binary__ANT_CA_S_n', 'cat_binary__GEPAR_S_n', 'cat_binary__ASP_S_n', 'cat_binary__TIKL_S_n', 'cat_binary__TRENT_S_n']"
csl_fp1_fn10__mec_fp1_fn10,6,5,Exponential,generalization,25,0,132,0,0.1592356687898089,0.1592356687898089,1.0,0.27472527472527475,0.0,1.0,0.5,0.0,0.0,0.0,0.8278787878787879,0.5211909786652318,0.8407643312101911,0.40762758255004883,157,"['num_log1p_standard_scaler__L_BLOOD', 'num_log1p_standard_scaler__ROE', 'num_log1p_standard_scaler__K_BLOOD', 'num_standard_scaler__AGE', 'num_standard_scaler__S_AD_ORIT', 'num_standard_scaler__D_AD_ORIT', 'num_standard_scaler__NA_BLOOD', 'cat_nominal__IBS_POST_1.0', 'cat_nominal__IBS_POST_2.0', 'cat_ordinal__STENOK_AN', 'cat_ordinal__FK_STENOK', 'cat_ordinal__GB', 'cat_ordinal__TIME_B_S', 'cat_ordinal__lat_im', 'cat_ordinal__inf_im', 'cat_partial_ordinal__HF_right_line', 'cat_partial_ordinal__HF_left_line', 'cat_binary__SIM_GIPERT', 'cat_binary__nr_03', 'cat_binary__nr_07', 'cat_binary__np_01', 'cat_binary__np_08', 'cat_binary__np_10', 'cat_binary__endocr_03', 'cat_binary__zab_leg_01', 'cat_binary__zab_leg_02', 'cat_binary__zab_leg_03', 'cat_binary__zab_leg_04', 'cat_binary__zab_leg_06', 'cat_binary__K_SH_POST', 'cat_binary__MP_TP_POST', 'cat_binary__GT_POST', 'cat_binary__IM_PG_P', 'cat_binary__ritm_ecg_p_01', 'cat_binary__ritm_ecg_p_02', 'cat_binary__ritm_ecg_p_06', 'cat_binary__ritm_ecg_p_07', 'cat_binary__ritm_ecg_p_08', 'cat_binary__n_r_ecg_p_01', 'cat_binary__n_r_ecg_p_02', 'cat_binary__n_r_ecg_p_03', 'cat_binary__n_r_ecg_p_04', 'cat_binary__n_r_ecg_p_05', 'cat_binary__n_r_ecg_p_06', 'cat_binary__n_r_ecg_p_08', 'cat_binary__n_r_ecg_p_09', 'cat_binary__n_r_ecg_p_10', 'cat_binary__n_p_ecg_p_01', 'cat_binary__n_p_ecg_p_03', 'cat_binary__n_p_ecg_p_04', 'cat_binary__n_p_ecg_p_05', 'cat_binary__n_p_ecg_p_06', 'cat_binary__n_p_ecg_p_07', 'cat_binary__n_p_ecg_p_08', 'cat_binary__n_p_ecg_p_09', 'cat_binary__n_p_ecg_p_10', 'cat_binary__n_p_ecg_p_11', 'cat_binary__n_p_ecg_p_12', 'cat_binary__fibr_ter_01', 'cat_binary__fibr_ter_02', 'cat_binary__fibr_ter_03', 'cat_binary__fibr_ter_05', 'cat_binary__fibr_ter_06', 'cat_binary__fibr_ter_07', 'cat_binary__fibr_ter_08', 'cat_binary__GIPO_K', 'cat_binary__GIPER_NA', 'cat_binary__NITR_S', 'cat_binary__LID_S_n', 'cat_binary__B_BLOK_S_n', 'cat_binary__ANT_CA_S_n', 'cat_binary__GEPAR_S_n', 'cat_binary__ASP_S_n', 'cat_binary__TIKL_S_n', 'cat_binary__TRENT_S_n']"
csl_fp1_fn10__mec_fp1_fn10,6,6,Exponential,generalization,25,0,132,0,0.1592356687898089,0.1592356687898089,1.0,0.27472527472527475,0.0,1.0,0.5,0.0,0.0,0.0,0.8221212121212121,0.48995485534494354,0.8407643312101911,0.21749663352966309,157,"['num_log1p_standard_scaler__L_BLOOD', 'num_log1p_standard_scaler__ALT_BLOOD', 'num_log1p_standard_scaler__ROE', 'num_log1p_standard_scaler__K_BLOOD', 'num_standard_scaler__AGE', 'num_standard_scaler__S_AD_ORIT', 'num_standard_scaler__D_AD_ORIT', 'num_standard_scaler__NA_BLOOD', 'cat_nominal__IBS_POST_0.0', 'cat_nominal__IBS_POST_1.0', 'cat_nominal__IBS_POST_2.0', 'cat_ordinal__STENOK_AN', 'cat_ordinal__FK_STENOK', 'cat_ordinal__DLIT_AG', 'cat_ordinal__TIME_B_S', 'cat_ordinal__ant_im', 'cat_ordinal__lat_im', 'cat_ordinal__inf_im', 'cat_partial_ordinal__HF_right_line', 'cat_partial_ordinal__HF_left_line', 'cat_binary__nr_01', 'cat_binary__np_10', 'cat_binary__endocr_01', 'cat_binary__endocr_02', 'cat_binary__endocr_03', 'cat_binary__zab_leg_01', 'cat_binary__zab_leg_02', 'cat_binary__O_L_POST', 'cat_binary__K_SH_POST', 'cat_binary__MP_TP_POST', 'cat_binary__GT_POST', 'cat_binary__IM_PG_P', 'cat_binary__ritm_ecg_p_01', 'cat_binary__ritm_ecg_p_02', 'cat_binary__ritm_ecg_p_04', 'cat_binary__ritm_ecg_p_06', 'cat_binary__ritm_ecg_p_07', 'cat_binary__ritm_ecg_p_08', 'cat_binary__n_r_ecg_p_01', 'cat_binary__n_r_ecg_p_02', 'cat_binary__n_r_ecg_p_03', 'cat_binary__n_r_ecg_p_04', 'cat_binary__n_r_ecg_p_05', 'cat_binary__n_r_ecg_p_06', 'cat_binary__n_r_ecg_p_08', 'cat_binary__n_r_ecg_p_09', 'cat_binary__n_r_ecg_p_10', 'cat_binary__n_p_ecg_p_01', 'cat_binary__n_p_ecg_p_03', 'cat_binary__n_p_ecg_p_04', 'cat_binary__n_p_ecg_p_05', 'cat_binary__n_p_ecg_p_06', 'cat_binary__n_p_ecg_p_07', 'cat_binary__n_p_ecg_p_08', 'cat_binary__n_p_ecg_p_09', 'cat_binary__n_p_ecg_p_10', 'cat_binary__n_p_ecg_p_11', 'cat_binary__n_p_ecg_p_12', 'cat_binary__fibr_ter_01', 'cat_binary__fibr_ter_02', 'cat_binary__fibr_ter_03', 'cat_binary__fibr_ter_05', 'cat_binary__fibr_ter_06', 'cat_binary__fibr_ter_07', 'cat_binary__fibr_ter_08', 'cat_binary__GIPO_K', 'cat_binary__GIPER_NA', 'cat_binary__NITR_S', 'cat_binary__LID_S_n', 'cat_binary__B_BLOK_S_n', 'cat_binary__ANT_CA_S_n', 'cat_binary__GEPAR_S_n', 'cat_binary__ASP_S_n', 'cat_binary__TIKL_S_n', 'cat_binary__TRENT_S_n']"
csl_fp1_fn10__mec_fp1_fn10,6,7,Exponential,generalization,25,0,132,0,0.1592356687898089,0.1592356687898089,1.0,0.27472527472527475,0.0,1.0,0.5,0.0,0.0,0.0,0.7857575757575757,0.4772881591313977,0.8407643312101911,0.23226284980773926,157,"['num_log1p_standard_scaler__L_BLOOD', 'num_standard_scaler__AGE', 'num_standard_scaler__S_AD_ORIT', 'num_standard_scaler__D_AD_ORIT', 'cat_ordinal__TIME_B_S', 'cat_ordinal__ant_im', 'cat_partial_ordinal__HF_right_line', 'cat_binary__SEX', 'cat_binary__np_07', 'cat_binary__K_SH_POST', 'cat_binary__ritm_ecg_p_01', 'cat_binary__n_p_ecg_p_01', 'cat_binary__n_p_ecg_p_11', 'cat_binary__n_p_ecg_p_12', 'cat_binary__NITR_S']"
csl_fp1_fn10__mec_fp1_fn10,6,8,Exponential,generalization,25,0,132,0,0.1592356687898089,0.1592356687898089,1.0,0.27472527472527475,0.0,1.0,0.5,0.0,0.0,0.0,0.8554545454545454,0.644782844234615,0.8407643312101911,0.1314992904663086,157,"['num_log1p_standard_scaler__L_BLOOD', 'num_log1p_standard_scaler__AST_BLOOD', 'num_log1p_standard_scaler__ROE', 'num_log1p_standard_scaler__K_BLOOD', 'num_standard_scaler__AGE', 'num_standard_scaler__S_AD_ORIT', 'num_standard_scaler__D_AD_ORIT', 'cat_nominal__IBS_POST_0.0', 'cat_nominal__IBS_POST_1.0', 'cat_ordinal__INF_ANAM', 'cat_ordinal__STENOK_AN', 'cat_ordinal__FK_STENOK', 'cat_ordinal__GB', 'cat_ordinal__DLIT_AG', 'cat_ordinal__TIME_B_S', 'cat_ordinal__ant_im', 'cat_ordinal__lat_im', 'cat_ordinal__inf_im', 'cat_partial_ordinal__HF_right_line', 'cat_partial_ordinal__HF_left_line', 'cat_binary__SEX', 'cat_binary__SIM_GIPERT', 'cat_binary__nr_02', 'cat_binary__nr_04', 'cat_binary__nr_07', 'cat_binary__nr_08', 'cat_binary__np_01', 'cat_binary__np_05', 'cat_binary__np_07', 'cat_binary__np_08', 'cat_binary__np_09', 'cat_binary__np_10', 'cat_binary__endocr_01', 'cat_binary__endocr_02', 'cat_binary__endocr_03', 'cat_binary__zab_leg_01', 'cat_binary__zab_leg_02', 'cat_binary__zab_leg_03', 'cat_binary__zab_leg_04', 'cat_binary__zab_leg_06', 'cat_binary__O_L_POST', 'cat_binary__K_SH_POST', 'cat_binary__MP_TP_POST', 'cat_binary__SVT_POST', 'cat_binary__GT_POST', 'cat_binary__FIB_G_POST', 'cat_binary__IM_PG_P', 'cat_binary__ritm_ecg_p_01', 'cat_binary__ritm_ecg_p_02', 'cat_binary__ritm_ecg_p_04', 'cat_binary__ritm_ecg_p_06', 'cat_binary__ritm_ecg_p_07', 'cat_binary__ritm_ecg_p_08', 'cat_binary__n_r_ecg_p_01', 'cat_binary__n_r_ecg_p_02', 'cat_binary__n_r_ecg_p_03', 'cat_binary__n_r_ecg_p_04', 'cat_binary__n_r_ecg_p_05', 'cat_binary__n_r_ecg_p_06', 'cat_binary__n_r_ecg_p_08', 'cat_binary__n_r_ecg_p_09', 'cat_binary__n_r_ecg_p_10', 'cat_binary__n_p_ecg_p_01', 'cat_binary__n_p_ecg_p_03', 'cat_binary__n_p_ecg_p_04', 'cat_binary__n_p_ecg_p_05', 'cat_binary__n_p_ecg_p_06', 'cat_binary__n_p_ecg_p_07', 'cat_binary__n_p_ecg_p_08', 'cat_binary__n_p_ecg_p_09', 'cat_binary__n_p_ecg_p_10', 'cat_binary__n_p_ecg_p_11', 'cat_binary__n_p_ecg_p_12', 'cat_binary__fibr_ter_01', 'cat_binary__fibr_ter_02', 'cat_binary__fibr_ter_03', 'cat_binary__fibr_ter_05', 'cat_binary__fibr_ter_06', 'cat_binary__fibr_ter_07', 'cat_binary__fibr_ter_08', 'cat_binary__GIPO_K', 'cat_binary__GIPER_NA', 'cat_binary__NITR_S', 'cat_binary__LID_S_n', 'cat_binary__B_BLOK_S_n', 'cat_binary__ANT_CA_S_n', 'cat_binary__GEPAR_S_n', 'cat_binary__ASP_S_n', 'cat_binary__TIKL_S_n', 'cat_binary__TRENT_S_n']"
csl_fp1_fn10__mec_fp1_fn10,6,9,Exponential,generalization,25,0,132,0,0.1592356687898089,0.1592356687898089,1.0,0.27472527472527475,0.0,1.0,0.5,0.0,0.0,0.0,0.7743939393939394,0.4468257675214713,0.8407643312101911,0.3325471878051758,157,"['num_log1p_standard_scaler__L_BLOOD', 'num_log1p_standard_scaler__ROE', 'num_standard_scaler__S_AD_ORIT', 'num_standard_scaler__D_AD_ORIT', 'cat_nominal__IBS_POST_2.0', 'cat_ordinal__INF_ANAM', 'cat_ordinal__GB', 'cat_partial_ordinal__HF_right_line', 'cat_binary__np_09', 'cat_binary__O_L_POST', 'cat_binary__K_SH_POST', 'cat_binary__ritm_ecg_p_04', 'cat_binary__n_r_ecg_p_05', 'cat_binary__n_p_ecg_p_12', 'cat_binary__ASP_S_n']"
csl_fp1_fn10__mec_fp1_fn10,6,10,Exponential,generalization,25,0,132,0,0.1592356687898089,0.1592356687898089,1.0,0.27472527472527475,0.0,1.0,0.5,0.0,0.0,0.0,0.8454545454545456,0.5859638946944558,0.8407643312101911,0.2747621536254883,157,"['num_log1p_standard_scaler__L_BLOOD', 'num_log1p_standard_scaler__ROE', 'num_standard_scaler__AGE', 'num_standard_scaler__S_AD_ORIT', 'num_standard_scaler__D_AD_ORIT', 'num_standard_scaler__NA_BLOOD', 'cat_nominal__IBS_POST_0.0', 'cat_nominal__IBS_POST_1.0', 'cat_nominal__IBS_POST_2.0', 'cat_ordinal__STENOK_AN', 'cat_ordinal__FK_STENOK', 'cat_ordinal__DLIT_AG', 'cat_ordinal__TIME_B_S', 'cat_ordinal__ant_im', 'cat_ordinal__lat_im', 'cat_ordinal__inf_im', 'cat_partial_ordinal__HF_right_line', 'cat_partial_ordinal__HF_left_line', 'cat_binary__SIM_GIPERT', 'cat_binary__nr_11', 'cat_binary__nr_01', 'cat_binary__nr_03', 'cat_binary__nr_07', 'cat_binary__np_04', 'cat_binary__endocr_03', 'cat_binary__zab_leg_01', 'cat_binary__zab_leg_03', 'cat_binary__zab_leg_06', 'cat_binary__O_L_POST', 'cat_binary__K_SH_POST', 'cat_binary__GT_POST', 'cat_binary__IM_PG_P', 'cat_binary__ritm_ecg_p_01', 'cat_binary__ritm_ecg_p_04', 'cat_binary__ritm_ecg_p_06', 'cat_binary__ritm_ecg_p_07', 'cat_binary__ritm_ecg_p_08', 'cat_binary__n_r_ecg_p_04', 'cat_binary__n_r_ecg_p_05', 'cat_binary__n_r_ecg_p_06', 'cat_binary__n_r_ecg_p_09', 'cat_binary__n_p_ecg_p_08', 'cat_binary__n_p_ecg_p_09', 'cat_binary__n_p_ecg_p_12', 'cat_binary__fibr_ter_03', 'cat_binary__fibr_ter_06', 'cat_binary__GIPO_K', 'cat_binary__NITR_S', 'cat_binary__LID_S_n', 'cat_binary__B_BLOK_S_n', 'cat_binary__ANT_CA_S_n', 'cat_binary__GEPAR_S_n', 'cat_binary__ASP_S_n', 'cat_binary__TIKL_S_n', 'cat_binary__TRENT_S_n']"
csl_fp1_fn10__mec_fp1_fn10,7,1,Exponential,generalization,25,0,133,0,0.15822784810126583,0.15822784810126583,1.0,0.273224043715847,0.0,1.0,0.5,0.0,0.0,0.0,0.778045112781955,0.3948532767738621,0.8417721518987342,0.2029247283935547,158,"['num_log1p_standard_scaler__L_BLOOD', 'num_log1p_standard_scaler__AST_BLOOD', 'num_log1p_standard_scaler__ROE', 'num_log1p_standard_scaler__K_BLOOD', 'num_standard_scaler__AGE', 'num_standard_scaler__S_AD_ORIT', 'num_standard_scaler__D_AD_ORIT', 'num_standard_scaler__NA_BLOOD', 'cat_nominal__IBS_POST_0.0', 'cat_nominal__IBS_POST_2.0', 'cat_ordinal__INF_ANAM', 'cat_ordinal__FK_STENOK', 'cat_ordinal__DLIT_AG', 'cat_ordinal__TIME_B_S', 'cat_ordinal__ant_im', 'cat_ordinal__lat_im', 'cat_ordinal__inf_im', 'cat_partial_ordinal__HF_right_line', 'cat_partial_ordinal__HF_left_line', 'cat_binary__SEX', 'cat_binary__nr_01', 'cat_binary__nr_03', 'cat_binary__nr_08', 'cat_binary__np_01', 'cat_binary__np_04', 'cat_binary__np_05', 'cat_binary__np_07', 'cat_binary__np_08', 'cat_binary__np_09', 'cat_binary__endocr_02', 'cat_binary__zab_leg_01', 'cat_binary__zab_leg_03', 'cat_binary__zab_leg_06', 'cat_binary__K_SH_POST', 'cat_binary__SVT_POST', 'cat_binary__IM_PG_P', 'cat_binary__ritm_ecg_p_01', 'cat_binary__ritm_ecg_p_02', 'cat_binary__ritm_ecg_p_04', 'cat_binary__ritm_ecg_p_06', 'cat_binary__ritm_ecg_p_08', 'cat_binary__n_r_ecg_p_01', 'cat_binary__n_r_ecg_p_04', 'cat_binary__n_r_ecg_p_06', 'cat_binary__n_r_ecg_p_10', 'cat_binary__n_p_ecg_p_03', 'cat_binary__n_p_ecg_p_06', 'cat_binary__n_p_ecg_p_07', 'cat_binary__n_p_ecg_p_08', 'cat_binary__n_p_ecg_p_09', 'cat_binary__n_p_ecg_p_10', 'cat_binary__n_p_ecg_p_11', 'cat_binary__n_p_ecg_p_12', 'cat_binary__fibr_ter_01', 'cat_binary__fibr_ter_02', 'cat_binary__fibr_ter_03', 'cat_binary__fibr_ter_05', 'cat_binary__fibr_ter_06', 'cat_binary__fibr_ter_07', 'cat_binary__fibr_ter_08', 'cat_binary__GIPO_K', 'cat_binary__GIPER_NA', 'cat_binary__NITR_S', 'cat_binary__LID_S_n', 'cat_binary__B_BLOK_S_n', 'cat_binary__ANT_CA_S_n', 'cat_binary__GEPAR_S_n', 'cat_binary__ASP_S_n', 'cat_binary__TIKL_S_n', 'cat_binary__TRENT_S_n']"
csl_fp1_fn10__mec_fp1_fn10,7,2,Exponential,generalization,26,0,132,0,0.16455696202531644,0.16455696202531644,1.0,0.2826086956521739,0.0,1.0,0.5,0.0,0.0,0.0,0.8464452214452214,0.5250424715890696,0.8354430379746836,0.39523863792419434,158,"['num_log1p_standard_scaler__L_BLOOD', 'num_log1p_standard_scaler__AST_BLOOD', 'num_log1p_standard_scaler__ROE', 'num_log1p_standard_scaler__K_BLOOD', 'num_standard_scaler__AGE', 'num_standard_scaler__S_AD_ORIT', 'num_standard_scaler__D_AD_ORIT', 'num_standard_scaler__NA_BLOOD', 'cat_nominal__IBS_POST_0.0', 'cat_nominal__IBS_POST_2.0', 'cat_ordinal__INF_ANAM', 'cat_ordinal__FK_STENOK', 'cat_ordinal__GB', 'cat_ordinal__TIME_B_S', 'cat_ordinal__ant_im', 'cat_ordinal__inf_im', 'cat_partial_ordinal__HF_right_line', 'cat_partial_ordinal__HF_left_line', 'cat_binary__SIM_GIPERT', 'cat_binary__nr_11', 'cat_binary__nr_02', 'cat_binary__nr_08', 'cat_binary__np_01', 'cat_binary__np_04', 'cat_binary__np_05', 'cat_binary__np_07', 'cat_binary__np_08', 'cat_binary__endocr_01', 'cat_binary__zab_leg_01', 'cat_binary__zab_leg_02', 'cat_binary__zab_leg_03', 'cat_binary__O_L_POST', 'cat_binary__K_SH_POST', 'cat_binary__MP_TP_POST', 'cat_binary__SVT_POST', 'cat_binary__GT_POST', 'cat_binary__FIB_G_POST', 'cat_binary__IM_PG_P', 'cat_binary__ritm_ecg_p_01', 'cat_binary__ritm_ecg_p_06', 'cat_binary__ritm_ecg_p_07', 'cat_binary__ritm_ecg_p_08', 'cat_binary__n_r_ecg_p_02', 'cat_binary__n_r_ecg_p_08', 'cat_binary__n_r_ecg_p_09', 'cat_binary__n_r_ecg_p_10', 'cat_binary__n_p_ecg_p_05', 'cat_binary__n_p_ecg_p_06', 'cat_binary__n_p_ecg_p_08', 'cat_binary__n_p_ecg_p_10', 'cat_binary__n_p_ecg_p_11', 'cat_binary__n_p_ecg_p_12', 'cat_binary__fibr_ter_01', 'cat_binary__fibr_ter_03', 'cat_binary__fibr_ter_05', 'cat_binary__fibr_ter_06', 'cat_binary__fibr_ter_07', 'cat_binary__NITR_S', 'cat_binary__LID_S_n', 'cat_binary__B_BLOK_S_n', 'cat_binary__ANT_CA_S_n', 'cat_binary__GEPAR_S_n', 'cat_binary__ASP_S_n', 'cat_binary__TIKL_S_n', 'cat_binary__TRENT_S_n']"
csl_fp1_fn10__mec_fp1_fn10,7,3,Exponential,generalization,25,0,132,0,0.1592356687898089,0.1592356687898089,1.0,0.27472527472527475,0.0,1.0,0.5,0.0,0.0,0.0,0.7696969696969698,0.5064294751986258,0.8407643312101911,0.30518603324890137,157,"['num_log1p_standard_scaler__L_BLOOD', 'num_log1p_standard_scaler__AST_BLOOD', 'num_log1p_standard_scaler__ROE', 'num_standard_scaler__AGE', 'num_standard_scaler__S_AD_ORIT', 'num_standard_scaler__D_AD_ORIT', 'num_standard_scaler__NA_BLOOD', 'cat_nominal__IBS_POST_2.0', 'cat_ordinal__STENOK_AN', 'cat_ordinal__FK_STENOK', 'cat_ordinal__GB', 'cat_ordinal__DLIT_AG', 'cat_ordinal__TIME_B_S', 'cat_ordinal__ant_im', 'cat_ordinal__inf_im', 'cat_partial_ordinal__HF_left_line', 'cat_binary__SEX', 'cat_binary__SIM_GIPERT', 'cat_binary__nr_11', 'cat_binary__nr_01', 'cat_binary__nr_07', 'cat_binary__np_01', 'cat_binary__np_04', 'cat_binary__np_05', 'cat_binary__np_07', 'cat_binary__endocr_01', 'cat_binary__endocr_03', 'cat_binary__zab_leg_02', 'cat_binary__O_L_POST', 'cat_binary__K_SH_POST', 'cat_binary__FIB_G_POST', 'cat_binary__IM_PG_P', 'cat_binary__ritm_ecg_p_01', 'cat_binary__ritm_ecg_p_02', 'cat_binary__ritm_ecg_p_04', 'cat_binary__ritm_ecg_p_06', 'cat_binary__ritm_ecg_p_07', 'cat_binary__ritm_ecg_p_08', 'cat_binary__n_r_ecg_p_01', 'cat_binary__n_r_ecg_p_02', 'cat_binary__n_r_ecg_p_03', 'cat_binary__n_r_ecg_p_04', 'cat_binary__n_r_ecg_p_05', 'cat_binary__n_r_ecg_p_06', 'cat_binary__n_r_ecg_p_08', 'cat_binary__n_r_ecg_p_09', 'cat_binary__n_r_ecg_p_10', 'cat_binary__n_p_ecg_p_01', 'cat_binary__n_p_ecg_p_03', 'cat_binary__n_p_ecg_p_04', 'cat_binary__n_p_ecg_p_05', 'cat_binary__n_p_ecg_p_06', 'cat_binary__n_p_ecg_p_07', 'cat_binary__n_p_ecg_p_08', 'cat_binary__n_p_ecg_p_09', 'cat_binary__n_p_ecg_p_10', 'cat_binary__n_p_ecg_p_11', 'cat_binary__n_p_ecg_p_12', 'cat_binary__fibr_ter_01', 'cat_binary__fibr_ter_02', 'cat_binary__fibr_ter_03', 'cat_binary__fibr_ter_05', 'cat_binary__fibr_ter_06', 'cat_binary__fibr_ter_07', 'cat_binary__fibr_ter_08', 'cat_binary__GIPO_K', 'cat_binary__GIPER_NA', 'cat_binary__NITR_S', 'cat_binary__LID_S_n', 'cat_binary__B_BLOK_S_n', 'cat_binary__ANT_CA_S_n', 'cat_binary__GEPAR_S_n', 'cat_binary__ASP_S_n', 'cat_binary__TIKL_S_n', 'cat_binary__TRENT_S_n']"
csl_fp1_fn10__mec_fp1_fn10,7,4,Exponential,generalization,25,0,132,0,0.1592356687898089,0.1592356687898089,1.0,0.27472527472527475,0.0,1.0,0.5,0.0,0.0,0.0,0.8218181818181818,0.528817785614473,0.8407643312101911,0.18393659591674805,157,"['num_log1p_standard_scaler__L_BLOOD', 'num_log1p_standard_scaler__K_BLOOD', 'num_standard_scaler__AGE', 'num_standard_scaler__S_AD_ORIT', 'num_standard_scaler__D_AD_ORIT', 'cat_nominal__IBS_POST_0.0', 'cat_nominal__IBS_POST_2.0', 'cat_ordinal__INF_ANAM', 'cat_ordinal__STENOK_AN', 'cat_ordinal__FK_STENOK', 'cat_ordinal__TIME_B_S', 'cat_ordinal__ant_im', 'cat_ordinal__lat_im', 'cat_partial_ordinal__HF_right_line', 'cat_binary__SEX', 'cat_binary__SIM_GIPERT', 'cat_binary__nr_01', 'cat_binary__nr_04', 'cat_binary__nr_08', 'cat_binary__np_05', 'cat_binary__np_08', 'cat_binary__np_10', 'cat_binary__endocr_01', 'cat_binary__endocr_02', 'cat_binary__zab_leg_01', 'cat_binary__zab_leg_02', 'cat_binary__zab_leg_04', 'cat_binary__zab_leg_06', 'cat_binary__K_SH_POST', 'cat_binary__FIB_G_POST', 'cat_binary__ritm_ecg_p_01', 'cat_binary__ritm_ecg_p_06', 'cat_binary__n_r_ecg_p_03', 'cat_binary__n_r_ecg_p_04', 'cat_binary__n_r_ecg_p_06', 'cat_binary__n_r_ecg_p_08', 'cat_binary__n_r_ecg_p_09', 'cat_binary__n_p_ecg_p_03', 'cat_binary__n_p_ecg_p_06', 'cat_binary__n_p_ecg_p_07', 'cat_binary__n_p_ecg_p_12', 'cat_binary__fibr_ter_03', 'cat_binary__fibr_ter_05', 'cat_binary__fibr_ter_06', 'cat_binary__fibr_ter_08', 'cat_binary__GIPO_K', 'cat_binary__GIPER_NA', 'cat_binary__NITR_S', 'cat_binary__LID_S_n', 'cat_binary__B_BLOK_S_n', 'cat_binary__ANT_CA_S_n', 'cat_binary__GEPAR_S_n', 'cat_binary__ASP_S_n', 'cat_binary__TIKL_S_n', 'cat_binary__TRENT_S_n']"
csl_fp1_fn10__mec_fp1_fn10,7,5,Exponential,generalization,25,0,132,0,0.1592356687898089,0.1592356687898089,1.0,0.27472527472527475,0.0,1.0,0.5,0.0,0.0,0.0,0.8857575757575757,0.7084539830849953,0.8407643312101911,0.22228050231933594,157,"['num_log1p_standard_scaler__L_BLOOD', 'num_log1p_standard_scaler__ROE', 'num_log1p_standard_scaler__K_BLOOD', 'num_standard_scaler__AGE', 'num_standard_scaler__S_AD_ORIT', 'num_standard_scaler__D_AD_ORIT', 'num_standard_scaler__NA_BLOOD', 'cat_nominal__IBS_POST_0.0', 'cat_nominal__IBS_POST_2.0', 'cat_ordinal__STENOK_AN', 'cat_ordinal__FK_STENOK', 'cat_ordinal__TIME_B_S', 'cat_ordinal__ant_im', 'cat_partial_ordinal__HF_right_line', 'cat_partial_ordinal__HF_left_line', 'cat_binary__SIM_GIPERT', 'cat_binary__nr_11', 'cat_binary__nr_04', 'cat_binary__np_01', 'cat_binary__np_04', 'cat_binary__np_05', 'cat_binary__zab_leg_02', 'cat_binary__zab_leg_03', 'cat_binary__zab_leg_04', 'cat_binary__O_L_POST', 'cat_binary__K_SH_POST', 'cat_binary__MP_TP_POST', 'cat_binary__SVT_POST', 'cat_binary__FIB_G_POST', 'cat_binary__IM_PG_P', 'cat_binary__ritm_ecg_p_01', 'cat_binary__ritm_ecg_p_02', 'cat_binary__ritm_ecg_p_07', 'cat_binary__n_r_ecg_p_01', 'cat_binary__n_r_ecg_p_04', 'cat_binary__n_r_ecg_p_06', 'cat_binary__n_r_ecg_p_08', 'cat_binary__n_r_ecg_p_10', 'cat_binary__n_p_ecg_p_04', 'cat_binary__n_p_ecg_p_06', 'cat_binary__n_p_ecg_p_09', 'cat_binary__n_p_ecg_p_10', 'cat_binary__n_p_ecg_p_11', 'cat_binary__n_p_ecg_p_12', 'cat_binary__fibr_ter_01', 'cat_binary__GIPO_K', 'cat_binary__GIPER_NA', 'cat_binary__B_BLOK_S_n', 'cat_binary__ASP_S_n', 'cat_binary__TRENT_S_n']"
csl_fp1_fn10__mec_fp1_fn10,7,6,Exponential,generalization,25,0,132,0,0.1592356687898089,0.1592356687898089,1.0,0.27472527472527475,0.0,1.0,0.5,0.0,0.0,0.0,0.8393939393939395,0.5459353197870129,0.8407643312101911,0.4380455017089844,157,"['num_log1p_standard_scaler__L_BLOOD', 'num_log1p_standard_scaler__ALT_BLOOD', 'num_log1p_standard_scaler__ROE', 'num_log1p_standard_scaler__K_BLOOD', 'num_standard_scaler__AGE', 'num_standard_scaler__S_AD_ORIT', 'num_standard_scaler__D_AD_ORIT', 'num_standard_scaler__NA_BLOOD', 'cat_nominal__IBS_POST_0.0', 'cat_nominal__IBS_POST_2.0', 'cat_ordinal__STENOK_AN', 'cat_ordinal__FK_STENOK', 'cat_ordinal__GB', 'cat_ordinal__DLIT_AG', 'cat_ordinal__TIME_B_S', 'cat_ordinal__ant_im', 'cat_partial_ordinal__HF_right_line', 'cat_partial_ordinal__HF_left_line', 'cat_binary__SEX', 'cat_binary__nr_11', 'cat_binary__nr_03', 'cat_binary__nr_04', 'cat_binary__nr_07', 'cat_binary__nr_08', 'cat_binary__np_04', 'cat_binary__np_08', 'cat_binary__endocr_01', 'cat_binary__endocr_03', 'cat_binary__zab_leg_02', 'cat_binary__O_L_POST', 'cat_binary__K_SH_POST', 'cat_binary__SVT_POST', 'cat_binary__FIB_G_POST', 'cat_binary__IM_PG_P', 'cat_binary__ritm_ecg_p_01', 'cat_binary__ritm_ecg_p_04', 'cat_binary__n_r_ecg_p_03', 'cat_binary__n_r_ecg_p_04', 'cat_binary__n_r_ecg_p_08', 'cat_binary__n_p_ecg_p_04', 'cat_binary__n_p_ecg_p_06', 'cat_binary__n_p_ecg_p_11', 'cat_binary__n_p_ecg_p_12', 'cat_binary__fibr_ter_03', 'cat_binary__fibr_ter_08', 'cat_binary__GIPO_K', 'cat_binary__NITR_S', 'cat_binary__ANT_CA_S_n', 'cat_binary__ASP_S_n', 'cat_binary__TRENT_S_n']"
csl_fp1_fn10__mec_fp1_fn10,7,7,Exponential,generalization,25,0,132,0,0.1592356687898089,0.1592356687898089,1.0,0.27472527472527475,0.0,1.0,0.5,0.0,0.0,0.0,0.7424242424242424,0.4130916705211841,0.8407643312101911,0.3816695213317871,157,"['num_log1p_standard_scaler__ROE', 'num_standard_scaler__AGE', 'num_standard_scaler__S_AD_ORIT', 'num_standard_scaler__D_AD_ORIT', 'num_standard_scaler__NA_BLOOD', 'cat_ordinal__INF_ANAM', 'cat_ordinal__GB', 'cat_ordinal__TIME_B_S', 'cat_ordinal__ant_im', 'cat_ordinal__inf_im', 'cat_binary__nr_03', 'cat_binary__endocr_03', 'cat_binary__zab_leg_02', 'cat_binary__K_SH_POST', 'cat_binary__FIB_G_POST', 'cat_binary__ritm_ecg_p_06', 'cat_binary__ritm_ecg_p_07', 'cat_binary__n_r_ecg_p_03', 'cat_binary__n_p_ecg_p_01', 'cat_binary__n_p_ecg_p_07', 'cat_binary__n_p_ecg_p_12', 'cat_binary__NITR_S', 'cat_binary__LID_S_n', 'cat_binary__ASP_S_n', 'cat_binary__TIKL_S_n']"
csl_fp1_fn10__mec_fp1_fn10,7,8,Exponential,generalization,25,0,132,0,0.1592356687898089,0.1592356687898089,1.0,0.27472527472527475,0.0,1.0,0.5,0.0,0.0,0.0,0.8893939393939394,0.6578033197285018,0.8407643312101911,0.1872997283935547,157,"['num_log1p_standard_scaler__L_BLOOD', 'num_log1p_standard_scaler__ROE', 'num_log1p_standard_scaler__K_BLOOD', 'num_standard_scaler__AGE', 'num_standard_scaler__S_AD_ORIT', 'num_standard_scaler__D_AD_ORIT', 'cat_nominal__IBS_POST_0.0', 'cat_nominal__IBS_POST_2.0', 'cat_ordinal__STENOK_AN', 'cat_ordinal__FK_STENOK', 'cat_ordinal__GB', 'cat_ordinal__TIME_B_S', 'cat_ordinal__ant_im', 'cat_ordinal__post_im', 'cat_partial_ordinal__HF_right_line', 'cat_partial_ordinal__HF_left_line', 'cat_binary__nr_01', 'cat_binary__nr_04', 'cat_binary__nr_07', 'cat_binary__np_05', 'cat_binary__np_09', 'cat_binary__np_10', 'cat_binary__endocr_01', 'cat_binary__endocr_03', 'cat_binary__zab_leg_03', 'cat_binary__zab_leg_04', 'cat_binary__zab_leg_06', 'cat_binary__K_SH_POST', 'cat_binary__IM_PG_P', 'cat_binary__ritm_ecg_p_01', 'cat_binary__ritm_ecg_p_02', 'cat_binary__ritm_ecg_p_04', 'cat_binary__ritm_ecg_p_08', 'cat_binary__n_r_ecg_p_02', 'cat_binary__n_r_ecg_p_04', 'cat_binary__n_r_ecg_p_05', 'cat_binary__n_r_ecg_p_06', 'cat_binary__n_p_ecg_p_04', 'cat_binary__n_p_ecg_p_10', 'cat_binary__n_p_ecg_p_12', 'cat_binary__fibr_ter_05', 'cat_binary__fibr_ter_06', 'cat_binary__fibr_ter_07', 'cat_binary__fibr_ter_08', 'cat_binary__GIPO_K', 'cat_binary__GIPER_NA', 'cat_binary__NITR_S', 'cat_binary__B_BLOK_S_n', 'cat_binary__ANT_CA_S_n', 'cat_binary__TRENT_S_n']"
csl_fp1_fn10__mec_fp1_fn10,7,9,Exponential,generalization,25,0,132,0,0.1592356687898089,0.1592356687898089,1.0,0.27472527472527475,0.0,1.0,0.5,0.0,0.0,0.0,0.8018181818181818,0.5525276050279057,0.8407643312101911,0.21751809120178223,157,"['num_log1p_standard_scaler__L_BLOOD', 'num_log1p_standard_scaler__ROE', 'num_standard_scaler__AGE', 'num_standard_scaler__S_AD_ORIT', 'num_standard_scaler__D_AD_ORIT', 'num_standard_scaler__NA_BLOOD', 'cat_nominal__IBS_POST_0.0', 'cat_nominal__IBS_POST_1.0', 'cat_ordinal__INF_ANAM', 'cat_ordinal__FK_STENOK', 'cat_ordinal__GB', 'cat_ordinal__DLIT_AG', 'cat_ordinal__ant_im', 'cat_partial_ordinal__HF_right_line', 'cat_partial_ordinal__HF_left_line', 'cat_binary__SEX', 'cat_binary__nr_11', 'cat_binary__nr_03', 'cat_binary__nr_04', 'cat_binary__np_10', 'cat_binary__endocr_01', 'cat_binary__endocr_02', 'cat_binary__endocr_03', 'cat_binary__zab_leg_02', 'cat_binary__zab_leg_04', 'cat_binary__zab_leg_06', 'cat_binary__O_L_POST', 'cat_binary__K_SH_POST', 'cat_binary__SVT_POST', 'cat_binary__GT_POST', 'cat_binary__ritm_ecg_p_01', 'cat_binary__ritm_ecg_p_02', 'cat_binary__ritm_ecg_p_06', 'cat_binary__ritm_ecg_p_07', 'cat_binary__ritm_ecg_p_08', 'cat_binary__n_r_ecg_p_01', 'cat_binary__n_r_ecg_p_03', 'cat_binary__n_r_ecg_p_04', 'cat_binary__n_r_ecg_p_05', 'cat_binary__n_r_ecg_p_06', 'cat_binary__n_r_ecg_p_08', 'cat_binary__n_r_ecg_p_10', 'cat_binary__n_p_ecg_p_01', 'cat_binary__n_p_ecg_p_04', 'cat_binary__n_p_ecg_p_07', 'cat_binary__n_p_ecg_p_08', 'cat_binary__n_p_ecg_p_11', 'cat_binary__n_p_ecg_p_12', 'cat_binary__fibr_ter_01', 'cat_binary__fibr_ter_02', 'cat_binary__fibr_ter_03', 'cat_binary__fibr_ter_05', 'cat_binary__fibr_ter_06', 'cat_binary__fibr_ter_07', 'cat_binary__fibr_ter_08', 'cat_binary__GIPO_K', 'cat_binary__GIPER_NA', 'cat_binary__NITR_S', 'cat_binary__LID_S_n', 'cat_binary__B_BLOK_S_n', 'cat_binary__ANT_CA_S_n', 'cat_binary__GEPAR_S_n', 'cat_binary__ASP_S_n', 'cat_binary__TIKL_S_n', 'cat_binary__TRENT_S_n']"
csl_fp1_fn10__mec_fp1_fn10,7,10,Exponential,generalization,25,0,132,0,0.1592356687898089,0.1592356687898089,1.0,0.27472527472527475,0.0,1.0,0.5,0.0,0.0,0.0,0.8875757575757576,0.7193406032104882,0.8407643312101911,0.10074305534362793,157,"['num_log1p_standard_scaler__L_BLOOD', 'num_log1p_standard_scaler__AST_BLOOD', 'num_standard_scaler__AGE', 'num_standard_scaler__S_AD_ORIT', 'num_standard_scaler__D_AD_ORIT', 'num_standard_scaler__NA_BLOOD', 'cat_nominal__IBS_POST_1.0', 'cat_nominal__IBS_POST_2.0', 'cat_ordinal__STENOK_AN', 'cat_ordinal__FK_STENOK', 'cat_ordinal__GB', 'cat_ordinal__TIME_B_S', 'cat_ordinal__ant_im', 'cat_ordinal__inf_im', 'cat_partial_ordinal__HF_right_line', 'cat_partial_ordinal__HF_left_line', 'cat_binary__SIM_GIPERT', 'cat_binary__np_05', 'cat_binary__endocr_01', 'cat_binary__zab_leg_02', 'cat_binary__zab_leg_06', 'cat_binary__O_L_POST', 'cat_binary__K_SH_POST', 'cat_binary__MP_TP_POST', 'cat_binary__GT_POST', 'cat_binary__IM_PG_P', 'cat_binary__ritm_ecg_p_01', 'cat_binary__ritm_ecg_p_02', 'cat_binary__ritm_ecg_p_07', 'cat_binary__n_r_ecg_p_01', 'cat_binary__n_r_ecg_p_04', 'cat_binary__n_r_ecg_p_08', 'cat_binary__n_p_ecg_p_05', 'cat_binary__n_p_ecg_p_08', 'cat_binary__n_p_ecg_p_12', 'cat_binary__fibr_ter_03', 'cat_binary__fibr_ter_06', 'cat_binary__NITR_S', 'cat_binary__ANT_CA_S_n', 'cat_binary__ASP_S_n']"
csl_fp1_fn10__mec_fp1_fn10,8,1,Exponential,generalization,25,0,133,0,0.15822784810126583,0.15822784810126583,1.0,0.273224043715847,0.0,1.0,0.5,0.0,0.0,0.0,0.870375939849624,0.6507168519546123,0.8417721518987342,0.2772648334503174,158,"['num_log1p_standard_scaler__L_BLOOD', 'num_log1p_standard_scaler__ALT_BLOOD', 'num_log1p_standard_scaler__ROE', 'num_standard_scaler__AGE', 'num_standard_scaler__S_AD_ORIT', 'num_standard_scaler__D_AD_ORIT', 'num_standard_scaler__NA_BLOOD', 'cat_nominal__IBS_POST_0.0', 'cat_nominal__IBS_POST_1.0', 'cat_nominal__IBS_POST_2.0', 'cat_ordinal__STENOK_AN', 'cat_ordinal__FK_STENOK', 'cat_ordinal__GB', 'cat_ordinal__DLIT_AG', 'cat_ordinal__TIME_B_S', 'cat_ordinal__ant_im', 'cat_ordinal__lat_im', 'cat_ordinal__inf_im', 'cat_ordinal__post_im', 'cat_partial_ordinal__HF_right_line', 'cat_partial_ordinal__HF_left_line', 'cat_binary__SEX', 'cat_binary__nr_11', 'cat_binary__nr_02', 'cat_binary__nr_03', 'cat_binary__nr_04', 'cat_binary__nr_08', 'cat_binary__np_01', 'cat_binary__np_07', 'cat_binary__np_08', 'cat_binary__np_09', 'cat_binary__np_10', 'cat_binary__endocr_01', 'cat_binary__endocr_02', 'cat_binary__endocr_03', 'cat_binary__zab_leg_01', 'cat_binary__zab_leg_02', 'cat_binary__zab_leg_03', 'cat_binary__zab_leg_04', 'cat_binary__zab_leg_06', 'cat_binary__O_L_POST', 'cat_binary__K_SH_POST', 'cat_binary__MP_TP_POST', 'cat_binary__SVT_POST', 'cat_binary__GT_POST', 'cat_binary__FIB_G_POST', 'cat_binary__IM_PG_P', 'cat_binary__ritm_ecg_p_01', 'cat_binary__ritm_ecg_p_02', 'cat_binary__ritm_ecg_p_04', 'cat_binary__ritm_ecg_p_06', 'cat_binary__ritm_ecg_p_07', 'cat_binary__ritm_ecg_p_08', 'cat_binary__n_r_ecg_p_01', 'cat_binary__n_r_ecg_p_02', 'cat_binary__n_r_ecg_p_03', 'cat_binary__n_r_ecg_p_04', 'cat_binary__n_r_ecg_p_05', 'cat_binary__n_r_ecg_p_06', 'cat_binary__n_r_ecg_p_08', 'cat_binary__n_r_ecg_p_09', 'cat_binary__n_r_ecg_p_10', 'cat_binary__n_p_ecg_p_01', 'cat_binary__n_p_ecg_p_03', 'cat_binary__n_p_ecg_p_04', 'cat_binary__n_p_ecg_p_05', 'cat_binary__n_p_ecg_p_06', 'cat_binary__n_p_ecg_p_07', 'cat_binary__n_p_ecg_p_08', 'cat_binary__n_p_ecg_p_09', 'cat_binary__n_p_ecg_p_10', 'cat_binary__n_p_ecg_p_11', 'cat_binary__n_p_ecg_p_12', 'cat_binary__fibr_ter_01', 'cat_binary__fibr_ter_02', 'cat_binary__fibr_ter_03', 'cat_binary__fibr_ter_05', 'cat_binary__fibr_ter_06', 'cat_binary__fibr_ter_07', 'cat_binary__fibr_ter_08', 'cat_binary__GIPO_K', 'cat_binary__GIPER_NA', 'cat_binary__NITR_S', 'cat_binary__LID_S_n', 'cat_binary__B_BLOK_S_n', 'cat_binary__ANT_CA_S_n', 'cat_binary__GEPAR_S_n', 'cat_binary__ASP_S_n', 'cat_binary__TIKL_S_n', 'cat_binary__TRENT_S_n']"
csl_fp1_fn10__mec_fp1_fn10,8,2,Exponential,generalization,26,0,132,0,0.16455696202531644,0.16455696202531644,1.0,0.2826086956521739,0.0,1.0,0.5,0.0,0.0,0.0,0.8709207459207459,0.578379976931356,0.8354430379746836,0.31032633781433105,158,"['num_log1p_standard_scaler__L_BLOOD', 'num_log1p_standard_scaler__ROE', 'num_log1p_standard_scaler__K_BLOOD', 'num_standard_scaler__AGE', 'num_standard_scaler__S_AD_ORIT', 'num_standard_scaler__D_AD_ORIT', 'num_standard_scaler__NA_BLOOD', 'cat_nominal__IBS_POST_0.0', 'cat_nominal__IBS_POST_1.0', 'cat_nominal__IBS_POST_2.0', 'cat_ordinal__STENOK_AN', 'cat_ordinal__FK_STENOK', 'cat_ordinal__TIME_B_S', 'cat_ordinal__ant_im', 'cat_ordinal__lat_im', 'cat_ordinal__inf_im', 'cat_partial_ordinal__HF_right_line', 'cat_partial_ordinal__HF_left_line', 'cat_binary__SIM_GIPERT', 'cat_binary__nr_03', 'cat_binary__nr_08', 'cat_binary__np_05', 'cat_binary__np_07', 'cat_binary__endocr_01', 'cat_binary__zab_leg_02', 'cat_binary__K_SH_POST', 'cat_binary__MP_TP_POST', 'cat_binary__FIB_G_POST', 'cat_binary__IM_PG_P', 'cat_binary__ritm_ecg_p_01', 'cat_binary__ritm_ecg_p_04', 'cat_binary__ritm_ecg_p_06', 'cat_binary__ritm_ecg_p_07', 'cat_binary__ritm_ecg_p_08', 'cat_binary__n_r_ecg_p_04', 'cat_binary__n_r_ecg_p_05', 'cat_binary__n_r_ecg_p_06', 'cat_binary__n_p_ecg_p_01', 'cat_binary__n_p_ecg_p_03', 'cat_binary__n_p_ecg_p_08', 'cat_binary__n_p_ecg_p_09', 'cat_binary__n_p_ecg_p_11', 'cat_binary__fibr_ter_05', 'cat_binary__GIPO_K', 'cat_binary__NITR_S', 'cat_binary__LID_S_n', 'cat_binary__B_BLOK_S_n', 'cat_binary__ANT_CA_S_n', 'cat_binary__ASP_S_n', 'cat_binary__TRENT_S_n']"
csl_fp1_fn10__mec_fp1_fn10,8,3,Exponential,generalization,25,0,132,0,0.1592356687898089,0.1592356687898089,1.0,0.27472527472527475,0.0,1.0,0.5,0.0,0.0,0.0,0.8063636363636363,0.5477130053918723,0.8407643312101911,0.3754847049713135,157,"['num_log1p_standard_scaler__L_BLOOD', 'num_log1p_standard_scaler__ALT_BLOOD', 'num_log1p_standard_scaler__AST_BLOOD', 'num_log1p_standard_scaler__ROE', 'num_log1p_standard_scaler__K_BLOOD', 'num_standard_scaler__AGE', 'num_standard_scaler__S_AD_ORIT', 'num_standard_scaler__D_AD_ORIT', 'num_standard_scaler__NA_BLOOD', 'cat_nominal__IBS_POST_0.0', 'cat_nominal__IBS_POST_1.0', 'cat_nominal__IBS_POST_2.0', 'cat_ordinal__INF_ANAM', 'cat_ordinal__STENOK_AN', 'cat_ordinal__FK_STENOK', 'cat_ordinal__GB', 'cat_ordinal__DLIT_AG', 'cat_ordinal__TIME_B_S', 'cat_ordinal__ant_im', 'cat_ordinal__lat_im', 'cat_ordinal__inf_im', 'cat_partial_ordinal__HF_right_line', 'cat_partial_ordinal__HF_left_line', 'cat_binary__SEX', 'cat_binary__nr_11', 'cat_binary__nr_01', 'cat_binary__nr_03', 'cat_binary__nr_04', 'cat_binary__nr_07', 'cat_binary__np_01', 'cat_binary__np_05', 'cat_binary__np_07', 'cat_binary__np_09', 'cat_binary__np_10', 'cat_binary__endocr_01', 'cat_binary__endocr_03', 'cat_binary__zab_leg_01', 'cat_binary__zab_leg_02', 'cat_binary__K_SH_POST', 'cat_binary__MP_TP_POST', 'cat_binary__GT_POST', 'cat_binary__IM_PG_P', 'cat_binary__ritm_ecg_p_01', 'cat_binary__ritm_ecg_p_06', 'cat_binary__ritm_ecg_p_07', 'cat_binary__n_r_ecg_p_01', 'cat_binary__n_r_ecg_p_04', 'cat_binary__n_r_ecg_p_05', 'cat_binary__n_r_ecg_p_06', 'cat_binary__n_r_ecg_p_08', 'cat_binary__n_r_ecg_p_09', 'cat_binary__n_r_ecg_p_10', 'cat_binary__n_p_ecg_p_01', 'cat_binary__n_p_ecg_p_03', 'cat_binary__n_p_ecg_p_04', 'cat_binary__n_p_ecg_p_05', 'cat_binary__n_p_ecg_p_06', 'cat_binary__n_p_ecg_p_07', 'cat_binary__n_p_ecg_p_08', 'cat_binary__n_p_ecg_p_09', 'cat_binary__n_p_ecg_p_10', 'cat_binary__n_p_ecg_p_11', 'cat_binary__n_p_ecg_p_12', 'cat_binary__fibr_ter_01', 'cat_binary__fibr_ter_02', 'cat_binary__fibr_ter_03', 'cat_binary__fibr_ter_05', 'cat_binary__fibr_ter_06', 'cat_binary__fibr_ter_07', 'cat_binary__fibr_ter_08', 'cat_binary__GIPO_K', 'cat_binary__GIPER_NA', 'cat_binary__NITR_S', 'cat_binary__LID_S_n', 'cat_binary__B_BLOK_S_n', 'cat_binary__ANT_CA_S_n', 'cat_binary__GEPAR_S_n', 'cat_binary__ASP_S_n', 'cat_binary__TIKL_S_n', 'cat_binary__TRENT_S_n']"
csl_fp1_fn10__mec_fp1_fn10,8,4,Exponential,generalization,25,0,132,0,0.1592356687898089,0.1592356687898089,1.0,0.27472527472527475,0.0,1.0,0.5,0.0,0.0,0.0,0.866060606060606,0.5598881601113453,0.8407643312101911,0.39074015617370605,157,"['num_log1p_standard_scaler__L_BLOOD', 'num_log1p_standard_scaler__ROE', 'num_log1p_standard_scaler__K_BLOOD', 'num_standard_scaler__AGE', 'num_standard_scaler__S_AD_ORIT', 'num_standard_scaler__D_AD_ORIT', 'num_standard_scaler__NA_BLOOD', 'cat_nominal__IBS_POST_0.0', 'cat_nominal__IBS_POST_1.0', 'cat_nominal__IBS_POST_2.0', 'cat_ordinal__INF_ANAM', 'cat_ordinal__STENOK_AN', 'cat_ordinal__FK_STENOK', 'cat_ordinal__GB', 'cat_ordinal__DLIT_AG', 'cat_ordinal__TIME_B_S', 'cat_ordinal__ant_im', 'cat_ordinal__lat_im', 'cat_ordinal__post_im', 'cat_partial_ordinal__HF_right_line', 'cat_partial_ordinal__HF_left_line', 'cat_binary__SEX', 'cat_binary__nr_01', 'cat_binary__nr_02', 'cat_binary__nr_03', 'cat_binary__nr_08', 'cat_binary__np_04', 'cat_binary__np_07', 'cat_binary__np_08', 'cat_binary__np_09', 'cat_binary__zab_leg_02', 'cat_binary__zab_leg_03', 'cat_binary__zab_leg_06', 'cat_binary__K_SH_POST', 'cat_binary__MP_TP_POST', 'cat_binary__GT_POST', 'cat_binary__IM_PG_P', 'cat_binary__ritm_ecg_p_01', 'cat_binary__ritm_ecg_p_02', 'cat_binary__ritm_ecg_p_04', 'cat_binary__ritm_ecg_p_06', 'cat_binary__ritm_ecg_p_07', 'cat_binary__ritm_ecg_p_08', 'cat_binary__n_r_ecg_p_01', 'cat_binary__n_r_ecg_p_02', 'cat_binary__n_r_ecg_p_04', 'cat_binary__n_r_ecg_p_10', 'cat_binary__n_p_ecg_p_03', 'cat_binary__n_p_ecg_p_04', 'cat_binary__n_p_ecg_p_05', 'cat_binary__n_p_ecg_p_06', 'cat_binary__n_p_ecg_p_07', 'cat_binary__n_p_ecg_p_08', 'cat_binary__n_p_ecg_p_09', 'cat_binary__n_p_ecg_p_10', 'cat_binary__n_p_ecg_p_12', 'cat_binary__fibr_ter_01', 'cat_binary__fibr_ter_05', 'cat_binary__fibr_ter_06', 'cat_binary__fibr_ter_08', 'cat_binary__GIPO_K', 'cat_binary__GIPER_NA', 'cat_binary__NITR_S', 'cat_binary__LID_S_n', 'cat_binary__B_BLOK_S_n', 'cat_binary__ANT_CA_S_n', 'cat_binary__GEPAR_S_n', 'cat_binary__ASP_S_n', 'cat_binary__TIKL_S_n', 'cat_binary__TRENT_S_n']"
csl_fp1_fn10__mec_fp1_fn10,8,5,Exponential,generalization,25,0,132,0,0.1592356687898089,0.1592356687898089,1.0,0.27472527472527475,0.0,1.0,0.5,0.0,0.0,0.0,0.7445454545454546,0.5351392540742975,0.8407643312101911,0.11321616172790527,157,"['num_log1p_standard_scaler__L_BLOOD', 'num_log1p_standard_scaler__ALT_BLOOD', 'num_log1p_standard_scaler__AST_BLOOD', 'num_log1p_standard_scaler__ROE', 'num_log1p_standard_scaler__K_BLOOD', 'num_standard_scaler__AGE', 'num_standard_scaler__S_AD_ORIT', 'num_standard_scaler__D_AD_ORIT', 'num_standard_scaler__NA_BLOOD', 'cat_nominal__IBS_POST_0.0', 'cat_nominal__IBS_POST_1.0', 'cat_nominal__IBS_POST_2.0', 'cat_ordinal__INF_ANAM', 'cat_ordinal__STENOK_AN', 'cat_ordinal__FK_STENOK', 'cat_ordinal__GB', 'cat_ordinal__DLIT_AG', 'cat_ordinal__TIME_B_S', 'cat_ordinal__ant_im', 'cat_ordinal__lat_im', 'cat_ordinal__inf_im', 'cat_ordinal__post_im', 'cat_partial_ordinal__HF_right_line', 'cat_partial_ordinal__HF_left_line', 'cat_binary__SEX', 'cat_binary__SIM_GIPERT', 'cat_binary__nr_11', 'cat_binary__nr_01', 'cat_binary__nr_02', 'cat_binary__nr_03', 'cat_binary__nr_04', 'cat_binary__nr_07', 'cat_binary__nr_08', 'cat_binary__np_01', 'cat_binary__np_04', 'cat_binary__np_05', 'cat_binary__np_07', 'cat_binary__np_08', 'cat_binary__np_09', 'cat_binary__np_10', 'cat_binary__endocr_01', 'cat_binary__endocr_02', 'cat_binary__endocr_03', 'cat_binary__zab_leg_01', 'cat_binary__zab_leg_02', 'cat_binary__zab_leg_03', 'cat_binary__zab_leg_04', 'cat_binary__zab_leg_06', 'cat_binary__O_L_POST', 'cat_binary__K_SH_POST', 'cat_binary__MP_TP_POST', 'cat_binary__SVT_POST', 'cat_binary__GT_POST', 'cat_binary__FIB_G_POST', 'cat_binary__IM_PG_P', 'cat_binary__ritm_ecg_p_01', 'cat_binary__ritm_ecg_p_02', 'cat_binary__ritm_ecg_p_04', 'cat_binary__ritm_ecg_p_06', 'cat_binary__ritm_ecg_p_07', 'cat_binary__ritm_ecg_p_08', 'cat_binary__n_r_ecg_p_01', 'cat_binary__n_r_ecg_p_02', 'cat_binary__n_r_ecg_p_03', 'cat_binary__n_r_ecg_p_04', 'cat_binary__n_r_ecg_p_05', 'cat_binary__n_r_ecg_p_06', 'cat_binary__n_r_ecg_p_08', 'cat_binary__n_r_ecg_p_09', 'cat_binary__n_r_ecg_p_10', 'cat_binary__n_p_ecg_p_01', 'cat_binary__n_p_ecg_p_03', 'cat_binary__n_p_ecg_p_04', 'cat_binary__n_p_ecg_p_05', 'cat_binary__n_p_ecg_p_06', 'cat_binary__n_p_ecg_p_07', 'cat_binary__n_p_ecg_p_08', 'cat_binary__n_p_ecg_p_09', 'cat_binary__n_p_ecg_p_10', 'cat_binary__n_p_ecg_p_11', 'cat_binary__n_p_ecg_p_12', 'cat_binary__fibr_ter_01', 'cat_binary__fibr_ter_02', 'cat_binary__fibr_ter_03', 'cat_binary__fibr_ter_05', 'cat_binary__fibr_ter_06', 'cat_binary__fibr_ter_07', 'cat_binary__fibr_ter_08', 'cat_binary__GIPO_K', 'cat_binary__GIPER_NA', 'cat_binary__NITR_S', 'cat_binary__LID_S_n', 'cat_binary__B_BLOK_S_n', 'cat_binary__ANT_CA_S_n', 'cat_binary__GEPAR_S_n', 'cat_binary__ASP_S_n', 'cat_binary__TIKL_S_n', 'cat_binary__TRENT_S_n']"
csl_fp1_fn10__mec_fp1_fn10,8,6,Exponential,generalization,25,0,132,0,0.1592356687898089,0.1592356687898089,1.0,0.27472527472527475,0.0,1.0,0.5,0.0,0.0,0.0,0.8460606060606061,0.6271254651392023,0.8407643312101911,0.39630722999572754,157,"['num_log1p_standard_scaler__L_BLOOD', 'num_log1p_standard_scaler__ROE', 'num_standard_scaler__AGE', 'num_standard_scaler__S_AD_ORIT', 'num_standard_scaler__D_AD_ORIT', 'cat_nominal__IBS_POST_0.0', 'cat_nominal__IBS_POST_2.0', 'cat_ordinal__INF_ANAM', 'cat_ordinal__STENOK_AN', 'cat_ordinal__GB', 'cat_ordinal__TIME_B_S', 'cat_ordinal__ant_im', 'cat_binary__nr_07', 'cat_binary__endocr_02', 'cat_binary__zab_leg_02', 'cat_binary__O_L_POST', 'cat_binary__K_SH_POST', 'cat_binary__MP_TP_POST', 'cat_binary__SVT_POST', 'cat_binary__ritm_ecg_p_02', 'cat_binary__ritm_ecg_p_04', 'cat_binary__n_r_ecg_p_06', 'cat_binary__n_p_ecg_p_01', 'cat_binary__n_p_ecg_p_06', 'cat_binary__n_p_ecg_p_08', 'cat_binary__n_p_ecg_p_12', 'cat_binary__fibr_ter_06', 'cat_binary__GIPER_NA', 'cat_binary__NITR_S', 'cat_binary__ASP_S_n']"
csl_fp1_fn10__mec_fp1_fn10,8,7,Exponential,generalization,25,0,132,0,0.1592356687898089,0.1592356687898089,1.0,0.27472527472527475,0.0,1.0,0.5,0.0,0.0,0.0,0.7366666666666666,0.48136703944020254,0.8407643312101911,0.2796213626861572,157,"['num_log1p_standard_scaler__L_BLOOD', 'num_log1p_standard_scaler__AST_BLOOD', 'num_standard_scaler__AGE', 'num_standard_scaler__S_AD_ORIT', 'num_standard_scaler__D_AD_ORIT', 'cat_ordinal__FK_STENOK', 'cat_ordinal__DLIT_AG', 'cat_ordinal__TIME_B_S', 'cat_ordinal__ant_im', 'cat_ordinal__inf_im', 'cat_partial_ordinal__HF_right_line', 'cat_binary__SEX', 'cat_binary__nr_03', 'cat_binary__np_07', 'cat_binary__np_08', 'cat_binary__np_10', 'cat_binary__endocr_01', 'cat_binary__endocr_02', 'cat_binary__K_SH_POST', 'cat_binary__ritm_ecg_p_01', 'cat_binary__ritm_ecg_p_04', 'cat_binary__ritm_ecg_p_07', 'cat_binary__ritm_ecg_p_08', 'cat_binary__n_r_ecg_p_05', 'cat_binary__n_p_ecg_p_05', 'cat_binary__n_p_ecg_p_12', 'cat_binary__fibr_ter_05', 'cat_binary__GIPER_NA', 'cat_binary__ANT_CA_S_n', 'cat_binary__ASP_S_n']"
csl_fp1_fn10__mec_fp1_fn10,8,8,Exponential,generalization,25,0,132,0,0.1592356687898089,0.1592356687898089,1.0,0.27472527472527475,0.0,1.0,0.5,0.0,0.0,0.0,0.8306060606060606,0.6204281835916421,0.8407643312101911,0.4402353763580322,157,"['num_log1p_standard_scaler__L_BLOOD', 'num_log1p_standard_scaler__AST_BLOOD', 'num_log1p_standard_scaler__ROE', 'num_log1p_standard_scaler__K_BLOOD', 'num_standard_scaler__AGE', 'num_standard_scaler__S_AD_ORIT', 'num_standard_scaler__D_AD_ORIT', 'num_standard_scaler__NA_BLOOD', 'cat_nominal__IBS_POST_1.0', 'cat_nominal__IBS_POST_2.0', 'cat_ordinal__INF_ANAM', 'cat_ordinal__STENOK_AN', 'cat_ordinal__FK_STENOK', 'cat_ordinal__GB', 'cat_ordinal__DLIT_AG', 'cat_ordinal__TIME_B_S', 'cat_ordinal__ant_im', 'cat_ordinal__inf_im', 'cat_partial_ordinal__HF_left_line', 'cat_binary__SEX', 'cat_binary__nr_11', 'cat_binary__nr_01', 'cat_binary__nr_02', 'cat_binary__nr_04', 'cat_binary__np_01', 'cat_binary__np_04', 'cat_binary__np_05', 'cat_binary__np_07', 'cat_binary__np_10', 'cat_binary__endocr_01', 'cat_binary__endocr_02', 'cat_binary__zab_leg_01', 'cat_binary__zab_leg_03', 'cat_binary__K_SH_POST', 'cat_binary__SVT_POST', 'cat_binary__FIB_G_POST', 'cat_binary__IM_PG_P', 'cat_binary__ritm_ecg_p_01', 'cat_binary__ritm_ecg_p_04', 'cat_binary__ritm_ecg_p_07', 'cat_binary__ritm_ecg_p_08', 'cat_binary__n_r_ecg_p_01', 'cat_binary__n_r_ecg_p_03', 'cat_binary__n_r_ecg_p_04', 'cat_binary__n_r_ecg_p_08', 'cat_binary__n_r_ecg_p_09', 'cat_binary__n_r_ecg_p_10', 'cat_binary__n_p_ecg_p_01', 'cat_binary__n_p_ecg_p_03', 'cat_binary__n_p_ecg_p_04', 'cat_binary__n_p_ecg_p_05', 'cat_binary__n_p_ecg_p_06', 'cat_binary__n_p_ecg_p_07', 'cat_binary__n_p_ecg_p_08', 'cat_binary__n_p_ecg_p_09', 'cat_binary__n_p_ecg_p_10', 'cat_binary__n_p_ecg_p_11', 'cat_binary__n_p_ecg_p_12', 'cat_binary__fibr_ter_01', 'cat_binary__fibr_ter_02', 'cat_binary__fibr_ter_03', 'cat_binary__fibr_ter_05', 'cat_binary__fibr_ter_06', 'cat_binary__fibr_ter_07', 'cat_binary__fibr_ter_08', 'cat_binary__GIPO_K', 'cat_binary__GIPER_NA', 'cat_binary__NITR_S', 'cat_binary__LID_S_n', 'cat_binary__B_BLOK_S_n', 'cat_binary__ANT_CA_S_n', 'cat_binary__GEPAR_S_n', 'cat_binary__ASP_S_n', 'cat_binary__TIKL_S_n', 'cat_binary__TRENT_S_n']"
csl_fp1_fn10__mec_fp1_fn10,8,9,Exponential,generalization,25,0,132,0,0.1592356687898089,0.1592356687898089,1.0,0.27472527472527475,0.0,1.0,0.5,0.0,0.0,0.0,0.8124242424242425,0.5100530247579881,0.8407643312101911,0.26246213912963867,157,"['num_log1p_standard_scaler__L_BLOOD', 'num_log1p_standard_scaler__ROE', 'num_log1p_standard_scaler__K_BLOOD', 'num_standard_scaler__AGE', 'num_standard_scaler__S_AD_ORIT', 'num_standard_scaler__D_AD_ORIT', 'num_standard_scaler__NA_BLOOD', 'cat_nominal__IBS_POST_0.0', 'cat_nominal__IBS_POST_1.0', 'cat_nominal__IBS_POST_2.0', 'cat_ordinal__DLIT_AG', 'cat_ordinal__TIME_B_S', 'cat_ordinal__ant_im', 'cat_binary__SIM_GIPERT', 'cat_binary__nr_04', 'cat_binary__np_07', 'cat_binary__np_08', 'cat_binary__endocr_02', 'cat_binary__zab_leg_03', 'cat_binary__O_L_POST', 'cat_binary__K_SH_POST', 'cat_binary__ritm_ecg_p_01', 'cat_binary__n_r_ecg_p_03', 'cat_binary__n_r_ecg_p_09', 'cat_binary__NITR_S']"
csl_fp1_fn10__mec_fp1_fn10,8,10,Exponential,generalization,25,0,132,0,0.1592356687898089,0.1592356687898089,1.0,0.27472527472527475,0.0,1.0,0.5,0.0,0.0,0.0,0.8266666666666665,0.5395041691915423,0.8407643312101911,0.3279411792755127,157,"['num_log1p_standard_scaler__L_BLOOD', 'num_log1p_standard_scaler__ALT_BLOOD', 'num_log1p_standard_scaler__ROE', 'num_standard_scaler__AGE', 'num_standard_scaler__S_AD_ORIT', 'num_standard_scaler__D_AD_ORIT', 'num_standard_scaler__NA_BLOOD', 'cat_nominal__IBS_POST_1.0', 'cat_ordinal__INF_ANAM', 'cat_ordinal__STENOK_AN', 'cat_ordinal__FK_STENOK', 'cat_ordinal__DLIT_AG', 'cat_ordinal__TIME_B_S', 'cat_ordinal__ant_im', 'cat_ordinal__lat_im', 'cat_ordinal__inf_im', 'cat_partial_ordinal__HF_right_line', 'cat_binary__nr_01', 'cat_binary__nr_03', 'cat_binary__np_01', 'cat_binary__np_04', 'cat_binary__np_05', 'cat_binary__np_10', 'cat_binary__endocr_01', 'cat_binary__endocr_02', 'cat_binary__zab_leg_01', 'cat_binary__zab_leg_02', 'cat_binary__zab_leg_03', 'cat_binary__zab_leg_04', 'cat_binary__zab_leg_06', 'cat_binary__O_L_POST', 'cat_binary__K_SH_POST', 'cat_binary__MP_TP_POST', 'cat_binary__SVT_POST', 'cat_binary__GT_POST', 'cat_binary__FIB_G_POST', 'cat_binary__IM_PG_P', 'cat_binary__ritm_ecg_p_01', 'cat_binary__ritm_ecg_p_02', 'cat_binary__ritm_ecg_p_04', 'cat_binary__ritm_ecg_p_06', 'cat_binary__ritm_ecg_p_07', 'cat_binary__ritm_ecg_p_08', 'cat_binary__n_r_ecg_p_01', 'cat_binary__n_r_ecg_p_02', 'cat_binary__n_r_ecg_p_03', 'cat_binary__n_r_ecg_p_04', 'cat_binary__n_r_ecg_p_05', 'cat_binary__n_r_ecg_p_06', 'cat_binary__n_r_ecg_p_08', 'cat_binary__n_r_ecg_p_09', 'cat_binary__n_r_ecg_p_10', 'cat_binary__n_p_ecg_p_01', 'cat_binary__n_p_ecg_p_03', 'cat_binary__n_p_ecg_p_04', 'cat_binary__n_p_ecg_p_05', 'cat_binary__n_p_ecg_p_06', 'cat_binary__n_p_ecg_p_07', 'cat_binary__n_p_ecg_p_08', 'cat_binary__n_p_ecg_p_09', 'cat_binary__n_p_ecg_p_10', 'cat_binary__n_p_ecg_p_11', 'cat_binary__n_p_ecg_p_12', 'cat_binary__fibr_ter_01', 'cat_binary__fibr_ter_02', 'cat_binary__fibr_ter_03', 'cat_binary__fibr_ter_05', 'cat_binary__fibr_ter_06', 'cat_binary__fibr_ter_07', 'cat_binary__fibr_ter_08', 'cat_binary__GIPO_K', 'cat_binary__GIPER_NA', 'cat_binary__NITR_S', 'cat_binary__LID_S_n', 'cat_binary__B_BLOK_S_n', 'cat_binary__ANT_CA_S_n', 'cat_binary__GEPAR_S_n', 'cat_binary__ASP_S_n', 'cat_binary__TIKL_S_n', 'cat_binary__TRENT_S_n']"
csl_fp1_fn10__mec_fp1_fn10,9,1,Exponential,generalization,25,0,133,0,0.15822784810126583,0.15822784810126583,1.0,0.273224043715847,0.0,1.0,0.5,0.0,0.0,0.0,0.8730827067669172,0.6914800233442902,0.8417721518987342,0.19009923934936523,158,"['num_log1p_standard_scaler__L_BLOOD', 'num_log1p_standard_scaler__ROE', 'num_log1p_standard_scaler__K_BLOOD', 'num_standard_scaler__AGE', 'num_standard_scaler__S_AD_ORIT', 'num_standard_scaler__D_AD_ORIT', 'cat_nominal__IBS_POST_0.0', 'cat_ordinal__FK_STENOK', 'cat_ordinal__DLIT_AG', 'cat_ordinal__TIME_B_S', 'cat_ordinal__ant_im', 'cat_ordinal__lat_im', 'cat_partial_ordinal__HF_right_line', 'cat_partial_ordinal__HF_left_line', 'cat_binary__SEX', 'cat_binary__nr_03', 'cat_binary__nr_04', 'cat_binary__np_09', 'cat_binary__endocr_02', 'cat_binary__zab_leg_06', 'cat_binary__O_L_POST', 'cat_binary__K_SH_POST', 'cat_binary__ritm_ecg_p_07', 'cat_binary__ritm_ecg_p_08', 'cat_binary__n_r_ecg_p_01', 'cat_binary__n_r_ecg_p_04', 'cat_binary__n_r_ecg_p_10', 'cat_binary__n_p_ecg_p_01', 'cat_binary__n_p_ecg_p_06', 'cat_binary__fibr_ter_01', 'cat_binary__fibr_ter_07', 'cat_binary__NITR_S', 'cat_binary__B_BLOK_S_n', 'cat_binary__ASP_S_n', 'cat_binary__TIKL_S_n']"
csl_fp1_fn10__mec_fp1_fn10,9,2,Exponential,generalization,26,0,132,0,0.16455696202531644,0.16455696202531644,1.0,0.2826086956521739,0.0,1.0,0.5,0.0,0.0,0.0,0.7645687645687645,0.5138464089309751,0.8354430379746836,0.13323736190795898,158,"['num_log1p_standard_scaler__L_BLOOD', 'num_log1p_standard_scaler__AST_BLOOD', 'num_log1p_standard_scaler__ROE', 'num_log1p_standard_scaler__K_BLOOD', 'num_standard_scaler__AGE', 'num_standard_scaler__S_AD_ORIT', 'num_standard_scaler__D_AD_ORIT', 'num_standard_scaler__NA_BLOOD', 'cat_nominal__IBS_POST_2.0', 'cat_ordinal__INF_ANAM', 'cat_ordinal__STENOK_AN', 'cat_ordinal__FK_STENOK', 'cat_ordinal__TIME_B_S', 'cat_ordinal__ant_im', 'cat_ordinal__lat_im', 'cat_ordinal__post_im', 'cat_partial_ordinal__HF_right_line', 'cat_partial_ordinal__HF_left_line', 'cat_binary__SEX', 'cat_binary__SIM_GIPERT', 'cat_binary__nr_11', 'cat_binary__nr_02', 'cat_binary__nr_03', 'cat_binary__nr_07', 'cat_binary__np_05', 'cat_binary__endocr_01', 'cat_binary__endocr_02', 'cat_binary__endocr_03', 'cat_binary__zab_leg_02', 'cat_binary__zab_leg_06', 'cat_binary__O_L_POST', 'cat_binary__K_SH_POST', 'cat_binary__MP_TP_POST', 'cat_binary__GT_POST', 'cat_binary__IM_PG_P', 'cat_binary__ritm_ecg_p_01', 'cat_binary__ritm_ecg_p_04', 'cat_binary__ritm_ecg_p_07', 'cat_binary__n_r_ecg_p_03', 'cat_binary__n_r_ecg_p_05', 'cat_binary__n_r_ecg_p_06', 'cat_binary__n_r_ecg_p_08', 'cat_binary__n_r_ecg_p_10', 'cat_binary__n_p_ecg_p_04', 'cat_binary__n_p_ecg_p_06', 'cat_binary__n_p_ecg_p_07', 'cat_binary__n_p_ecg_p_09', 'cat_binary__n_p_ecg_p_12', 'cat_binary__fibr_ter_02', 'cat_binary__fibr_ter_06', 'cat_binary__fibr_ter_08', 'cat_binary__GIPER_NA', 'cat_binary__LID_S_n', 'cat_binary__ANT_CA_S_n', 'cat_binary__ASP_S_n']"
csl_fp1_fn10__mec_fp1_fn10,9,3,Exponential,generalization,25,0,132,0,0.1592356687898089,0.1592356687898089,1.0,0.27472527472527475,0.0,1.0,0.5,0.0,0.0,0.0,0.86,0.6424021541789804,0.8407643312101911,0.08771920204162598,157,"['num_log1p_standard_scaler__L_BLOOD', 'num_log1p_standard_scaler__ROE', 'num_log1p_standard_scaler__K_BLOOD', 'num_standard_scaler__AGE', 'num_standard_scaler__S_AD_ORIT', 'num_standard_scaler__D_AD_ORIT', 'num_standard_scaler__NA_BLOOD', 'cat_nominal__IBS_POST_0.0', 'cat_nominal__IBS_POST_2.0', 'cat_ordinal__INF_ANAM', 'cat_ordinal__STENOK_AN', 'cat_ordinal__GB', 'cat_ordinal__DLIT_AG', 'cat_ordinal__TIME_B_S', 'cat_ordinal__ant_im', 'cat_ordinal__lat_im', 'cat_partial_ordinal__HF_right_line', 'cat_partial_ordinal__HF_left_line', 'cat_binary__SIM_GIPERT', 'cat_binary__nr_01', 'cat_binary__np_04', 'cat_binary__zab_leg_03', 'cat_binary__O_L_POST', 'cat_binary__K_SH_POST', 'cat_binary__MP_TP_POST', 'cat_binary__GT_POST', 'cat_binary__IM_PG_P', 'cat_binary__ritm_ecg_p_01', 'cat_binary__ritm_ecg_p_04', 'cat_binary__ritm_ecg_p_08', 'cat_binary__n_r_ecg_p_05', 'cat_binary__n_r_ecg_p_06', 'cat_binary__n_p_ecg_p_01', 'cat_binary__n_p_ecg_p_10', 'cat_binary__fibr_ter_03', 'cat_binary__fibr_ter_05', 'cat_binary__NITR_S', 'cat_binary__GEPAR_S_n', 'cat_binary__ASP_S_n', 'cat_binary__TIKL_S_n']"
csl_fp1_fn10__mec_fp1_fn10,9,4,Exponential,generalization,25,0,132,0,0.1592356687898089,0.1592356687898089,1.0,0.27472527472527475,0.0,1.0,0.5,0.0,0.0,0.0,0.8496969696969697,0.557092084911664,0.8407643312101911,0.3304264545440674,157,"['num_log1p_standard_scaler__L_BLOOD', 'num_log1p_standard_scaler__K_BLOOD', 'num_standard_scaler__AGE', 'num_standard_scaler__S_AD_ORIT', 'num_standard_scaler__D_AD_ORIT', 'num_standard_scaler__NA_BLOOD', 'cat_ordinal__TIME_B_S', 'cat_ordinal__inf_im', 'cat_binary__zab_leg_02', 'cat_binary__O_L_POST', 'cat_binary__K_SH_POST', 'cat_binary__IM_PG_P', 'cat_binary__ritm_ecg_p_06', 'cat_binary__ritm_ecg_p_07', 'cat_binary__n_r_ecg_p_06', 'cat_binary__n_p_ecg_p_12', 'cat_binary__fibr_ter_01', 'cat_binary__fibr_ter_02', 'cat_binary__GIPO_K', 'cat_binary__NITR_S']"
csl_fp1_fn10__mec_fp1_fn10,9,5,Exponential,generalization,25,0,132,0,0.1592356687898089,0.1592356687898089,1.0,0.27472527472527475,0.0,1.0,0.5,0.0,0.0,0.0,0.7584848484848485,0.3399822859719488,0.8407643312101911,0.43897438049316406,157,"['num_log1p_standard_scaler__L_BLOOD', 'num_standard_scaler__AGE', 'num_standard_scaler__S_AD_ORIT', 'num_standard_scaler__D_AD_ORIT', 'cat_nominal__IBS_POST_0.0', 'cat_ordinal__STENOK_AN', 'cat_ordinal__FK_STENOK', 'cat_ordinal__DLIT_AG', 'cat_ordinal__lat_im', 'cat_ordinal__inf_im', 'cat_partial_ordinal__HF_right_line', 'cat_binary__SIM_GIPERT', 'cat_binary__nr_07', 'cat_binary__nr_08', 'cat_binary__np_05', 'cat_binary__np_07', 'cat_binary__endocr_01', 'cat_binary__K_SH_POST', 'cat_binary__MP_TP_POST', 'cat_binary__IM_PG_P', 'cat_binary__ritm_ecg_p_01', 'cat_binary__ritm_ecg_p_02', 'cat_binary__ritm_ecg_p_08', 'cat_binary__n_r_ecg_p_01', 'cat_binary__n_r_ecg_p_05', 'cat_binary__n_r_ecg_p_06', 'cat_binary__n_p_ecg_p_01', 'cat_binary__n_p_ecg_p_03', 'cat_binary__n_p_ecg_p_04', 'cat_binary__n_p_ecg_p_07', 'cat_binary__n_p_ecg_p_09', 'cat_binary__n_p_ecg_p_12', 'cat_binary__fibr_ter_02', 'cat_binary__NITR_S', 'cat_binary__ASP_S_n']"
csl_fp1_fn10__mec_fp1_fn10,9,6,Exponential,generalization,25,0,132,0,0.1592356687898089,0.1592356687898089,1.0,0.27472527472527475,0.0,1.0,0.5,0.0,0.0,0.0,0.7375757575757576,0.4207514221708416,0.8407643312101911,0.07462310791015625,157,"['num_log1p_standard_scaler__L_BLOOD', 'num_log1p_standard_scaler__AST_BLOOD', 'num_standard_scaler__S_AD_ORIT', 'num_standard_scaler__D_AD_ORIT', 'num_standard_scaler__NA_BLOOD', 'cat_ordinal__GB', 'cat_ordinal__TIME_B_S', 'cat_ordinal__ant_im', 'cat_partial_ordinal__HF_right_line', 'cat_binary__SEX', 'cat_binary__nr_11', 'cat_binary__nr_01', 'cat_binary__nr_07', 'cat_binary__np_01', 'cat_binary__endocr_02', 'cat_binary__zab_leg_06', 'cat_binary__O_L_POST', 'cat_binary__K_SH_POST', 'cat_binary__IM_PG_P', 'cat_binary__ritm_ecg_p_01', 'cat_binary__ritm_ecg_p_07', 'cat_binary__ritm_ecg_p_08', 'cat_binary__n_r_ecg_p_03', 'cat_binary__n_r_ecg_p_05', 'cat_binary__n_p_ecg_p_03', 'cat_binary__n_p_ecg_p_08', 'cat_binary__fibr_ter_01', 'cat_binary__GIPO_K', 'cat_binary__GEPAR_S_n', 'cat_binary__ASP_S_n']"
csl_fp1_fn10__mec_fp1_fn10,9,7,Exponential,generalization,25,0,132,0,0.1592356687898089,0.1592356687898089,1.0,0.27472527472527475,0.0,1.0,0.5,0.0,0.0,0.0,0.7887878787878789,0.5127358864947357,0.8407643312101911,0.32604289054870605,157,"['num_log1p_standard_scaler__L_BLOOD', 'num_standard_scaler__AGE', 'num_standard_scaler__S_AD_ORIT', 'num_standard_scaler__D_AD_ORIT', 'num_standard_scaler__NA_BLOOD', 'cat_nominal__IBS_POST_1.0', 'cat_nominal__IBS_POST_2.0', 'cat_ordinal__DLIT_AG', 'cat_ordinal__TIME_B_S', 'cat_ordinal__inf_im', 'cat_ordinal__post_im', 'cat_binary__nr_11', 'cat_binary__nr_01', 'cat_binary__np_10', 'cat_binary__zab_leg_02', 'cat_binary__zab_leg_03', 'cat_binary__zab_leg_04', 'cat_binary__O_L_POST', 'cat_binary__K_SH_POST', 'cat_binary__MP_TP_POST', 'cat_binary__ritm_ecg_p_01', 'cat_binary__ritm_ecg_p_02', 'cat_binary__ritm_ecg_p_07', 'cat_binary__n_r_ecg_p_08', 'cat_binary__n_p_ecg_p_12', 'cat_binary__fibr_ter_05', 'cat_binary__fibr_ter_06', 'cat_binary__NITR_S', 'cat_binary__B_BLOK_S_n', 'cat_binary__ANT_CA_S_n']"
csl_fp1_fn10__mec_fp1_fn10,9,8,Exponential,generalization,25,0,132,0,0.1592356687898089,0.1592356687898089,1.0,0.27472527472527475,0.0,1.0,0.5,0.0,0.0,0.0,0.8866666666666667,0.6256935729053108,0.8407643312101911,0.4003915786743164,157,"['num_log1p_standard_scaler__L_BLOOD', 'num_standard_scaler__AGE', 'num_standard_scaler__S_AD_ORIT', 'num_standard_scaler__D_AD_ORIT', 'num_standard_scaler__NA_BLOOD', 'cat_ordinal__INF_ANAM', 'cat_ordinal__FK_STENOK', 'cat_ordinal__TIME_B_S', 'cat_ordinal__inf_im', 'cat_partial_ordinal__HF_right_line', 'cat_partial_ordinal__HF_left_line', 'cat_binary__SEX', 'cat_binary__nr_11', 'cat_binary__np_07', 'cat_binary__np_10', 'cat_binary__zab_leg_02', 'cat_binary__K_SH_POST', 'cat_binary__FIB_G_POST', 'cat_binary__ritm_ecg_p_01', 'cat_binary__ritm_ecg_p_06', 'cat_binary__n_r_ecg_p_05', 'cat_binary__n_p_ecg_p_01', 'cat_binary__n_p_ecg_p_03', 'cat_binary__n_p_ecg_p_12', 'cat_binary__fibr_ter_01', 'cat_binary__fibr_ter_05', 'cat_binary__NITR_S', 'cat_binary__B_BLOK_S_n', 'cat_binary__GEPAR_S_n', 'cat_binary__ASP_S_n']"
csl_fp1_fn10__mec_fp1_fn10,9,9,Exponential,generalization,25,0,132,0,0.1592356687898089,0.1592356687898089,1.0,0.27472527472527475,0.0,1.0,0.5,0.0,0.0,0.0,0.7518181818181817,0.44376266252139696,0.8407643312101911,0.1647350788116455,157,"['num_log1p_standard_scaler__L_BLOOD', 'num_log1p_standard_scaler__ALT_BLOOD', 'num_log1p_standard_scaler__AST_BLOOD', 'num_log1p_standard_scaler__ROE', 'num_standard_scaler__AGE', 'num_standard_scaler__S_AD_ORIT', 'num_standard_scaler__D_AD_ORIT', 'num_standard_scaler__NA_BLOOD', 'cat_nominal__IBS_POST_0.0', 'cat_nominal__IBS_POST_2.0', 'cat_ordinal__STENOK_AN', 'cat_ordinal__FK_STENOK', 'cat_ordinal__GB', 'cat_ordinal__TIME_B_S', 'cat_ordinal__ant_im', 'cat_ordinal__lat_im', 'cat_ordinal__inf_im', 'cat_partial_ordinal__HF_right_line', 'cat_partial_ordinal__HF_left_line', 'cat_binary__SEX', 'cat_binary__SIM_GIPERT', 'cat_binary__nr_11', 'cat_binary__nr_03', 'cat_binary__nr_04', 'cat_binary__nr_07', 'cat_binary__np_04', 'cat_binary__np_09', 'cat_binary__np_10', 'cat_binary__endocr_01', 'cat_binary__zab_leg_03', 'cat_binary__zab_leg_06', 'cat_binary__O_L_POST', 'cat_binary__K_SH_POST', 'cat_binary__MP_TP_POST', 'cat_binary__FIB_G_POST', 'cat_binary__IM_PG_P', 'cat_binary__ritm_ecg_p_01', 'cat_binary__ritm_ecg_p_02', 'cat_binary__ritm_ecg_p_04', 'cat_binary__ritm_ecg_p_08', 'cat_binary__n_r_ecg_p_03', 'cat_binary__n_r_ecg_p_04', 'cat_binary__n_r_ecg_p_05', 'cat_binary__n_r_ecg_p_06', 'cat_binary__n_r_ecg_p_08', 'cat_binary__n_r_ecg_p_09', 'cat_binary__n_r_ecg_p_10', 'cat_binary__n_p_ecg_p_01', 'cat_binary__n_p_ecg_p_03', 'cat_binary__n_p_ecg_p_04', 'cat_binary__n_p_ecg_p_05', 'cat_binary__n_p_ecg_p_06', 'cat_binary__n_p_ecg_p_07', 'cat_binary__n_p_ecg_p_08', 'cat_binary__n_p_ecg_p_09', 'cat_binary__n_p_ecg_p_10', 'cat_binary__n_p_ecg_p_11', 'cat_binary__n_p_ecg_p_12', 'cat_binary__fibr_ter_01', 'cat_binary__fibr_ter_02', 'cat_binary__fibr_ter_03', 'cat_binary__fibr_ter_05', 'cat_binary__fibr_ter_06', 'cat_binary__fibr_ter_07', 'cat_binary__fibr_ter_08', 'cat_binary__GIPO_K', 'cat_binary__GIPER_NA', 'cat_binary__NITR_S', 'cat_binary__LID_S_n', 'cat_binary__B_BLOK_S_n', 'cat_binary__ANT_CA_S_n', 'cat_binary__GEPAR_S_n', 'cat_binary__ASP_S_n', 'cat_binary__TIKL_S_n', 'cat_binary__TRENT_S_n']"
csl_fp1_fn10__mec_fp1_fn10,9,10,Exponential,generalization,24,0,132,1,0.15286624203821655,0.15384615384615385,0.96,0.26519337016574585,0.0,1.0,0.48,0.0,-0.18397324220155994,-0.012804966774991433,0.7575757575757576,0.46960569635609195,0.9044585987261147,0.09053492546081543,157,"['num_log1p_standard_scaler__L_BLOOD', 'num_standard_scaler__AGE', 'num_standard_scaler__S_AD_ORIT', 'num_standard_scaler__D_AD_ORIT', 'cat_nominal__IBS_POST_2.0', 'cat_partial_ordinal__HF_right_line', 'cat_binary__O_L_POST', 'cat_binary__K_SH_POST', 'cat_binary__ritm_ecg_p_01', 'cat_binary__NITR_S']"
csl_fp1_fn10__mec_fp1_fn10,10,1,Exponential,generalization,25,0,133,0,0.15822784810126583,0.15822784810126583,1.0,0.273224043715847,0.0,1.0,0.5,0.0,0.0,0.0,0.8303759398496241,0.6699727691393048,0.8417721518987342,0.10609245300292969,158,"['num_log1p_standard_scaler__L_BLOOD', 'num_standard_scaler__AGE', 'num_standard_scaler__S_AD_ORIT', 'num_standard_scaler__D_AD_ORIT', 'cat_nominal__IBS_POST_2.0', 'cat_ordinal__INF_ANAM', 'cat_ordinal__STENOK_AN', 'cat_ordinal__FK_STENOK', 'cat_ordinal__DLIT_AG', 'cat_ordinal__TIME_B_S', 'cat_ordinal__ant_im', 'cat_ordinal__lat_im', 'cat_ordinal__post_im', 'cat_partial_ordinal__HF_right_line', 'cat_partial_ordinal__HF_left_line', 'cat_binary__nr_11', 'cat_binary__nr_04', 'cat_binary__np_04', 'cat_binary__np_08', 'cat_binary__endocr_02', 'cat_binary__zab_leg_02', 'cat_binary__zab_leg_06', 'cat_binary__O_L_POST', 'cat_binary__K_SH_POST', 'cat_binary__IM_PG_P', 'cat_binary__ritm_ecg_p_01', 'cat_binary__ritm_ecg_p_02', 'cat_binary__n_r_ecg_p_01', 'cat_binary__NITR_S', 'cat_binary__ANT_CA_S_n']"
csl_fp1_fn10__mec_fp1_fn10,10,2,Exponential,generalization,26,0,132,0,0.16455696202531644,0.16455696202531644,1.0,0.2826086956521739,0.0,1.0,0.5,0.0,0.0,0.0,0.7969114219114218,0.546549230904089,0.8354430379746836,0.3739752769470215,158,"['num_log1p_standard_scaler__L_BLOOD', 'num_log1p_standard_scaler__ROE', 'num_standard_scaler__AGE', 'num_standard_scaler__S_AD_ORIT', 'num_standard_scaler__D_AD_ORIT', 'num_standard_scaler__NA_BLOOD', 'cat_nominal__IBS_POST_0.0', 'cat_nominal__IBS_POST_1.0', 'cat_ordinal__STENOK_AN', 'cat_ordinal__FK_STENOK', 'cat_ordinal__DLIT_AG', 'cat_ordinal__TIME_B_S', 'cat_ordinal__ant_im', 'cat_partial_ordinal__HF_right_line', 'cat_partial_ordinal__HF_left_line', 'cat_binary__SEX', 'cat_binary__SIM_GIPERT', 'cat_binary__nr_11', 'cat_binary__nr_01', 'cat_binary__nr_04', 'cat_binary__nr_07', 'cat_binary__nr_08', 'cat_binary__np_01', 'cat_binary__np_07', 'cat_binary__np_10', 'cat_binary__endocr_01', 'cat_binary__endocr_02', 'cat_binary__zab_leg_02', 'cat_binary__zab_leg_03', 'cat_binary__O_L_POST', 'cat_binary__K_SH_POST', 'cat_binary__MP_TP_POST', 'cat_binary__FIB_G_POST', 'cat_binary__IM_PG_P', 'cat_binary__ritm_ecg_p_01', 'cat_binary__ritm_ecg_p_06', 'cat_binary__ritm_ecg_p_07', 'cat_binary__ritm_ecg_p_08', 'cat_binary__n_r_ecg_p_01', 'cat_binary__n_r_ecg_p_02', 'cat_binary__n_r_ecg_p_03', 'cat_binary__n_r_ecg_p_04', 'cat_binary__n_r_ecg_p_05', 'cat_binary__n_r_ecg_p_06', 'cat_binary__n_r_ecg_p_08', 'cat_binary__n_r_ecg_p_09', 'cat_binary__n_r_ecg_p_10', 'cat_binary__n_p_ecg_p_01', 'cat_binary__n_p_ecg_p_03', 'cat_binary__n_p_ecg_p_04', 'cat_binary__n_p_ecg_p_05', 'cat_binary__n_p_ecg_p_06', 'cat_binary__n_p_ecg_p_07', 'cat_binary__n_p_ecg_p_08', 'cat_binary__n_p_ecg_p_09', 'cat_binary__n_p_ecg_p_10', 'cat_binary__n_p_ecg_p_11', 'cat_binary__n_p_ecg_p_12', 'cat_binary__fibr_ter_01', 'cat_binary__fibr_ter_02', 'cat_binary__fibr_ter_03', 'cat_binary__fibr_ter_05', 'cat_binary__fibr_ter_06', 'cat_binary__fibr_ter_07', 'cat_binary__fibr_ter_08', 'cat_binary__GIPO_K', 'cat_binary__GIPER_NA', 'cat_binary__NITR_S', 'cat_binary__LID_S_n', 'cat_binary__B_BLOK_S_n', 'cat_binary__ANT_CA_S_n', 'cat_binary__GEPAR_S_n', 'cat_binary__ASP_S_n', 'cat_binary__TIKL_S_n', 'cat_binary__TRENT_S_n']"
csl_fp1_fn10__mec_fp1_fn10,10,3,Exponential,generalization,25,0,132,0,0.1592356687898089,0.1592356687898089,1.0,0.27472527472527475,0.0,1.0,0.5,0.0,0.0,0.0,0.8296969696969697,0.548767160194148,0.8407643312101911,0.23326468467712402,157,"['num_log1p_standard_scaler__L_BLOOD', 'num_log1p_standard_scaler__AST_BLOOD', 'num_log1p_standard_scaler__ROE', 'num_log1p_standard_scaler__K_BLOOD', 'num_standard_scaler__AGE', 'num_standard_scaler__S_AD_ORIT', 'num_standard_scaler__D_AD_ORIT', 'num_standard_scaler__NA_BLOOD', 'cat_nominal__IBS_POST_2.0', 'cat_ordinal__INF_ANAM', 'cat_ordinal__STENOK_AN', 'cat_ordinal__FK_STENOK', 'cat_ordinal__GB', 'cat_ordinal__DLIT_AG', 'cat_ordinal__TIME_B_S', 'cat_ordinal__ant_im', 'cat_ordinal__lat_im', 'cat_partial_ordinal__HF_right_line', 'cat_partial_ordinal__HF_left_line', 'cat_binary__SEX', 'cat_binary__nr_03', 'cat_binary__nr_08', 'cat_binary__np_05', 'cat_binary__np_08', 'cat_binary__np_10', 'cat_binary__zab_leg_01', 'cat_binary__zab_leg_04', 'cat_binary__K_SH_POST', 'cat_binary__MP_TP_POST', 'cat_binary__ritm_ecg_p_01', 'cat_binary__ritm_ecg_p_04', 'cat_binary__ritm_ecg_p_06', 'cat_binary__ritm_ecg_p_07', 'cat_binary__n_r_ecg_p_04', 'cat_binary__n_r_ecg_p_05', 'cat_binary__n_r_ecg_p_08', 'cat_binary__n_r_ecg_p_09', 'cat_binary__n_p_ecg_p_03', 'cat_binary__n_p_ecg_p_04', 'cat_binary__n_p_ecg_p_07', 'cat_binary__n_p_ecg_p_12', 'cat_binary__fibr_ter_01', 'cat_binary__fibr_ter_06', 'cat_binary__NITR_S', 'cat_binary__ASP_S_n']"
csl_fp1_fn10__mec_fp1_fn10,10,4,Exponential,generalization,25,0,132,0,0.1592356687898089,0.1592356687898089,1.0,0.27472527472527475,0.0,1.0,0.5,0.0,0.0,0.0,0.842121212121212,0.5669163469189122,0.8407643312101911,0.445828914642334,157,"['num_log1p_standard_scaler__L_BLOOD', 'num_log1p_standard_scaler__ALT_BLOOD', 'num_log1p_standard_scaler__ROE', 'num_log1p_standard_scaler__K_BLOOD', 'num_standard_scaler__AGE', 'num_standard_scaler__S_AD_ORIT', 'num_standard_scaler__D_AD_ORIT', 'num_standard_scaler__NA_BLOOD', 'cat_nominal__IBS_POST_0.0', 'cat_nominal__IBS_POST_1.0', 'cat_ordinal__INF_ANAM', 'cat_ordinal__STENOK_AN', 'cat_ordinal__GB', 'cat_ordinal__TIME_B_S', 'cat_ordinal__ant_im', 'cat_ordinal__inf_im', 'cat_ordinal__post_im', 'cat_partial_ordinal__HF_right_line', 'cat_binary__SEX', 'cat_binary__nr_01', 'cat_binary__nr_04', 'cat_binary__nr_08', 'cat_binary__np_01', 'cat_binary__np_08', 'cat_binary__np_09', 'cat_binary__np_10', 'cat_binary__endocr_01', 'cat_binary__zab_leg_02', 'cat_binary__zab_leg_03', 'cat_binary__zab_leg_04', 'cat_binary__zab_leg_06', 'cat_binary__O_L_POST', 'cat_binary__K_SH_POST', 'cat_binary__MP_TP_POST', 'cat_binary__GT_POST', 'cat_binary__ritm_ecg_p_01', 'cat_binary__ritm_ecg_p_08', 'cat_binary__n_r_ecg_p_01', 'cat_binary__n_r_ecg_p_02', 'cat_binary__n_r_ecg_p_03', 'cat_binary__n_r_ecg_p_05', 'cat_binary__n_r_ecg_p_06', 'cat_binary__n_r_ecg_p_09', 'cat_binary__n_r_ecg_p_10', 'cat_binary__n_p_ecg_p_05', 'cat_binary__n_p_ecg_p_06', 'cat_binary__n_p_ecg_p_08', 'cat_binary__n_p_ecg_p_11', 'cat_binary__n_p_ecg_p_12', 'cat_binary__fibr_ter_01', 'cat_binary__fibr_ter_08', 'cat_binary__GIPO_K', 'cat_binary__NITR_S', 'cat_binary__LID_S_n', 'cat_binary__B_BLOK_S_n', 'cat_binary__ANT_CA_S_n', 'cat_binary__GEPAR_S_n', 'cat_binary__ASP_S_n', 'cat_binary__TIKL_S_n', 'cat_binary__TRENT_S_n']"
csl_fp1_fn10__mec_fp1_fn10,10,5,Exponential,generalization,25,0,132,0,0.1592356687898089,0.1592356687898089,1.0,0.27472527472527475,0.0,1.0,0.5,0.0,0.0,0.0,0.8033333333333335,0.5031182105035797,0.8407643312101911,0.2165968418121338,157,"['num_log1p_standard_scaler__L_BLOOD', 'num_log1p_standard_scaler__ROE', 'num_log1p_standard_scaler__K_BLOOD', 'num_standard_scaler__AGE', 'num_standard_scaler__S_AD_ORIT', 'num_standard_scaler__D_AD_ORIT', 'num_standard_scaler__NA_BLOOD', 'cat_nominal__IBS_POST_2.0', 'cat_ordinal__FK_STENOK', 'cat_ordinal__GB', 'cat_ordinal__DLIT_AG', 'cat_ordinal__TIME_B_S', 'cat_ordinal__ant_im', 'cat_ordinal__lat_im', 'cat_ordinal__inf_im', 'cat_ordinal__post_im', 'cat_partial_ordinal__HF_right_line', 'cat_partial_ordinal__HF_left_line', 'cat_binary__nr_02', 'cat_binary__nr_07', 'cat_binary__nr_08', 'cat_binary__np_04', 'cat_binary__np_05', 'cat_binary__np_07', 'cat_binary__np_08', 'cat_binary__np_09', 'cat_binary__np_10', 'cat_binary__endocr_01', 'cat_binary__endocr_02', 'cat_binary__endocr_03', 'cat_binary__zab_leg_01', 'cat_binary__zab_leg_02', 'cat_binary__zab_leg_03', 'cat_binary__zab_leg_04', 'cat_binary__zab_leg_06', 'cat_binary__O_L_POST', 'cat_binary__K_SH_POST', 'cat_binary__MP_TP_POST', 'cat_binary__SVT_POST', 'cat_binary__GT_POST', 'cat_binary__FIB_G_POST', 'cat_binary__IM_PG_P', 'cat_binary__ritm_ecg_p_01', 'cat_binary__ritm_ecg_p_02', 'cat_binary__ritm_ecg_p_04', 'cat_binary__ritm_ecg_p_06', 'cat_binary__ritm_ecg_p_07', 'cat_binary__ritm_ecg_p_08', 'cat_binary__n_r_ecg_p_01', 'cat_binary__n_r_ecg_p_02', 'cat_binary__n_r_ecg_p_03', 'cat_binary__n_r_ecg_p_04', 'cat_binary__n_r_ecg_p_05', 'cat_binary__n_r_ecg_p_06', 'cat_binary__n_r_ecg_p_08', 'cat_binary__n_r_ecg_p_09', 'cat_binary__n_r_ecg_p_10', 'cat_binary__n_p_ecg_p_01', 'cat_binary__n_p_ecg_p_03', 'cat_binary__n_p_ecg_p_04', 'cat_binary__n_p_ecg_p_05', 'cat_binary__n_p_ecg_p_06', 'cat_binary__n_p_ecg_p_07', 'cat_binary__n_p_ecg_p_08', 'cat_binary__n_p_ecg_p_09', 'cat_binary__n_p_ecg_p_10', 'cat_binary__n_p_ecg_p_11', 'cat_binary__n_p_ecg_p_12', 'cat_binary__fibr_ter_01', 'cat_binary__fibr_ter_02', 'cat_binary__fibr_ter_03', 'cat_binary__fibr_ter_05', 'cat_binary__fibr_ter_06', 'cat_binary__fibr_ter_07', 'cat_binary__fibr_ter_08', 'cat_binary__GIPO_K', 'cat_binary__GIPER_NA', 'cat_binary__NITR_S', 'cat_binary__LID_S_n', 'cat_binary__B_BLOK_S_n', 'cat_binary__ANT_CA_S_n', 'cat_binary__GEPAR_S_n', 'cat_binary__ASP_S_n', 'cat_binary__TIKL_S_n', 'cat_binary__TRENT_S_n']"
csl_fp1_fn10__mec_fp1_fn10,10,6,Exponential,generalization,25,0,132,0,0.1592356687898089,0.1592356687898089,1.0,0.27472527472527475,0.0,1.0,0.5,0.0,0.0,0.0,0.8093939393939394,0.4989550415755936,0.8407643312101911,0.42435598373413086,157,"['num_log1p_standard_scaler__L_BLOOD', 'num_standard_scaler__AGE', 'num_standard_scaler__S_AD_ORIT', 'num_standard_scaler__D_AD_ORIT', 'num_standard_scaler__NA_BLOOD', 'cat_nominal__IBS_POST_0.0', 'cat_nominal__IBS_POST_1.0', 'cat_ordinal__INF_ANAM', 'cat_ordinal__STENOK_AN', 'cat_ordinal__FK_STENOK', 'cat_ordinal__GB', 'cat_ordinal__DLIT_AG', 'cat_ordinal__TIME_B_S', 'cat_ordinal__ant_im', 'cat_ordinal__lat_im', 'cat_partial_ordinal__HF_right_line', 'cat_binary__SEX', 'cat_binary__nr_03', 'cat_binary__np_08', 'cat_binary__np_09', 'cat_binary__zab_leg_02', 'cat_binary__zab_leg_03', 'cat_binary__zab_leg_04', 'cat_binary__zab_leg_06', 'cat_binary__O_L_POST', 'cat_binary__K_SH_POST', 'cat_binary__GT_POST', 'cat_binary__IM_PG_P', 'cat_binary__ritm_ecg_p_01', 'cat_binary__ritm_ecg_p_02', 'cat_binary__ritm_ecg_p_04', 'cat_binary__ritm_ecg_p_08', 'cat_binary__n_r_ecg_p_01', 'cat_binary__n_r_ecg_p_03', 'cat_binary__n_r_ecg_p_04', 'cat_binary__n_r_ecg_p_05', 'cat_binary__n_r_ecg_p_06', 'cat_binary__n_r_ecg_p_08', 'cat_binary__n_r_ecg_p_09', 'cat_binary__n_r_ecg_p_10', 'cat_binary__n_p_ecg_p_01', 'cat_binary__n_p_ecg_p_05', 'cat_binary__n_p_ecg_p_08', 'cat_binary__n_p_ecg_p_10', 'cat_binary__fibr_ter_01', 'cat_binary__GIPER_NA', 'cat_binary__NITR_S', 'cat_binary__ANT_CA_S_n', 'cat_binary__ASP_S_n', 'cat_binary__TIKL_S_n']"
csl_fp1_fn10__mec_fp1_fn10,10,7,Exponential,generalization,25,2,130,0,0.17197452229299362,0.16129032258064516,1.0,0.2777777777777778,0.015151515151515152,0.9848484848484849,0.5075757575757576,0.12309149097933274,0.049434732389013816,0.00487567040468051,0.7218181818181819,0.35136429185926066,0.8280254777070064,0.12219023704528809,157,"['num_log1p_standard_scaler__L_BLOOD', 'num_standard_scaler__S_AD_ORIT', 'num_standard_scaler__D_AD_ORIT', 'cat_nominal__IBS_POST_2.0', 'cat_ordinal__INF_ANAM', 'cat_ordinal__FK_STENOK', 'cat_ordinal__ant_im', 'cat_partial_ordinal__HF_right_line', 'cat_binary__SEX', 'cat_binary__nr_11', 'cat_binary__nr_08', 'cat_binary__np_01', 'cat_binary__np_09', 'cat_binary__endocr_02', 'cat_binary__zab_leg_01', 'cat_binary__K_SH_POST', 'cat_binary__IM_PG_P', 'cat_binary__ritm_ecg_p_01', 'cat_binary__ritm_ecg_p_04', 'cat_binary__n_r_ecg_p_04', 'cat_binary__n_p_ecg_p_10', 'cat_binary__fibr_ter_06', 'cat_binary__GIPER_NA', 'cat_binary__NITR_S', 'cat_binary__ASP_S_n']"
csl_fp1_fn10__mec_fp1_fn10,10,8,Exponential,generalization,25,0,132,0,0.1592356687898089,0.1592356687898089,1.0,0.27472527472527475,0.0,1.0,0.5,0.0,0.0,0.0,0.7572727272727272,0.4706229811801494,0.8407643312101911,0.16346168518066406,157,"['num_log1p_standard_scaler__L_BLOOD', 'num_log1p_standard_scaler__AST_BLOOD', 'num_log1p_standard_scaler__ROE', 'num_log1p_standard_scaler__K_BLOOD', 'num_standard_scaler__AGE', 'num_standard_scaler__S_AD_ORIT', 'num_standard_scaler__D_AD_ORIT', 'num_standard_scaler__NA_BLOOD', 'cat_ordinal__FK_STENOK', 'cat_ordinal__GB', 'cat_ordinal__TIME_B_S', 'cat_ordinal__ant_im', 'cat_ordinal__lat_im', 'cat_ordinal__inf_im', 'cat_partial_ordinal__HF_right_line', 'cat_binary__SEX', 'cat_binary__SIM_GIPERT', 'cat_binary__nr_11', 'cat_binary__nr_04', 'cat_binary__np_07', 'cat_binary__np_08', 'cat_binary__zab_leg_02', 'cat_binary__O_L_POST', 'cat_binary__K_SH_POST', 'cat_binary__MP_TP_POST', 'cat_binary__SVT_POST', 'cat_binary__IM_PG_P', 'cat_binary__ritm_ecg_p_01', 'cat_binary__ritm_ecg_p_08', 'cat_binary__n_r_ecg_p_01', 'cat_binary__n_r_ecg_p_06', 'cat_binary__n_p_ecg_p_06', 'cat_binary__n_p_ecg_p_09', 'cat_binary__n_p_ecg_p_10', 'cat_binary__fibr_ter_05', 'cat_binary__fibr_ter_06', 'cat_binary__NITR_S', 'cat_binary__ANT_CA_S_n', 'cat_binary__GEPAR_S_n', 'cat_binary__ASP_S_n']"
csl_fp1_fn10__mec_fp1_fn10,10,9,Exponential,generalization,25,0,132,0,0.1592356687898089,0.1592356687898089,1.0,0.27472527472527475,0.0,1.0,0.5,0.0,0.0,0.0,0.793939393939394,0.5637798993033665,0.8407643312101911,0.3463013172149658,157,"['num_log1p_standard_scaler__L_BLOOD', 'num_log1p_standard_scaler__AST_BLOOD', 'num_log1p_standard_scaler__ROE', 'num_log1p_standard_scaler__K_BLOOD', 'num_standard_scaler__AGE', 'num_standard_scaler__S_AD_ORIT', 'num_standard_scaler__D_AD_ORIT', 'num_standard_scaler__NA_BLOOD', 'cat_nominal__IBS_POST_0.0', 'cat_nominal__IBS_POST_1.0', 'cat_nominal__IBS_POST_2.0', 'cat_ordinal__INF_ANAM', 'cat_ordinal__STENOK_AN', 'cat_ordinal__GB', 'cat_ordinal__DLIT_AG', 'cat_ordinal__TIME_B_S', 'cat_ordinal__ant_im', 'cat_ordinal__lat_im', 'cat_ordinal__inf_im', 'cat_ordinal__post_im', 'cat_partial_ordinal__HF_right_line', 'cat_binary__SEX', 'cat_binary__SIM_GIPERT', 'cat_binary__nr_02', 'cat_binary__nr_03', 'cat_binary__nr_07', 'cat_binary__nr_08', 'cat_binary__np_05', 'cat_binary__np_08', 'cat_binary__endocr_02', 'cat_binary__zab_leg_02', 'cat_binary__zab_leg_03', 'cat_binary__zab_leg_06', 'cat_binary__O_L_POST', 'cat_binary__K_SH_POST', 'cat_binary__SVT_POST', 'cat_binary__GT_POST', 'cat_binary__IM_PG_P', 'cat_binary__ritm_ecg_p_01', 'cat_binary__ritm_ecg_p_04', 'cat_binary__ritm_ecg_p_06', 'cat_binary__ritm_ecg_p_07', 'cat_binary__ritm_ecg_p_08', 'cat_binary__n_r_ecg_p_01', 'cat_binary__n_r_ecg_p_03', 'cat_binary__n_r_ecg_p_05', 'cat_binary__n_r_ecg_p_09', 'cat_binary__n_p_ecg_p_03', 'cat_binary__n_p_ecg_p_04', 'cat_binary__n_p_ecg_p_06', 'cat_binary__n_p_ecg_p_08', 'cat_binary__n_p_ecg_p_09', 'cat_binary__n_p_ecg_p_10', 'cat_binary__n_p_ecg_p_12', 'cat_binary__fibr_ter_07', 'cat_binary__GIPO_K', 'cat_binary__GIPER_NA', 'cat_binary__NITR_S', 'cat_binary__LID_S_n', 'cat_binary__B_BLOK_S_n', 'cat_binary__ANT_CA_S_n', 'cat_binary__GEPAR_S_n', 'cat_binary__ASP_S_n', 'cat_binary__TIKL_S_n', 'cat_binary__TRENT_S_n']"
csl_fp1_fn10__mec_fp1_fn10,10,10,Exponential,generalization,25,0,132,0,0.1592356687898089,0.1592356687898089,1.0,0.27472527472527475,0.0,1.0,0.5,0.0,0.0,0.0,0.8524242424242424,0.6844139671523021,0.8407643312101911,0.40242981910705566,157,"['num_log1p_standard_scaler__L_BLOOD', 'num_log1p_standard_scaler__AST_BLOOD', 'num_log1p_standard_scaler__ROE', 'num_standard_scaler__AGE', 'num_standard_scaler__S_AD_ORIT', 'num_standard_scaler__D_AD_ORIT', 'num_standard_scaler__NA_BLOOD', 'cat_nominal__IBS_POST_2.0', 'cat_ordinal__STENOK_AN', 'cat_ordinal__FK_STENOK', 'cat_ordinal__GB', 'cat_ordinal__DLIT_AG', 'cat_ordinal__TIME_B_S', 'cat_ordinal__ant_im', 'cat_partial_ordinal__HF_right_line', 'cat_binary__SEX', 'cat_binary__nr_03', 'cat_binary__nr_04', 'cat_binary__nr_07', 'cat_binary__nr_08', 'cat_binary__np_01', 'cat_binary__np_04', 'cat_binary__np_05', 'cat_binary__np_07', 'cat_binary__np_08', 'cat_binary__np_09', 'cat_binary__np_10', 'cat_binary__endocr_01', 'cat_binary__endocr_02', 'cat_binary__endocr_03', 'cat_binary__zab_leg_01', 'cat_binary__zab_leg_02', 'cat_binary__zab_leg_03', 'cat_binary__zab_leg_04', 'cat_binary__zab_leg_06', 'cat_binary__O_L_POST', 'cat_binary__K_SH_POST', 'cat_binary__MP_TP_POST', 'cat_binary__SVT_POST', 'cat_binary__GT_POST', 'cat_binary__FIB_G_POST', 'cat_binary__IM_PG_P', 'cat_binary__ritm_ecg_p_01', 'cat_binary__ritm_ecg_p_02', 'cat_binary__ritm_ecg_p_04', 'cat_binary__ritm_ecg_p_06', 'cat_binary__ritm_ecg_p_07', 'cat_binary__ritm_ecg_p_08', 'cat_binary__n_r_ecg_p_01', 'cat_binary__n_r_ecg_p_02', 'cat_binary__n_r_ecg_p_03', 'cat_binary__n_r_ecg_p_04', 'cat_binary__n_r_ecg_p_05', 'cat_binary__n_r_ecg_p_06', 'cat_binary__n_r_ecg_p_08', 'cat_binary__n_r_ecg_p_09', 'cat_binary__n_r_ecg_p_10', 'cat_binary__n_p_ecg_p_01', 'cat_binary__n_p_ecg_p_03', 'cat_binary__n_p_ecg_p_04', 'cat_binary__n_p_ecg_p_05', 'cat_binary__n_p_ecg_p_06', 'cat_binary__n_p_ecg_p_07', 'cat_binary__n_p_ecg_p_08', 'cat_binary__n_p_ecg_p_09', 'cat_binary__n_p_ecg_p_10', 'cat_binary__n_p_ecg_p_11', 'cat_binary__n_p_ecg_p_12', 'cat_binary__fibr_ter_01', 'cat_binary__fibr_ter_02', 'cat_binary__fibr_ter_03', 'cat_binary__fibr_ter_05', 'cat_binary__fibr_ter_06', 'cat_binary__fibr_ter_07', 'cat_binary__fibr_ter_08', 'cat_binary__GIPO_K', 'cat_binary__GIPER_NA', 'cat_binary__NITR_S', 'cat_binary__LID_S_n', 'cat_binary__B_BLOK_S_n', 'cat_binary__ANT_CA_S_n', 'cat_binary__GEPAR_S_n', 'cat_binary__ASP_S_n', 'cat_binary__TIKL_S_n', 'cat_binary__TRENT_S_n']"
