experiment_name,iteration,fold,model,split,tp,tn,fp,fn,accuracy,precision,recall,f1,specificity,fpr,balanced_accuracy,geometric_mean,mcc,kappa,roc_auc,average_precision,average_cost,score_time,fold_size,selected_features_names
baseline__standard,1,1,StackingClassifier,generalization,10,128,5,15,0.8734177215189873,0.6666666666666666,0.4,0.5,0.9624060150375939,0.03759398496240607,0.6812030075187969,0.620453387463585,0.45120881314872086,0.43267504488330344,0.8126315789473685,0.5798591139032504,0.9810126582278481,0.15528082847595215,158,"['num_log1p_standard_scaler__L_BLOOD', 'num_log1p_standard_scaler__ALT_BLOOD', 'num_log1p_standard_scaler__AST_BLOOD', 'num_log1p_standard_scaler__ROE', 'num_log1p_standard_scaler__K_BLOOD', 'num_standard_scaler__AGE', 'num_standard_scaler__S_AD_ORIT', 'num_standard_scaler__D_AD_ORIT', 'num_standard_scaler__NA_BLOOD', 'cat_nominal__IBS_POST_0.0', 'cat_nominal__IBS_POST_1.0', 'cat_nominal__IBS_POST_2.0', 'cat_ordinal__INF_ANAM', 'cat_ordinal__STENOK_AN', 'cat_ordinal__FK_STENOK', 'cat_ordinal__GB', 'cat_ordinal__DLIT_AG', 'cat_ordinal__TIME_B_S', 'cat_ordinal__ant_im', 'cat_ordinal__lat_im', 'cat_ordinal__inf_im', 'cat_ordinal__post_im', 'cat_partial_ordinal__HF_right_line', 'cat_partial_ordinal__HF_left_line', 'cat_binary__SEX', 'cat_binary__SIM_GIPERT', 'cat_binary__nr_11', 'cat_binary__nr_01', 'cat_binary__nr_02', 'cat_binary__nr_03', 'cat_binary__nr_04', 'cat_binary__nr_07', 'cat_binary__nr_08', 'cat_binary__np_01', 'cat_binary__np_04', 'cat_binary__np_05', 'cat_binary__np_07', 'cat_binary__np_08', 'cat_binary__np_09', 'cat_binary__np_10', 'cat_binary__endocr_01', 'cat_binary__endocr_02', 'cat_binary__endocr_03', 'cat_binary__zab_leg_01', 'cat_binary__zab_leg_02', 'cat_binary__zab_leg_03', 'cat_binary__zab_leg_04', 'cat_binary__zab_leg_06', 'cat_binary__O_L_POST', 'cat_binary__K_SH_POST', 'cat_binary__MP_TP_POST', 'cat_binary__SVT_POST', 'cat_binary__GT_POST', 'cat_binary__FIB_G_POST', 'cat_binary__IM_PG_P', 'cat_binary__ritm_ecg_p_01', 'cat_binary__ritm_ecg_p_02', 'cat_binary__ritm_ecg_p_04', 'cat_binary__ritm_ecg_p_06', 'cat_binary__ritm_ecg_p_07', 'cat_binary__ritm_ecg_p_08', 'cat_binary__n_r_ecg_p_01', 'cat_binary__n_r_ecg_p_02', 'cat_binary__n_r_ecg_p_03', 'cat_binary__n_r_ecg_p_04', 'cat_binary__n_r_ecg_p_05', 'cat_binary__n_r_ecg_p_06', 'cat_binary__n_r_ecg_p_08', 'cat_binary__n_r_ecg_p_09', 'cat_binary__n_r_ecg_p_10', 'cat_binary__n_p_ecg_p_01', 'cat_binary__n_p_ecg_p_03', 'cat_binary__n_p_ecg_p_04', 'cat_binary__n_p_ecg_p_05', 'cat_binary__n_p_ecg_p_06', 'cat_binary__n_p_ecg_p_07', 'cat_binary__n_p_ecg_p_08', 'cat_binary__n_p_ecg_p_09', 'cat_binary__n_p_ecg_p_10', 'cat_binary__n_p_ecg_p_11', 'cat_binary__n_p_ecg_p_12', 'cat_binary__fibr_ter_01', 'cat_binary__fibr_ter_02', 'cat_binary__fibr_ter_03', 'cat_binary__fibr_ter_05', 'cat_binary__fibr_ter_06', 'cat_binary__fibr_ter_07', 'cat_binary__fibr_ter_08', 'cat_binary__GIPO_K', 'cat_binary__GIPER_NA', 'cat_binary__NITR_S', 'cat_binary__LID_S_n', 'cat_binary__B_BLOK_S_n', 'cat_binary__ANT_CA_S_n', 'cat_binary__GEPAR_S_n', 'cat_binary__ASP_S_n', 'cat_binary__TIKL_S_n', 'cat_binary__TRENT_S_n']"
baseline__standard,1,2,StackingClassifier,generalization,10,126,6,16,0.8607594936708861,0.625,0.38461538461538464,0.47619047619047616,0.9545454545454546,0.045454545454545414,0.6695804195804196,0.6059149009001736,0.4168455573165976,0.40110268780151626,0.8091491841491841,0.6308500940519943,1.0506329113924051,0.1615452766418457,158,"['num_log1p_standard_scaler__L_BLOOD', 'num_log1p_standard_scaler__ALT_BLOOD', 'num_log1p_standard_scaler__AST_BLOOD', 'num_log1p_standard_scaler__ROE', 'num_log1p_standard_scaler__K_BLOOD', 'num_standard_scaler__AGE', 'num_standard_scaler__S_AD_ORIT', 'num_standard_scaler__D_AD_ORIT', 'num_standard_scaler__NA_BLOOD', 'cat_nominal__IBS_POST_0.0', 'cat_nominal__IBS_POST_1.0', 'cat_nominal__IBS_POST_2.0', 'cat_ordinal__INF_ANAM', 'cat_ordinal__STENOK_AN', 'cat_ordinal__FK_STENOK', 'cat_ordinal__GB', 'cat_ordinal__DLIT_AG', 'cat_ordinal__TIME_B_S', 'cat_ordinal__ant_im', 'cat_ordinal__lat_im', 'cat_ordinal__inf_im', 'cat_ordinal__post_im', 'cat_partial_ordinal__HF_right_line', 'cat_partial_ordinal__HF_left_line', 'cat_binary__SEX', 'cat_binary__SIM_GIPERT', 'cat_binary__nr_11', 'cat_binary__nr_01', 'cat_binary__nr_02', 'cat_binary__nr_03', 'cat_binary__nr_04', 'cat_binary__nr_07', 'cat_binary__nr_08', 'cat_binary__np_01', 'cat_binary__np_04', 'cat_binary__np_05', 'cat_binary__np_07', 'cat_binary__np_08', 'cat_binary__np_09', 'cat_binary__np_10', 'cat_binary__endocr_01', 'cat_binary__endocr_02', 'cat_binary__endocr_03', 'cat_binary__zab_leg_01', 'cat_binary__zab_leg_02', 'cat_binary__zab_leg_03', 'cat_binary__zab_leg_04', 'cat_binary__zab_leg_06', 'cat_binary__O_L_POST', 'cat_binary__K_SH_POST', 'cat_binary__MP_TP_POST', 'cat_binary__SVT_POST', 'cat_binary__GT_POST', 'cat_binary__FIB_G_POST', 'cat_binary__IM_PG_P', 'cat_binary__ritm_ecg_p_01', 'cat_binary__ritm_ecg_p_02', 'cat_binary__ritm_ecg_p_04', 'cat_binary__ritm_ecg_p_06', 'cat_binary__ritm_ecg_p_07', 'cat_binary__ritm_ecg_p_08', 'cat_binary__n_r_ecg_p_01', 'cat_binary__n_r_ecg_p_02', 'cat_binary__n_r_ecg_p_03', 'cat_binary__n_r_ecg_p_04', 'cat_binary__n_r_ecg_p_05', 'cat_binary__n_r_ecg_p_06', 'cat_binary__n_r_ecg_p_08', 'cat_binary__n_r_ecg_p_09', 'cat_binary__n_r_ecg_p_10', 'cat_binary__n_p_ecg_p_01', 'cat_binary__n_p_ecg_p_03', 'cat_binary__n_p_ecg_p_04', 'cat_binary__n_p_ecg_p_05', 'cat_binary__n_p_ecg_p_06', 'cat_binary__n_p_ecg_p_07', 'cat_binary__n_p_ecg_p_08', 'cat_binary__n_p_ecg_p_09', 'cat_binary__n_p_ecg_p_10', 'cat_binary__n_p_ecg_p_11', 'cat_binary__n_p_ecg_p_12', 'cat_binary__fibr_ter_01', 'cat_binary__fibr_ter_02', 'cat_binary__fibr_ter_03', 'cat_binary__fibr_ter_05', 'cat_binary__fibr_ter_06', 'cat_binary__fibr_ter_07', 'cat_binary__fibr_ter_08', 'cat_binary__GIPO_K', 'cat_binary__GIPER_NA', 'cat_binary__NITR_S', 'cat_binary__LID_S_n', 'cat_binary__B_BLOK_S_n', 'cat_binary__ANT_CA_S_n', 'cat_binary__GEPAR_S_n', 'cat_binary__ASP_S_n', 'cat_binary__TIKL_S_n', 'cat_binary__TRENT_S_n']"
baseline__standard,1,3,StackingClassifier,generalization,10,131,1,15,0.8980891719745223,0.9090909090909091,0.4,0.5555555555555556,0.9924242424242424,0.007575757575757569,0.6962121212121213,0.630055312627151,0.5625226681135528,0.5076440611524893,0.9296969696969697,0.7510207443307024,0.9617834394904459,0.1869499683380127,157,"['num_log1p_standard_scaler__L_BLOOD', 'num_log1p_standard_scaler__ROE', 'num_standard_scaler__AGE', 'num_standard_scaler__S_AD_ORIT', 'num_standard_scaler__D_AD_ORIT', 'num_standard_scaler__NA_BLOOD', 'cat_nominal__IBS_POST_2.0', 'cat_ordinal__STENOK_AN', 'cat_ordinal__DLIT_AG', 'cat_ordinal__TIME_B_S', 'cat_ordinal__ant_im', 'cat_partial_ordinal__HF_right_line', 'cat_partial_ordinal__HF_left_line', 'cat_binary__nr_11', 'cat_binary__nr_02', 'cat_binary__nr_03', 'cat_binary__nr_04', 'cat_binary__nr_08', 'cat_binary__np_08', 'cat_binary__np_09', 'cat_binary__endocr_02', 'cat_binary__zab_leg_01', 'cat_binary__zab_leg_02', 'cat_binary__zab_leg_03', 'cat_binary__zab_leg_04', 'cat_binary__zab_leg_06', 'cat_binary__O_L_POST', 'cat_binary__K_SH_POST', 'cat_binary__MP_TP_POST', 'cat_binary__IM_PG_P', 'cat_binary__ritm_ecg_p_01', 'cat_binary__ritm_ecg_p_02', 'cat_binary__ritm_ecg_p_04', 'cat_binary__ritm_ecg_p_07', 'cat_binary__n_r_ecg_p_01', 'cat_binary__n_r_ecg_p_02', 'cat_binary__n_r_ecg_p_03', 'cat_binary__n_r_ecg_p_05', 'cat_binary__n_r_ecg_p_06', 'cat_binary__n_p_ecg_p_10', 'cat_binary__n_p_ecg_p_12', 'cat_binary__fibr_ter_06', 'cat_binary__GIPER_NA', 'cat_binary__NITR_S', 'cat_binary__B_BLOK_S_n', 'cat_binary__ANT_CA_S_n', 'cat_binary__GEPAR_S_n', 'cat_binary__ASP_S_n', 'cat_binary__TIKL_S_n', 'cat_binary__TRENT_S_n']"
baseline__standard,1,4,StackingClassifier,generalization,10,129,3,15,0.8853503184713376,0.7692307692307693,0.4,0.5263157894736842,0.9772727272727273,0.022727272727272707,0.6886363636363637,0.6252272314199782,0.5009097201947151,0.4683972911963882,0.9024242424242424,0.6382973505208223,0.9745222929936306,0.12016034126281738,157,"['num_log1p_standard_scaler__L_BLOOD', 'num_log1p_standard_scaler__ROE', 'num_log1p_standard_scaler__K_BLOOD', 'num_standard_scaler__AGE', 'num_standard_scaler__S_AD_ORIT', 'num_standard_scaler__D_AD_ORIT', 'num_standard_scaler__NA_BLOOD', 'cat_nominal__IBS_POST_0.0', 'cat_nominal__IBS_POST_1.0', 'cat_nominal__IBS_POST_2.0', 'cat_ordinal__INF_ANAM', 'cat_ordinal__STENOK_AN', 'cat_ordinal__FK_STENOK', 'cat_ordinal__DLIT_AG', 'cat_ordinal__TIME_B_S', 'cat_ordinal__ant_im', 'cat_ordinal__lat_im', 'cat_ordinal__inf_im', 'cat_ordinal__post_im', 'cat_partial_ordinal__HF_right_line', 'cat_partial_ordinal__HF_left_line', 'cat_binary__SEX', 'cat_binary__nr_11', 'cat_binary__nr_01', 'cat_binary__nr_03', 'cat_binary__np_04', 'cat_binary__np_07', 'cat_binary__np_10', 'cat_binary__endocr_02', 'cat_binary__endocr_03', 'cat_binary__zab_leg_02', 'cat_binary__zab_leg_03', 'cat_binary__zab_leg_04', 'cat_binary__O_L_POST', 'cat_binary__K_SH_POST', 'cat_binary__MP_TP_POST', 'cat_binary__FIB_G_POST', 'cat_binary__IM_PG_P', 'cat_binary__ritm_ecg_p_01', 'cat_binary__ritm_ecg_p_02', 'cat_binary__ritm_ecg_p_04', 'cat_binary__ritm_ecg_p_06', 'cat_binary__ritm_ecg_p_07', 'cat_binary__ritm_ecg_p_08', 'cat_binary__n_r_ecg_p_04', 'cat_binary__n_r_ecg_p_05', 'cat_binary__n_r_ecg_p_08', 'cat_binary__n_r_ecg_p_09', 'cat_binary__n_r_ecg_p_10', 'cat_binary__n_p_ecg_p_06', 'cat_binary__n_p_ecg_p_07', 'cat_binary__n_p_ecg_p_12', 'cat_binary__fibr_ter_06', 'cat_binary__fibr_ter_07', 'cat_binary__fibr_ter_08', 'cat_binary__GIPO_K', 'cat_binary__GIPER_NA', 'cat_binary__NITR_S', 'cat_binary__LID_S_n', 'cat_binary__B_BLOK_S_n', 'cat_binary__ANT_CA_S_n', 'cat_binary__GEPAR_S_n', 'cat_binary__ASP_S_n', 'cat_binary__TIKL_S_n', 'cat_binary__TRENT_S_n']"
baseline__standard,1,5,StackingClassifier,generalization,9,127,5,16,0.8662420382165605,0.6428571428571429,0.36,0.46153846153846156,0.9621212121212122,0.037878787878787845,0.6610606060606061,0.5885266658050733,0.41356545776281856,0.3920339295592845,0.8172727272727273,0.6354369728585122,1.0509554140127388,0.19046711921691895,157,"['num_log1p_standard_scaler__L_BLOOD', 'num_log1p_standard_scaler__ALT_BLOOD', 'num_log1p_standard_scaler__AST_BLOOD', 'num_log1p_standard_scaler__ROE', 'num_log1p_standard_scaler__K_BLOOD', 'num_standard_scaler__AGE', 'num_standard_scaler__S_AD_ORIT', 'num_standard_scaler__D_AD_ORIT', 'num_standard_scaler__NA_BLOOD', 'cat_nominal__IBS_POST_0.0', 'cat_nominal__IBS_POST_1.0', 'cat_nominal__IBS_POST_2.0', 'cat_ordinal__INF_ANAM', 'cat_ordinal__STENOK_AN', 'cat_ordinal__FK_STENOK', 'cat_ordinal__GB', 'cat_ordinal__DLIT_AG', 'cat_ordinal__TIME_B_S', 'cat_ordinal__ant_im', 'cat_ordinal__lat_im', 'cat_ordinal__inf_im', 'cat_ordinal__post_im', 'cat_partial_ordinal__HF_right_line', 'cat_partial_ordinal__HF_left_line', 'cat_binary__SEX', 'cat_binary__SIM_GIPERT', 'cat_binary__nr_11', 'cat_binary__nr_01', 'cat_binary__nr_02', 'cat_binary__nr_03', 'cat_binary__nr_04', 'cat_binary__nr_07', 'cat_binary__nr_08', 'cat_binary__np_01', 'cat_binary__np_04', 'cat_binary__np_05', 'cat_binary__np_07', 'cat_binary__np_08', 'cat_binary__np_09', 'cat_binary__np_10', 'cat_binary__endocr_01', 'cat_binary__endocr_02', 'cat_binary__endocr_03', 'cat_binary__zab_leg_01', 'cat_binary__zab_leg_02', 'cat_binary__zab_leg_03', 'cat_binary__zab_leg_04', 'cat_binary__zab_leg_06', 'cat_binary__O_L_POST', 'cat_binary__K_SH_POST', 'cat_binary__MP_TP_POST', 'cat_binary__SVT_POST', 'cat_binary__GT_POST', 'cat_binary__FIB_G_POST', 'cat_binary__IM_PG_P', 'cat_binary__ritm_ecg_p_01', 'cat_binary__ritm_ecg_p_02', 'cat_binary__ritm_ecg_p_04', 'cat_binary__ritm_ecg_p_06', 'cat_binary__ritm_ecg_p_07', 'cat_binary__ritm_ecg_p_08', 'cat_binary__n_r_ecg_p_01', 'cat_binary__n_r_ecg_p_02', 'cat_binary__n_r_ecg_p_03', 'cat_binary__n_r_ecg_p_04', 'cat_binary__n_r_ecg_p_05', 'cat_binary__n_r_ecg_p_06', 'cat_binary__n_r_ecg_p_08', 'cat_binary__n_r_ecg_p_09', 'cat_binary__n_r_ecg_p_10', 'cat_binary__n_p_ecg_p_01', 'cat_binary__n_p_ecg_p_03', 'cat_binary__n_p_ecg_p_04', 'cat_binary__n_p_ecg_p_05', 'cat_binary__n_p_ecg_p_06', 'cat_binary__n_p_ecg_p_07', 'cat_binary__n_p_ecg_p_08', 'cat_binary__n_p_ecg_p_09', 'cat_binary__n_p_ecg_p_10', 'cat_binary__n_p_ecg_p_11', 'cat_binary__n_p_ecg_p_12', 'cat_binary__fibr_ter_01', 'cat_binary__fibr_ter_02', 'cat_binary__fibr_ter_03', 'cat_binary__fibr_ter_05', 'cat_binary__fibr_ter_06', 'cat_binary__fibr_ter_07', 'cat_binary__fibr_ter_08', 'cat_binary__GIPO_K', 'cat_binary__GIPER_NA', 'cat_binary__NITR_S', 'cat_binary__LID_S_n', 'cat_binary__B_BLOK_S_n', 'cat_binary__ANT_CA_S_n', 'cat_binary__GEPAR_S_n', 'cat_binary__ASP_S_n', 'cat_binary__TIKL_S_n', 'cat_binary__TRENT_S_n']"
baseline__standard,1,6,StackingClassifier,generalization,13,127,5,12,0.89171974522293,0.7222222222222222,0.52,0.6046511627906976,0.9621212121212122,0.037878787878787845,0.7410606060606061,0.7073210235126837,0.5536936680615899,0.5438386600581098,0.8921212121212121,0.668738427736042,0.7961783439490446,0.12541484832763672,157,"['num_log1p_standard_scaler__L_BLOOD', 'num_log1p_standard_scaler__ALT_BLOOD', 'num_log1p_standard_scaler__AST_BLOOD', 'num_log1p_standard_scaler__ROE', 'num_log1p_standard_scaler__K_BLOOD', 'num_standard_scaler__AGE', 'num_standard_scaler__S_AD_ORIT', 'num_standard_scaler__D_AD_ORIT', 'num_standard_scaler__NA_BLOOD', 'cat_nominal__IBS_POST_0.0', 'cat_nominal__IBS_POST_1.0', 'cat_nominal__IBS_POST_2.0', 'cat_ordinal__INF_ANAM', 'cat_ordinal__STENOK_AN', 'cat_ordinal__FK_STENOK', 'cat_ordinal__GB', 'cat_ordinal__DLIT_AG', 'cat_ordinal__TIME_B_S', 'cat_ordinal__ant_im', 'cat_ordinal__lat_im', 'cat_ordinal__inf_im', 'cat_ordinal__post_im', 'cat_partial_ordinal__HF_right_line', 'cat_partial_ordinal__HF_left_line', 'cat_binary__SEX', 'cat_binary__SIM_GIPERT', 'cat_binary__nr_11', 'cat_binary__nr_01', 'cat_binary__nr_02', 'cat_binary__nr_03', 'cat_binary__nr_04', 'cat_binary__nr_07', 'cat_binary__nr_08', 'cat_binary__np_01', 'cat_binary__np_04', 'cat_binary__np_05', 'cat_binary__np_07', 'cat_binary__np_08', 'cat_binary__np_09', 'cat_binary__np_10', 'cat_binary__endocr_01', 'cat_binary__endocr_02', 'cat_binary__endocr_03', 'cat_binary__zab_leg_01', 'cat_binary__zab_leg_02', 'cat_binary__zab_leg_03', 'cat_binary__zab_leg_04', 'cat_binary__zab_leg_06', 'cat_binary__O_L_POST', 'cat_binary__K_SH_POST', 'cat_binary__MP_TP_POST', 'cat_binary__SVT_POST', 'cat_binary__GT_POST', 'cat_binary__FIB_G_POST', 'cat_binary__IM_PG_P', 'cat_binary__ritm_ecg_p_01', 'cat_binary__ritm_ecg_p_02', 'cat_binary__ritm_ecg_p_04', 'cat_binary__ritm_ecg_p_06', 'cat_binary__ritm_ecg_p_07', 'cat_binary__ritm_ecg_p_08', 'cat_binary__n_r_ecg_p_01', 'cat_binary__n_r_ecg_p_02', 'cat_binary__n_r_ecg_p_03', 'cat_binary__n_r_ecg_p_04', 'cat_binary__n_r_ecg_p_05', 'cat_binary__n_r_ecg_p_06', 'cat_binary__n_r_ecg_p_08', 'cat_binary__n_r_ecg_p_09', 'cat_binary__n_r_ecg_p_10', 'cat_binary__n_p_ecg_p_01', 'cat_binary__n_p_ecg_p_03', 'cat_binary__n_p_ecg_p_04', 'cat_binary__n_p_ecg_p_05', 'cat_binary__n_p_ecg_p_06', 'cat_binary__n_p_ecg_p_07', 'cat_binary__n_p_ecg_p_08', 'cat_binary__n_p_ecg_p_09', 'cat_binary__n_p_ecg_p_10', 'cat_binary__n_p_ecg_p_11', 'cat_binary__n_p_ecg_p_12', 'cat_binary__fibr_ter_01', 'cat_binary__fibr_ter_02', 'cat_binary__fibr_ter_03', 'cat_binary__fibr_ter_05', 'cat_binary__fibr_ter_06', 'cat_binary__fibr_ter_07', 'cat_binary__fibr_ter_08', 'cat_binary__GIPO_K', 'cat_binary__GIPER_NA', 'cat_binary__NITR_S', 'cat_binary__LID_S_n', 'cat_binary__B_BLOK_S_n', 'cat_binary__ANT_CA_S_n', 'cat_binary__GEPAR_S_n', 'cat_binary__ASP_S_n', 'cat_binary__TIKL_S_n', 'cat_binary__TRENT_S_n']"
baseline__standard,1,7,StackingClassifier,generalization,14,131,1,11,0.9235668789808917,0.9333333333333333,0.56,0.7,0.9924242424242424,0.007575757575757569,0.7762121212121212,0.7454914994535993,0.687606378945042,0.6593128390596745,0.906969696969697,0.7965755621752827,0.7070063694267515,0.15619826316833496,157,"['num_log1p_standard_scaler__L_BLOOD', 'num_log1p_standard_scaler__AST_BLOOD', 'num_log1p_standard_scaler__K_BLOOD', 'num_standard_scaler__AGE', 'num_standard_scaler__S_AD_ORIT', 'num_standard_scaler__D_AD_ORIT', 'cat_nominal__IBS_POST_0.0', 'cat_nominal__IBS_POST_1.0', 'cat_nominal__IBS_POST_2.0', 'cat_ordinal__INF_ANAM', 'cat_ordinal__STENOK_AN', 'cat_ordinal__FK_STENOK', 'cat_ordinal__TIME_B_S', 'cat_ordinal__ant_im', 'cat_ordinal__lat_im', 'cat_ordinal__inf_im', 'cat_partial_ordinal__HF_right_line', 'cat_partial_ordinal__HF_left_line', 'cat_binary__SEX', 'cat_binary__nr_02', 'cat_binary__nr_07', 'cat_binary__nr_08', 'cat_binary__np_05', 'cat_binary__np_08', 'cat_binary__np_09', 'cat_binary__endocr_01', 'cat_binary__endocr_02', 'cat_binary__zab_leg_02', 'cat_binary__O_L_POST', 'cat_binary__K_SH_POST', 'cat_binary__MP_TP_POST', 'cat_binary__IM_PG_P', 'cat_binary__ritm_ecg_p_01', 'cat_binary__ritm_ecg_p_07', 'cat_binary__n_r_ecg_p_05', 'cat_binary__n_r_ecg_p_06', 'cat_binary__n_r_ecg_p_08', 'cat_binary__n_p_ecg_p_03', 'cat_binary__n_p_ecg_p_05', 'cat_binary__n_p_ecg_p_12', 'cat_binary__fibr_ter_01', 'cat_binary__fibr_ter_02', 'cat_binary__fibr_ter_03', 'cat_binary__fibr_ter_06', 'cat_binary__fibr_ter_07', 'cat_binary__fibr_ter_08', 'cat_binary__NITR_S', 'cat_binary__B_BLOK_S_n', 'cat_binary__ANT_CA_S_n', 'cat_binary__ASP_S_n']"
baseline__standard,1,8,StackingClassifier,generalization,9,130,2,16,0.8853503184713376,0.8181818181818182,0.36,0.5,0.9848484848484849,0.015151515151515138,0.6724242424242424,0.5954371961386479,0.4943249392380101,0.44609956879655044,0.880909090909091,0.7114244227781734,1.0318471337579618,0.07322192192077637,157,"['num_log1p_standard_scaler__L_BLOOD', 'num_log1p_standard_scaler__ROE', 'num_log1p_standard_scaler__K_BLOOD', 'num_standard_scaler__AGE', 'num_standard_scaler__S_AD_ORIT', 'num_standard_scaler__D_AD_ORIT', 'num_standard_scaler__NA_BLOOD', 'cat_nominal__IBS_POST_0.0', 'cat_nominal__IBS_POST_1.0', 'cat_nominal__IBS_POST_2.0', 'cat_ordinal__STENOK_AN', 'cat_ordinal__GB', 'cat_ordinal__DLIT_AG', 'cat_ordinal__TIME_B_S', 'cat_ordinal__ant_im', 'cat_ordinal__inf_im', 'cat_partial_ordinal__HF_right_line', 'cat_binary__SEX', 'cat_binary__nr_11', 'cat_binary__nr_04', 'cat_binary__nr_08', 'cat_binary__np_01', 'cat_binary__np_04', 'cat_binary__np_05', 'cat_binary__np_08', 'cat_binary__np_09', 'cat_binary__endocr_01', 'cat_binary__endocr_02', 'cat_binary__zab_leg_02', 'cat_binary__zab_leg_03', 'cat_binary__zab_leg_04', 'cat_binary__zab_leg_06', 'cat_binary__O_L_POST', 'cat_binary__K_SH_POST', 'cat_binary__MP_TP_POST', 'cat_binary__SVT_POST', 'cat_binary__IM_PG_P', 'cat_binary__ritm_ecg_p_01', 'cat_binary__ritm_ecg_p_02', 'cat_binary__ritm_ecg_p_04', 'cat_binary__ritm_ecg_p_07', 'cat_binary__n_r_ecg_p_01', 'cat_binary__n_r_ecg_p_05', 'cat_binary__n_r_ecg_p_06', 'cat_binary__n_r_ecg_p_08', 'cat_binary__n_r_ecg_p_09', 'cat_binary__n_r_ecg_p_10', 'cat_binary__n_p_ecg_p_01', 'cat_binary__n_p_ecg_p_03', 'cat_binary__n_p_ecg_p_04', 'cat_binary__n_p_ecg_p_05', 'cat_binary__n_p_ecg_p_06', 'cat_binary__n_p_ecg_p_07', 'cat_binary__n_p_ecg_p_08', 'cat_binary__n_p_ecg_p_09', 'cat_binary__n_p_ecg_p_10', 'cat_binary__n_p_ecg_p_11', 'cat_binary__n_p_ecg_p_12', 'cat_binary__fibr_ter_01', 'cat_binary__fibr_ter_02', 'cat_binary__fibr_ter_03', 'cat_binary__fibr_ter_05', 'cat_binary__fibr_ter_06', 'cat_binary__fibr_ter_07', 'cat_binary__fibr_ter_08', 'cat_binary__GIPO_K', 'cat_binary__GIPER_NA', 'cat_binary__NITR_S', 'cat_binary__LID_S_n', 'cat_binary__B_BLOK_S_n', 'cat_binary__ANT_CA_S_n', 'cat_binary__GEPAR_S_n', 'cat_binary__ASP_S_n', 'cat_binary__TIKL_S_n', 'cat_binary__TRENT_S_n']"
baseline__standard,1,9,StackingClassifier,generalization,7,122,10,18,0.821656050955414,0.4117647058823529,0.28,0.3333333333333333,0.9242424242424242,0.0757575757575758,0.6021212121212121,0.5087119801890642,0.2404996496611592,0.23467966573816157,0.8112121212121213,0.4870512576337438,1.2101910828025477,0.16084003448486328,157,"['num_log1p_standard_scaler__L_BLOOD', 'num_log1p_standard_scaler__AST_BLOOD', 'num_log1p_standard_scaler__ROE', 'num_standard_scaler__AGE', 'num_standard_scaler__S_AD_ORIT', 'num_standard_scaler__D_AD_ORIT', 'num_standard_scaler__NA_BLOOD', 'cat_nominal__IBS_POST_1.0', 'cat_ordinal__INF_ANAM', 'cat_ordinal__STENOK_AN', 'cat_ordinal__FK_STENOK', 'cat_ordinal__GB', 'cat_ordinal__DLIT_AG', 'cat_ordinal__TIME_B_S', 'cat_ordinal__ant_im', 'cat_ordinal__inf_im', 'cat_partial_ordinal__HF_right_line', 'cat_partial_ordinal__HF_left_line', 'cat_binary__SEX', 'cat_binary__nr_11', 'cat_binary__nr_01', 'cat_binary__nr_02', 'cat_binary__nr_04', 'cat_binary__nr_08', 'cat_binary__np_04', 'cat_binary__np_07', 'cat_binary__np_09', 'cat_binary__np_10', 'cat_binary__endocr_01', 'cat_binary__zab_leg_01', 'cat_binary__zab_leg_02', 'cat_binary__zab_leg_04', 'cat_binary__O_L_POST', 'cat_binary__K_SH_POST', 'cat_binary__IM_PG_P', 'cat_binary__ritm_ecg_p_01', 'cat_binary__ritm_ecg_p_06', 'cat_binary__ritm_ecg_p_08', 'cat_binary__n_r_ecg_p_01', 'cat_binary__n_r_ecg_p_02', 'cat_binary__n_r_ecg_p_04', 'cat_binary__n_r_ecg_p_05', 'cat_binary__n_r_ecg_p_06', 'cat_binary__n_r_ecg_p_10', 'cat_binary__n_p_ecg_p_01', 'cat_binary__n_p_ecg_p_04', 'cat_binary__n_p_ecg_p_06', 'cat_binary__n_p_ecg_p_07', 'cat_binary__n_p_ecg_p_08', 'cat_binary__n_p_ecg_p_09', 'cat_binary__n_p_ecg_p_10', 'cat_binary__n_p_ecg_p_11', 'cat_binary__n_p_ecg_p_12', 'cat_binary__fibr_ter_01', 'cat_binary__fibr_ter_02', 'cat_binary__fibr_ter_03', 'cat_binary__fibr_ter_05', 'cat_binary__fibr_ter_06', 'cat_binary__fibr_ter_07', 'cat_binary__fibr_ter_08', 'cat_binary__GIPO_K', 'cat_binary__GIPER_NA', 'cat_binary__NITR_S', 'cat_binary__LID_S_n', 'cat_binary__B_BLOK_S_n', 'cat_binary__ANT_CA_S_n', 'cat_binary__GEPAR_S_n', 'cat_binary__ASP_S_n', 'cat_binary__TIKL_S_n', 'cat_binary__TRENT_S_n']"
baseline__standard,1,10,StackingClassifier,generalization,10,130,2,15,0.89171974522293,0.8333333333333334,0.4,0.5405405405405406,0.9848484848484849,0.015151515151515138,0.6924242424242424,0.6276459144608478,0.5299954325099089,0.48761758494912655,0.8569696969696969,0.6381037657753638,0.9681528662420382,0.16199636459350586,157,"['num_log1p_standard_scaler__L_BLOOD', 'num_log1p_standard_scaler__AST_BLOOD', 'num_log1p_standard_scaler__ROE', 'num_log1p_standard_scaler__K_BLOOD', 'num_standard_scaler__AGE', 'num_standard_scaler__S_AD_ORIT', 'num_standard_scaler__D_AD_ORIT', 'num_standard_scaler__NA_BLOOD', 'cat_nominal__IBS_POST_0.0', 'cat_nominal__IBS_POST_1.0', 'cat_ordinal__INF_ANAM', 'cat_ordinal__STENOK_AN', 'cat_ordinal__FK_STENOK', 'cat_ordinal__TIME_B_S', 'cat_ordinal__ant_im', 'cat_ordinal__lat_im', 'cat_ordinal__inf_im', 'cat_partial_ordinal__HF_right_line', 'cat_binary__SEX', 'cat_binary__SIM_GIPERT', 'cat_binary__nr_03', 'cat_binary__nr_07', 'cat_binary__nr_08', 'cat_binary__np_04', 'cat_binary__np_08', 'cat_binary__endocr_01', 'cat_binary__endocr_02', 'cat_binary__endocr_03', 'cat_binary__zab_leg_02', 'cat_binary__zab_leg_03', 'cat_binary__zab_leg_06', 'cat_binary__O_L_POST', 'cat_binary__K_SH_POST', 'cat_binary__MP_TP_POST', 'cat_binary__FIB_G_POST', 'cat_binary__IM_PG_P', 'cat_binary__ritm_ecg_p_01', 'cat_binary__ritm_ecg_p_04', 'cat_binary__ritm_ecg_p_06', 'cat_binary__ritm_ecg_p_07', 'cat_binary__n_r_ecg_p_01', 'cat_binary__n_r_ecg_p_02', 'cat_binary__n_r_ecg_p_04', 'cat_binary__n_r_ecg_p_05', 'cat_binary__n_r_ecg_p_06', 'cat_binary__n_r_ecg_p_10', 'cat_binary__n_p_ecg_p_03', 'cat_binary__n_p_ecg_p_06', 'cat_binary__n_p_ecg_p_08', 'cat_binary__n_p_ecg_p_09', 'cat_binary__n_p_ecg_p_10', 'cat_binary__n_p_ecg_p_11', 'cat_binary__n_p_ecg_p_12', 'cat_binary__fibr_ter_01', 'cat_binary__fibr_ter_02', 'cat_binary__fibr_ter_03', 'cat_binary__fibr_ter_05', 'cat_binary__fibr_ter_06', 'cat_binary__fibr_ter_07', 'cat_binary__fibr_ter_08', 'cat_binary__GIPO_K', 'cat_binary__GIPER_NA', 'cat_binary__NITR_S', 'cat_binary__LID_S_n', 'cat_binary__B_BLOK_S_n', 'cat_binary__ANT_CA_S_n', 'cat_binary__GEPAR_S_n', 'cat_binary__ASP_S_n', 'cat_binary__TIKL_S_n', 'cat_binary__TRENT_S_n']"
baseline__standard,2,1,StackingClassifier,generalization,8,130,3,17,0.8734177215189873,0.7272727272727273,0.32,0.4444444444444444,0.9774436090225563,0.022556390977443663,0.6487218045112781,0.5592691256338205,0.4265259479146259,0.384974698326197,0.8827067669172933,0.6717647383619408,1.0949367088607596,0.1296389102935791,158,"['num_log1p_standard_scaler__L_BLOOD', 'num_log1p_standard_scaler__ALT_BLOOD', 'num_log1p_standard_scaler__AST_BLOOD', 'num_log1p_standard_scaler__ROE', 'num_log1p_standard_scaler__K_BLOOD', 'num_standard_scaler__AGE', 'num_standard_scaler__S_AD_ORIT', 'num_standard_scaler__D_AD_ORIT', 'num_standard_scaler__NA_BLOOD', 'cat_nominal__IBS_POST_0.0', 'cat_nominal__IBS_POST_1.0', 'cat_nominal__IBS_POST_2.0', 'cat_ordinal__INF_ANAM', 'cat_ordinal__STENOK_AN', 'cat_ordinal__FK_STENOK', 'cat_ordinal__GB', 'cat_ordinal__DLIT_AG', 'cat_ordinal__TIME_B_S', 'cat_ordinal__ant_im', 'cat_ordinal__lat_im', 'cat_ordinal__inf_im', 'cat_ordinal__post_im', 'cat_partial_ordinal__HF_right_line', 'cat_partial_ordinal__HF_left_line', 'cat_binary__SEX', 'cat_binary__SIM_GIPERT', 'cat_binary__nr_11', 'cat_binary__nr_01', 'cat_binary__nr_02', 'cat_binary__nr_03', 'cat_binary__nr_04', 'cat_binary__nr_07', 'cat_binary__nr_08', 'cat_binary__np_01', 'cat_binary__np_04', 'cat_binary__np_05', 'cat_binary__np_07', 'cat_binary__np_08', 'cat_binary__np_09', 'cat_binary__np_10', 'cat_binary__endocr_01', 'cat_binary__endocr_02', 'cat_binary__endocr_03', 'cat_binary__zab_leg_01', 'cat_binary__zab_leg_02', 'cat_binary__zab_leg_03', 'cat_binary__zab_leg_04', 'cat_binary__zab_leg_06', 'cat_binary__O_L_POST', 'cat_binary__K_SH_POST', 'cat_binary__MP_TP_POST', 'cat_binary__SVT_POST', 'cat_binary__GT_POST', 'cat_binary__FIB_G_POST', 'cat_binary__IM_PG_P', 'cat_binary__ritm_ecg_p_01', 'cat_binary__ritm_ecg_p_02', 'cat_binary__ritm_ecg_p_04', 'cat_binary__ritm_ecg_p_06', 'cat_binary__ritm_ecg_p_07', 'cat_binary__ritm_ecg_p_08', 'cat_binary__n_r_ecg_p_01', 'cat_binary__n_r_ecg_p_02', 'cat_binary__n_r_ecg_p_03', 'cat_binary__n_r_ecg_p_04', 'cat_binary__n_r_ecg_p_05', 'cat_binary__n_r_ecg_p_06', 'cat_binary__n_r_ecg_p_08', 'cat_binary__n_r_ecg_p_09', 'cat_binary__n_r_ecg_p_10', 'cat_binary__n_p_ecg_p_01', 'cat_binary__n_p_ecg_p_03', 'cat_binary__n_p_ecg_p_04', 'cat_binary__n_p_ecg_p_05', 'cat_binary__n_p_ecg_p_06', 'cat_binary__n_p_ecg_p_07', 'cat_binary__n_p_ecg_p_08', 'cat_binary__n_p_ecg_p_09', 'cat_binary__n_p_ecg_p_10', 'cat_binary__n_p_ecg_p_11', 'cat_binary__n_p_ecg_p_12', 'cat_binary__fibr_ter_01', 'cat_binary__fibr_ter_02', 'cat_binary__fibr_ter_03', 'cat_binary__fibr_ter_05', 'cat_binary__fibr_ter_06', 'cat_binary__fibr_ter_07', 'cat_binary__fibr_ter_08', 'cat_binary__GIPO_K', 'cat_binary__GIPER_NA', 'cat_binary__NITR_S', 'cat_binary__LID_S_n', 'cat_binary__B_BLOK_S_n', 'cat_binary__ANT_CA_S_n', 'cat_binary__GEPAR_S_n', 'cat_binary__ASP_S_n', 'cat_binary__TIKL_S_n', 'cat_binary__TRENT_S_n']"
baseline__standard,2,2,StackingClassifier,generalization,12,126,6,14,0.8734177215189873,0.6666666666666666,0.46153846153846156,0.5454545454545454,0.9545454545454546,0.045454545454545414,0.7080419580419581,0.6637465183030647,0.485572739948286,0.4747340425531914,0.8493589743589743,0.5437756361687561,0.9240506329113924,0.0709831714630127,158,"['num_log1p_standard_scaler__L_BLOOD', 'num_log1p_standard_scaler__ROE', 'num_standard_scaler__AGE', 'num_standard_scaler__S_AD_ORIT', 'num_standard_scaler__D_AD_ORIT', 'num_standard_scaler__NA_BLOOD', 'cat_nominal__IBS_POST_0.0', 'cat_nominal__IBS_POST_2.0', 'cat_ordinal__FK_STENOK', 'cat_ordinal__DLIT_AG', 'cat_ordinal__TIME_B_S', 'cat_ordinal__ant_im', 'cat_ordinal__lat_im', 'cat_ordinal__inf_im', 'cat_ordinal__post_im', 'cat_partial_ordinal__HF_right_line', 'cat_partial_ordinal__HF_left_line', 'cat_binary__SEX', 'cat_binary__nr_01', 'cat_binary__nr_03', 'cat_binary__nr_07', 'cat_binary__np_04', 'cat_binary__np_05', 'cat_binary__np_07', 'cat_binary__endocr_01', 'cat_binary__zab_leg_01', 'cat_binary__zab_leg_02', 'cat_binary__zab_leg_04', 'cat_binary__K_SH_POST', 'cat_binary__MP_TP_POST', 'cat_binary__FIB_G_POST', 'cat_binary__IM_PG_P', 'cat_binary__ritm_ecg_p_01', 'cat_binary__ritm_ecg_p_02', 'cat_binary__ritm_ecg_p_07', 'cat_binary__n_r_ecg_p_02', 'cat_binary__n_r_ecg_p_04', 'cat_binary__n_r_ecg_p_05', 'cat_binary__n_r_ecg_p_09', 'cat_binary__n_r_ecg_p_10', 'cat_binary__n_p_ecg_p_01', 'cat_binary__n_p_ecg_p_12', 'cat_binary__fibr_ter_02', 'cat_binary__fibr_ter_05', 'cat_binary__fibr_ter_06', 'cat_binary__GIPO_K', 'cat_binary__NITR_S', 'cat_binary__B_BLOK_S_n', 'cat_binary__ASP_S_n', 'cat_binary__TIKL_S_n']"
baseline__standard,2,3,StackingClassifier,generalization,8,129,3,17,0.8726114649681529,0.7272727272727273,0.32,0.4444444444444444,0.9772727272727273,0.022727272727272707,0.6486363636363637,0.5592202363356255,0.42612721036246737,0.3845550764406116,0.8545454545454545,0.5812478290670535,1.1019108280254777,0.16176652908325195,157,"['num_log1p_standard_scaler__L_BLOOD', 'num_log1p_standard_scaler__ALT_BLOOD', 'num_log1p_standard_scaler__AST_BLOOD', 'num_log1p_standard_scaler__ROE', 'num_standard_scaler__AGE', 'num_standard_scaler__S_AD_ORIT', 'num_standard_scaler__D_AD_ORIT', 'num_standard_scaler__NA_BLOOD', 'cat_nominal__IBS_POST_0.0', 'cat_nominal__IBS_POST_1.0', 'cat_nominal__IBS_POST_2.0', 'cat_ordinal__INF_ANAM', 'cat_ordinal__STENOK_AN', 'cat_ordinal__FK_STENOK', 'cat_ordinal__GB', 'cat_ordinal__DLIT_AG', 'cat_ordinal__TIME_B_S', 'cat_ordinal__ant_im', 'cat_ordinal__post_im', 'cat_partial_ordinal__HF_right_line', 'cat_partial_ordinal__HF_left_line', 'cat_binary__SEX', 'cat_binary__SIM_GIPERT', 'cat_binary__nr_07', 'cat_binary__nr_08', 'cat_binary__np_01', 'cat_binary__np_04', 'cat_binary__np_05', 'cat_binary__np_09', 'cat_binary__np_10', 'cat_binary__endocr_01', 'cat_binary__endocr_02', 'cat_binary__zab_leg_03', 'cat_binary__zab_leg_04', 'cat_binary__zab_leg_06', 'cat_binary__O_L_POST', 'cat_binary__K_SH_POST', 'cat_binary__MP_TP_POST', 'cat_binary__SVT_POST', 'cat_binary__GT_POST', 'cat_binary__FIB_G_POST', 'cat_binary__IM_PG_P', 'cat_binary__ritm_ecg_p_01', 'cat_binary__ritm_ecg_p_02', 'cat_binary__ritm_ecg_p_04', 'cat_binary__ritm_ecg_p_06', 'cat_binary__ritm_ecg_p_07', 'cat_binary__ritm_ecg_p_08', 'cat_binary__n_r_ecg_p_01', 'cat_binary__n_r_ecg_p_02', 'cat_binary__n_r_ecg_p_03', 'cat_binary__n_r_ecg_p_04', 'cat_binary__n_r_ecg_p_05', 'cat_binary__n_r_ecg_p_06', 'cat_binary__n_r_ecg_p_08', 'cat_binary__n_r_ecg_p_09', 'cat_binary__n_r_ecg_p_10', 'cat_binary__n_p_ecg_p_01', 'cat_binary__n_p_ecg_p_03', 'cat_binary__n_p_ecg_p_04', 'cat_binary__n_p_ecg_p_05', 'cat_binary__n_p_ecg_p_06', 'cat_binary__n_p_ecg_p_07', 'cat_binary__n_p_ecg_p_08', 'cat_binary__n_p_ecg_p_09', 'cat_binary__n_p_ecg_p_10', 'cat_binary__n_p_ecg_p_11', 'cat_binary__n_p_ecg_p_12', 'cat_binary__fibr_ter_01', 'cat_binary__fibr_ter_02', 'cat_binary__fibr_ter_03', 'cat_binary__fibr_ter_05', 'cat_binary__fibr_ter_06', 'cat_binary__fibr_ter_07', 'cat_binary__fibr_ter_08', 'cat_binary__GIPO_K', 'cat_binary__GIPER_NA', 'cat_binary__NITR_S', 'cat_binary__LID_S_n', 'cat_binary__B_BLOK_S_n', 'cat_binary__ANT_CA_S_n', 'cat_binary__GEPAR_S_n', 'cat_binary__ASP_S_n', 'cat_binary__TIKL_S_n', 'cat_binary__TRENT_S_n']"
baseline__standard,2,4,StackingClassifier,generalization,11,130,2,14,0.8980891719745223,0.8461538461538461,0.44,0.5789473684210527,0.9848484848484849,0.015151515151515138,0.7124242424242424,0.6582805886043833,0.5640766487654543,0.5274642588412339,0.8424242424242425,0.6865291747794519,0.9044585987261147,0.17780423164367676,157,"['num_log1p_standard_scaler__L_BLOOD', 'num_log1p_standard_scaler__ROE', 'num_log1p_standard_scaler__K_BLOOD', 'num_standard_scaler__AGE', 'num_standard_scaler__S_AD_ORIT', 'num_standard_scaler__D_AD_ORIT', 'num_standard_scaler__NA_BLOOD', 'cat_nominal__IBS_POST_0.0', 'cat_nominal__IBS_POST_2.0', 'cat_ordinal__INF_ANAM', 'cat_ordinal__FK_STENOK', 'cat_ordinal__GB', 'cat_ordinal__TIME_B_S', 'cat_ordinal__ant_im', 'cat_ordinal__inf_im', 'cat_ordinal__post_im', 'cat_partial_ordinal__HF_right_line', 'cat_partial_ordinal__HF_left_line', 'cat_binary__SEX', 'cat_binary__nr_11', 'cat_binary__nr_01', 'cat_binary__nr_02', 'cat_binary__nr_03', 'cat_binary__nr_08', 'cat_binary__np_04', 'cat_binary__np_08', 'cat_binary__np_09', 'cat_binary__np_10', 'cat_binary__endocr_03', 'cat_binary__zab_leg_01', 'cat_binary__zab_leg_02', 'cat_binary__zab_leg_03', 'cat_binary__zab_leg_04', 'cat_binary__O_L_POST', 'cat_binary__K_SH_POST', 'cat_binary__MP_TP_POST', 'cat_binary__IM_PG_P', 'cat_binary__ritm_ecg_p_01', 'cat_binary__ritm_ecg_p_02', 'cat_binary__ritm_ecg_p_07', 'cat_binary__n_r_ecg_p_01', 'cat_binary__n_r_ecg_p_03', 'cat_binary__n_r_ecg_p_05', 'cat_binary__n_r_ecg_p_06', 'cat_binary__n_r_ecg_p_10', 'cat_binary__n_p_ecg_p_04', 'cat_binary__n_p_ecg_p_11', 'cat_binary__n_p_ecg_p_12', 'cat_binary__fibr_ter_01', 'cat_binary__fibr_ter_02', 'cat_binary__fibr_ter_03', 'cat_binary__fibr_ter_05', 'cat_binary__fibr_ter_06', 'cat_binary__fibr_ter_07', 'cat_binary__fibr_ter_08', 'cat_binary__GIPO_K', 'cat_binary__GIPER_NA', 'cat_binary__NITR_S', 'cat_binary__LID_S_n', 'cat_binary__B_BLOK_S_n', 'cat_binary__ANT_CA_S_n', 'cat_binary__GEPAR_S_n', 'cat_binary__ASP_S_n', 'cat_binary__TIKL_S_n', 'cat_binary__TRENT_S_n']"
baseline__standard,2,5,StackingClassifier,generalization,13,130,2,12,0.910828025477707,0.8666666666666667,0.52,0.65,0.9848484848484849,0.015151515151515138,0.7524242424242424,0.7156264473321344,0.6283884955142293,0.6025316455696202,0.8678787878787878,0.6816588555582387,0.7770700636942676,0.12405109405517578,157,"['num_log1p_standard_scaler__L_BLOOD', 'num_log1p_standard_scaler__AST_BLOOD', 'num_log1p_standard_scaler__K_BLOOD', 'num_standard_scaler__AGE', 'num_standard_scaler__S_AD_ORIT', 'num_standard_scaler__D_AD_ORIT', 'num_standard_scaler__NA_BLOOD', 'cat_nominal__IBS_POST_0.0', 'cat_nominal__IBS_POST_2.0', 'cat_ordinal__INF_ANAM', 'cat_ordinal__STENOK_AN', 'cat_ordinal__FK_STENOK', 'cat_ordinal__GB', 'cat_ordinal__DLIT_AG', 'cat_ordinal__TIME_B_S', 'cat_ordinal__ant_im', 'cat_ordinal__lat_im', 'cat_ordinal__post_im', 'cat_partial_ordinal__HF_right_line', 'cat_binary__SEX', 'cat_binary__nr_11', 'cat_binary__nr_02', 'cat_binary__nr_04', 'cat_binary__nr_07', 'cat_binary__nr_08', 'cat_binary__np_01', 'cat_binary__np_04', 'cat_binary__np_05', 'cat_binary__np_07', 'cat_binary__np_08', 'cat_binary__np_09', 'cat_binary__np_10', 'cat_binary__endocr_01', 'cat_binary__endocr_02', 'cat_binary__endocr_03', 'cat_binary__zab_leg_01', 'cat_binary__zab_leg_02', 'cat_binary__zab_leg_03', 'cat_binary__zab_leg_04', 'cat_binary__zab_leg_06', 'cat_binary__O_L_POST', 'cat_binary__K_SH_POST', 'cat_binary__MP_TP_POST', 'cat_binary__SVT_POST', 'cat_binary__GT_POST', 'cat_binary__FIB_G_POST', 'cat_binary__IM_PG_P', 'cat_binary__ritm_ecg_p_01', 'cat_binary__ritm_ecg_p_02', 'cat_binary__ritm_ecg_p_04', 'cat_binary__ritm_ecg_p_06', 'cat_binary__ritm_ecg_p_07', 'cat_binary__ritm_ecg_p_08', 'cat_binary__n_r_ecg_p_01', 'cat_binary__n_r_ecg_p_02', 'cat_binary__n_r_ecg_p_03', 'cat_binary__n_r_ecg_p_04', 'cat_binary__n_r_ecg_p_05', 'cat_binary__n_r_ecg_p_06', 'cat_binary__n_r_ecg_p_08', 'cat_binary__n_r_ecg_p_09', 'cat_binary__n_r_ecg_p_10', 'cat_binary__n_p_ecg_p_01', 'cat_binary__n_p_ecg_p_03', 'cat_binary__n_p_ecg_p_04', 'cat_binary__n_p_ecg_p_05', 'cat_binary__n_p_ecg_p_06', 'cat_binary__n_p_ecg_p_07', 'cat_binary__n_p_ecg_p_08', 'cat_binary__n_p_ecg_p_09', 'cat_binary__n_p_ecg_p_10', 'cat_binary__n_p_ecg_p_11', 'cat_binary__n_p_ecg_p_12', 'cat_binary__fibr_ter_01', 'cat_binary__fibr_ter_02', 'cat_binary__fibr_ter_03', 'cat_binary__fibr_ter_05', 'cat_binary__fibr_ter_06', 'cat_binary__fibr_ter_07', 'cat_binary__fibr_ter_08', 'cat_binary__GIPO_K', 'cat_binary__GIPER_NA', 'cat_binary__NITR_S', 'cat_binary__LID_S_n', 'cat_binary__B_BLOK_S_n', 'cat_binary__ANT_CA_S_n', 'cat_binary__GEPAR_S_n', 'cat_binary__ASP_S_n', 'cat_binary__TIKL_S_n', 'cat_binary__TRENT_S_n']"
baseline__standard,2,6,StackingClassifier,generalization,10,130,2,15,0.89171974522293,0.8333333333333334,0.4,0.5405405405405406,0.9848484848484849,0.015151515151515138,0.6924242424242424,0.6276459144608478,0.5299954325099089,0.48761758494912655,0.8745454545454546,0.7227618080958633,0.9681528662420382,0.14711689949035645,157,"['num_log1p_standard_scaler__L_BLOOD', 'num_log1p_standard_scaler__ALT_BLOOD', 'num_log1p_standard_scaler__AST_BLOOD', 'num_log1p_standard_scaler__ROE', 'num_log1p_standard_scaler__K_BLOOD', 'num_standard_scaler__AGE', 'num_standard_scaler__S_AD_ORIT', 'num_standard_scaler__D_AD_ORIT', 'num_standard_scaler__NA_BLOOD', 'cat_nominal__IBS_POST_0.0', 'cat_nominal__IBS_POST_1.0', 'cat_nominal__IBS_POST_2.0', 'cat_ordinal__INF_ANAM', 'cat_ordinal__STENOK_AN', 'cat_ordinal__FK_STENOK', 'cat_ordinal__GB', 'cat_ordinal__DLIT_AG', 'cat_ordinal__TIME_B_S', 'cat_ordinal__ant_im', 'cat_ordinal__lat_im', 'cat_ordinal__inf_im', 'cat_ordinal__post_im', 'cat_partial_ordinal__HF_right_line', 'cat_partial_ordinal__HF_left_line', 'cat_binary__SEX', 'cat_binary__SIM_GIPERT', 'cat_binary__nr_11', 'cat_binary__nr_01', 'cat_binary__nr_02', 'cat_binary__nr_03', 'cat_binary__nr_04', 'cat_binary__nr_07', 'cat_binary__nr_08', 'cat_binary__np_01', 'cat_binary__np_04', 'cat_binary__np_05', 'cat_binary__np_07', 'cat_binary__np_08', 'cat_binary__np_09', 'cat_binary__np_10', 'cat_binary__endocr_01', 'cat_binary__endocr_02', 'cat_binary__endocr_03', 'cat_binary__zab_leg_01', 'cat_binary__zab_leg_02', 'cat_binary__zab_leg_03', 'cat_binary__zab_leg_04', 'cat_binary__zab_leg_06', 'cat_binary__O_L_POST', 'cat_binary__K_SH_POST', 'cat_binary__MP_TP_POST', 'cat_binary__SVT_POST', 'cat_binary__GT_POST', 'cat_binary__FIB_G_POST', 'cat_binary__IM_PG_P', 'cat_binary__ritm_ecg_p_01', 'cat_binary__ritm_ecg_p_02', 'cat_binary__ritm_ecg_p_04', 'cat_binary__ritm_ecg_p_06', 'cat_binary__ritm_ecg_p_07', 'cat_binary__ritm_ecg_p_08', 'cat_binary__n_r_ecg_p_01', 'cat_binary__n_r_ecg_p_02', 'cat_binary__n_r_ecg_p_03', 'cat_binary__n_r_ecg_p_04', 'cat_binary__n_r_ecg_p_05', 'cat_binary__n_r_ecg_p_06', 'cat_binary__n_r_ecg_p_08', 'cat_binary__n_r_ecg_p_09', 'cat_binary__n_r_ecg_p_10', 'cat_binary__n_p_ecg_p_01', 'cat_binary__n_p_ecg_p_03', 'cat_binary__n_p_ecg_p_04', 'cat_binary__n_p_ecg_p_05', 'cat_binary__n_p_ecg_p_06', 'cat_binary__n_p_ecg_p_07', 'cat_binary__n_p_ecg_p_08', 'cat_binary__n_p_ecg_p_09', 'cat_binary__n_p_ecg_p_10', 'cat_binary__n_p_ecg_p_11', 'cat_binary__n_p_ecg_p_12', 'cat_binary__fibr_ter_01', 'cat_binary__fibr_ter_02', 'cat_binary__fibr_ter_03', 'cat_binary__fibr_ter_05', 'cat_binary__fibr_ter_06', 'cat_binary__fibr_ter_07', 'cat_binary__fibr_ter_08', 'cat_binary__GIPO_K', 'cat_binary__GIPER_NA', 'cat_binary__NITR_S', 'cat_binary__LID_S_n', 'cat_binary__B_BLOK_S_n', 'cat_binary__ANT_CA_S_n', 'cat_binary__GEPAR_S_n', 'cat_binary__ASP_S_n', 'cat_binary__TIKL_S_n', 'cat_binary__TRENT_S_n']"
baseline__standard,2,7,StackingClassifier,generalization,12,129,3,13,0.8980891719745223,0.8,0.48,0.6,0.9772727272727273,0.022727272727272707,0.7286363636363636,0.6849021164304495,0.5691706120834166,0.545750452079566,0.9375757575757575,0.7549741362369448,0.8471337579617835,0.07048654556274414,157,"['num_log1p_standard_scaler__L_BLOOD', 'num_log1p_standard_scaler__ALT_BLOOD', 'num_log1p_standard_scaler__AST_BLOOD', 'num_log1p_standard_scaler__ROE', 'num_log1p_standard_scaler__K_BLOOD', 'num_standard_scaler__AGE', 'num_standard_scaler__S_AD_ORIT', 'num_standard_scaler__D_AD_ORIT', 'num_standard_scaler__NA_BLOOD', 'cat_nominal__IBS_POST_0.0', 'cat_nominal__IBS_POST_1.0', 'cat_nominal__IBS_POST_2.0', 'cat_ordinal__STENOK_AN', 'cat_ordinal__FK_STENOK', 'cat_ordinal__GB', 'cat_ordinal__DLIT_AG', 'cat_ordinal__TIME_B_S', 'cat_ordinal__ant_im', 'cat_ordinal__lat_im', 'cat_ordinal__inf_im', 'cat_partial_ordinal__HF_right_line', 'cat_partial_ordinal__HF_left_line', 'cat_binary__SEX', 'cat_binary__SIM_GIPERT', 'cat_binary__nr_02', 'cat_binary__nr_08', 'cat_binary__np_01', 'cat_binary__np_04', 'cat_binary__np_08', 'cat_binary__np_10', 'cat_binary__endocr_01', 'cat_binary__endocr_02', 'cat_binary__endocr_03', 'cat_binary__zab_leg_02', 'cat_binary__zab_leg_03', 'cat_binary__O_L_POST', 'cat_binary__K_SH_POST', 'cat_binary__MP_TP_POST', 'cat_binary__SVT_POST', 'cat_binary__GT_POST', 'cat_binary__FIB_G_POST', 'cat_binary__IM_PG_P', 'cat_binary__ritm_ecg_p_01', 'cat_binary__ritm_ecg_p_02', 'cat_binary__ritm_ecg_p_04', 'cat_binary__ritm_ecg_p_06', 'cat_binary__ritm_ecg_p_07', 'cat_binary__ritm_ecg_p_08', 'cat_binary__n_r_ecg_p_01', 'cat_binary__n_r_ecg_p_02', 'cat_binary__n_r_ecg_p_03', 'cat_binary__n_r_ecg_p_04', 'cat_binary__n_r_ecg_p_05', 'cat_binary__n_r_ecg_p_06', 'cat_binary__n_r_ecg_p_08', 'cat_binary__n_r_ecg_p_09', 'cat_binary__n_r_ecg_p_10', 'cat_binary__n_p_ecg_p_01', 'cat_binary__n_p_ecg_p_03', 'cat_binary__n_p_ecg_p_04', 'cat_binary__n_p_ecg_p_05', 'cat_binary__n_p_ecg_p_06', 'cat_binary__n_p_ecg_p_07', 'cat_binary__n_p_ecg_p_08', 'cat_binary__n_p_ecg_p_09', 'cat_binary__n_p_ecg_p_10', 'cat_binary__n_p_ecg_p_11', 'cat_binary__n_p_ecg_p_12', 'cat_binary__fibr_ter_01', 'cat_binary__fibr_ter_02', 'cat_binary__fibr_ter_03', 'cat_binary__fibr_ter_05', 'cat_binary__fibr_ter_06', 'cat_binary__fibr_ter_07', 'cat_binary__fibr_ter_08', 'cat_binary__GIPO_K', 'cat_binary__GIPER_NA', 'cat_binary__NITR_S', 'cat_binary__LID_S_n', 'cat_binary__B_BLOK_S_n', 'cat_binary__ANT_CA_S_n', 'cat_binary__GEPAR_S_n', 'cat_binary__ASP_S_n', 'cat_binary__TIKL_S_n', 'cat_binary__TRENT_S_n']"
baseline__standard,2,8,StackingClassifier,generalization,9,127,5,16,0.8662420382165605,0.6428571428571429,0.36,0.46153846153846156,0.9621212121212122,0.037878787878787845,0.6610606060606061,0.5885266658050733,0.41356545776281856,0.3920339295592845,0.866969696969697,0.6390964831100653,1.0509554140127388,0.15418362617492676,157,"['num_log1p_standard_scaler__L_BLOOD', 'num_log1p_standard_scaler__ROE', 'num_log1p_standard_scaler__K_BLOOD', 'num_standard_scaler__AGE', 'num_standard_scaler__S_AD_ORIT', 'num_standard_scaler__D_AD_ORIT', 'num_standard_scaler__NA_BLOOD', 'cat_ordinal__STENOK_AN', 'cat_ordinal__FK_STENOK', 'cat_ordinal__DLIT_AG', 'cat_ordinal__TIME_B_S', 'cat_ordinal__ant_im', 'cat_ordinal__lat_im', 'cat_ordinal__inf_im', 'cat_partial_ordinal__HF_right_line', 'cat_partial_ordinal__HF_left_line', 'cat_binary__SEX', 'cat_binary__SIM_GIPERT', 'cat_binary__nr_11', 'cat_binary__nr_01', 'cat_binary__nr_03', 'cat_binary__nr_04', 'cat_binary__np_04', 'cat_binary__np_09', 'cat_binary__endocr_01', 'cat_binary__zab_leg_01', 'cat_binary__zab_leg_02', 'cat_binary__K_SH_POST', 'cat_binary__SVT_POST', 'cat_binary__FIB_G_POST', 'cat_binary__ritm_ecg_p_01', 'cat_binary__ritm_ecg_p_02', 'cat_binary__ritm_ecg_p_04', 'cat_binary__ritm_ecg_p_07', 'cat_binary__ritm_ecg_p_08', 'cat_binary__n_r_ecg_p_05', 'cat_binary__n_r_ecg_p_08', 'cat_binary__n_r_ecg_p_09', 'cat_binary__n_r_ecg_p_10', 'cat_binary__n_p_ecg_p_01', 'cat_binary__n_p_ecg_p_07', 'cat_binary__n_p_ecg_p_08', 'cat_binary__n_p_ecg_p_10', 'cat_binary__fibr_ter_01', 'cat_binary__fibr_ter_07', 'cat_binary__GIPER_NA', 'cat_binary__NITR_S', 'cat_binary__ANT_CA_S_n', 'cat_binary__GEPAR_S_n', 'cat_binary__ASP_S_n']"
baseline__standard,2,9,StackingClassifier,generalization,8,124,8,17,0.8407643312101911,0.5,0.32,0.3902439024390244,0.9393939393939394,0.06060606060606055,0.6296969696969698,0.5482755334738736,0.31372364128859365,0.30370764591094557,0.8615151515151516,0.5219265338301887,1.1337579617834395,0.07124853134155273,157,"['num_log1p_standard_scaler__L_BLOOD', 'num_log1p_standard_scaler__AST_BLOOD', 'num_log1p_standard_scaler__K_BLOOD', 'num_standard_scaler__AGE', 'num_standard_scaler__S_AD_ORIT', 'num_standard_scaler__D_AD_ORIT', 'num_standard_scaler__NA_BLOOD', 'cat_nominal__IBS_POST_2.0', 'cat_ordinal__INF_ANAM', 'cat_ordinal__STENOK_AN', 'cat_ordinal__FK_STENOK', 'cat_ordinal__GB', 'cat_ordinal__DLIT_AG', 'cat_ordinal__TIME_B_S', 'cat_ordinal__ant_im', 'cat_ordinal__inf_im', 'cat_ordinal__post_im', 'cat_partial_ordinal__HF_right_line', 'cat_partial_ordinal__HF_left_line', 'cat_binary__nr_11', 'cat_binary__nr_01', 'cat_binary__nr_02', 'cat_binary__nr_04', 'cat_binary__nr_07', 'cat_binary__np_01', 'cat_binary__np_04', 'cat_binary__np_07', 'cat_binary__np_09', 'cat_binary__endocr_02', 'cat_binary__zab_leg_01', 'cat_binary__zab_leg_02', 'cat_binary__zab_leg_03', 'cat_binary__zab_leg_06', 'cat_binary__O_L_POST', 'cat_binary__K_SH_POST', 'cat_binary__MP_TP_POST', 'cat_binary__SVT_POST', 'cat_binary__GT_POST', 'cat_binary__FIB_G_POST', 'cat_binary__ritm_ecg_p_01', 'cat_binary__ritm_ecg_p_02', 'cat_binary__ritm_ecg_p_04', 'cat_binary__n_r_ecg_p_02', 'cat_binary__n_r_ecg_p_05', 'cat_binary__n_r_ecg_p_10', 'cat_binary__n_p_ecg_p_04', 'cat_binary__n_p_ecg_p_05', 'cat_binary__n_p_ecg_p_06', 'cat_binary__n_p_ecg_p_08', 'cat_binary__n_p_ecg_p_10', 'cat_binary__n_p_ecg_p_12', 'cat_binary__fibr_ter_01', 'cat_binary__fibr_ter_03', 'cat_binary__fibr_ter_08', 'cat_binary__NITR_S', 'cat_binary__LID_S_n', 'cat_binary__ANT_CA_S_n', 'cat_binary__GEPAR_S_n', 'cat_binary__ASP_S_n', 'cat_binary__TRENT_S_n']"
baseline__standard,2,10,StackingClassifier,generalization,9,129,3,16,0.8789808917197452,0.75,0.36,0.4864864864864865,0.9772727272727273,0.022727272727272707,0.6686363636363637,0.5931426319344967,0.46447631211301466,0.42733730082549437,0.8527272727272727,0.6133987626615689,1.0382165605095541,0.14458847045898438,157,"['num_log1p_standard_scaler__L_BLOOD', 'num_log1p_standard_scaler__AST_BLOOD', 'num_log1p_standard_scaler__ROE', 'num_log1p_standard_scaler__K_BLOOD', 'num_standard_scaler__AGE', 'num_standard_scaler__S_AD_ORIT', 'num_standard_scaler__D_AD_ORIT', 'num_standard_scaler__NA_BLOOD', 'cat_nominal__IBS_POST_0.0', 'cat_nominal__IBS_POST_1.0', 'cat_nominal__IBS_POST_2.0', 'cat_ordinal__INF_ANAM', 'cat_ordinal__STENOK_AN', 'cat_ordinal__DLIT_AG', 'cat_ordinal__TIME_B_S', 'cat_ordinal__ant_im', 'cat_ordinal__lat_im', 'cat_ordinal__inf_im', 'cat_partial_ordinal__HF_right_line', 'cat_partial_ordinal__HF_left_line', 'cat_binary__SEX', 'cat_binary__SIM_GIPERT', 'cat_binary__nr_01', 'cat_binary__nr_02', 'cat_binary__nr_04', 'cat_binary__nr_07', 'cat_binary__nr_08', 'cat_binary__np_05', 'cat_binary__np_07', 'cat_binary__np_08', 'cat_binary__np_09', 'cat_binary__np_10', 'cat_binary__endocr_01', 'cat_binary__endocr_02', 'cat_binary__endocr_03', 'cat_binary__zab_leg_01', 'cat_binary__zab_leg_02', 'cat_binary__zab_leg_03', 'cat_binary__zab_leg_04', 'cat_binary__zab_leg_06', 'cat_binary__O_L_POST', 'cat_binary__K_SH_POST', 'cat_binary__MP_TP_POST', 'cat_binary__SVT_POST', 'cat_binary__GT_POST', 'cat_binary__FIB_G_POST', 'cat_binary__IM_PG_P', 'cat_binary__ritm_ecg_p_01', 'cat_binary__ritm_ecg_p_02', 'cat_binary__ritm_ecg_p_04', 'cat_binary__ritm_ecg_p_06', 'cat_binary__ritm_ecg_p_07', 'cat_binary__ritm_ecg_p_08', 'cat_binary__n_r_ecg_p_01', 'cat_binary__n_r_ecg_p_02', 'cat_binary__n_r_ecg_p_03', 'cat_binary__n_r_ecg_p_04', 'cat_binary__n_r_ecg_p_05', 'cat_binary__n_r_ecg_p_06', 'cat_binary__n_r_ecg_p_08', 'cat_binary__n_r_ecg_p_09', 'cat_binary__n_r_ecg_p_10', 'cat_binary__n_p_ecg_p_01', 'cat_binary__n_p_ecg_p_03', 'cat_binary__n_p_ecg_p_04', 'cat_binary__n_p_ecg_p_05', 'cat_binary__n_p_ecg_p_06', 'cat_binary__n_p_ecg_p_07', 'cat_binary__n_p_ecg_p_08', 'cat_binary__n_p_ecg_p_09', 'cat_binary__n_p_ecg_p_10', 'cat_binary__n_p_ecg_p_11', 'cat_binary__n_p_ecg_p_12', 'cat_binary__fibr_ter_01', 'cat_binary__fibr_ter_02', 'cat_binary__fibr_ter_03', 'cat_binary__fibr_ter_05', 'cat_binary__fibr_ter_06', 'cat_binary__fibr_ter_07', 'cat_binary__fibr_ter_08', 'cat_binary__GIPO_K', 'cat_binary__GIPER_NA', 'cat_binary__NITR_S', 'cat_binary__LID_S_n', 'cat_binary__B_BLOK_S_n', 'cat_binary__ANT_CA_S_n', 'cat_binary__GEPAR_S_n', 'cat_binary__ASP_S_n', 'cat_binary__TIKL_S_n', 'cat_binary__TRENT_S_n']"
baseline__standard,3,1,StackingClassifier,generalization,6,130,3,19,0.8607594936708861,0.6666666666666666,0.24,0.35294117647058826,0.9774436090225563,0.022556390977443663,0.6087218045112781,0.4843412703511993,0.34239552783580557,0.29378301503453885,0.7765413533834586,0.5290375367801823,1.2215189873417722,0.1653432846069336,158,"['num_log1p_standard_scaler__L_BLOOD', 'num_log1p_standard_scaler__ROE', 'num_log1p_standard_scaler__K_BLOOD', 'num_standard_scaler__AGE', 'num_standard_scaler__S_AD_ORIT', 'num_standard_scaler__D_AD_ORIT', 'num_standard_scaler__NA_BLOOD', 'cat_nominal__IBS_POST_0.0', 'cat_nominal__IBS_POST_1.0', 'cat_nominal__IBS_POST_2.0', 'cat_ordinal__STENOK_AN', 'cat_ordinal__FK_STENOK', 'cat_ordinal__GB', 'cat_ordinal__DLIT_AG', 'cat_ordinal__ant_im', 'cat_ordinal__lat_im', 'cat_ordinal__inf_im', 'cat_partial_ordinal__HF_right_line', 'cat_partial_ordinal__HF_left_line', 'cat_binary__SEX', 'cat_binary__SIM_GIPERT', 'cat_binary__nr_01', 'cat_binary__nr_04', 'cat_binary__nr_07', 'cat_binary__nr_08', 'cat_binary__np_01', 'cat_binary__np_04', 'cat_binary__np_05', 'cat_binary__np_07', 'cat_binary__np_08', 'cat_binary__np_09', 'cat_binary__np_10', 'cat_binary__endocr_01', 'cat_binary__endocr_02', 'cat_binary__endocr_03', 'cat_binary__zab_leg_01', 'cat_binary__zab_leg_02', 'cat_binary__zab_leg_03', 'cat_binary__zab_leg_04', 'cat_binary__zab_leg_06', 'cat_binary__O_L_POST', 'cat_binary__K_SH_POST', 'cat_binary__MP_TP_POST', 'cat_binary__SVT_POST', 'cat_binary__GT_POST', 'cat_binary__FIB_G_POST', 'cat_binary__IM_PG_P', 'cat_binary__ritm_ecg_p_01', 'cat_binary__ritm_ecg_p_02', 'cat_binary__ritm_ecg_p_04', 'cat_binary__ritm_ecg_p_06', 'cat_binary__ritm_ecg_p_07', 'cat_binary__ritm_ecg_p_08', 'cat_binary__n_r_ecg_p_01', 'cat_binary__n_r_ecg_p_02', 'cat_binary__n_r_ecg_p_03', 'cat_binary__n_r_ecg_p_04', 'cat_binary__n_r_ecg_p_05', 'cat_binary__n_r_ecg_p_06', 'cat_binary__n_r_ecg_p_08', 'cat_binary__n_r_ecg_p_09', 'cat_binary__n_r_ecg_p_10', 'cat_binary__n_p_ecg_p_01', 'cat_binary__n_p_ecg_p_03', 'cat_binary__n_p_ecg_p_04', 'cat_binary__n_p_ecg_p_05', 'cat_binary__n_p_ecg_p_06', 'cat_binary__n_p_ecg_p_07', 'cat_binary__n_p_ecg_p_08', 'cat_binary__n_p_ecg_p_09', 'cat_binary__n_p_ecg_p_10', 'cat_binary__n_p_ecg_p_11', 'cat_binary__n_p_ecg_p_12', 'cat_binary__fibr_ter_01', 'cat_binary__fibr_ter_02', 'cat_binary__fibr_ter_03', 'cat_binary__fibr_ter_05', 'cat_binary__fibr_ter_06', 'cat_binary__fibr_ter_07', 'cat_binary__fibr_ter_08', 'cat_binary__GIPO_K', 'cat_binary__GIPER_NA', 'cat_binary__NITR_S', 'cat_binary__LID_S_n', 'cat_binary__B_BLOK_S_n', 'cat_binary__ANT_CA_S_n', 'cat_binary__GEPAR_S_n', 'cat_binary__ASP_S_n', 'cat_binary__TIKL_S_n', 'cat_binary__TRENT_S_n']"
baseline__standard,3,2,StackingClassifier,generalization,13,128,4,13,0.8924050632911392,0.7647058823529411,0.5,0.6046511627906976,0.9696969696969697,0.030303030303030276,0.7348484848484849,0.6963106238227914,0.5620272602653715,0.5455160744500847,0.9096736596736597,0.7614330119321808,0.8481012658227848,0.13135933876037598,158,"['num_log1p_standard_scaler__L_BLOOD', 'num_log1p_standard_scaler__ALT_BLOOD', 'num_log1p_standard_scaler__AST_BLOOD', 'num_log1p_standard_scaler__ROE', 'num_log1p_standard_scaler__K_BLOOD', 'num_standard_scaler__AGE', 'num_standard_scaler__S_AD_ORIT', 'num_standard_scaler__D_AD_ORIT', 'num_standard_scaler__NA_BLOOD', 'cat_nominal__IBS_POST_0.0', 'cat_nominal__IBS_POST_1.0', 'cat_nominal__IBS_POST_2.0', 'cat_ordinal__INF_ANAM', 'cat_ordinal__STENOK_AN', 'cat_ordinal__FK_STENOK', 'cat_ordinal__GB', 'cat_ordinal__DLIT_AG', 'cat_ordinal__TIME_B_S', 'cat_ordinal__ant_im', 'cat_ordinal__lat_im', 'cat_ordinal__inf_im', 'cat_ordinal__post_im', 'cat_partial_ordinal__HF_right_line', 'cat_partial_ordinal__HF_left_line', 'cat_binary__SEX', 'cat_binary__SIM_GIPERT', 'cat_binary__nr_11', 'cat_binary__nr_01', 'cat_binary__nr_02', 'cat_binary__nr_03', 'cat_binary__nr_04', 'cat_binary__nr_07', 'cat_binary__nr_08', 'cat_binary__np_01', 'cat_binary__np_04', 'cat_binary__np_05', 'cat_binary__np_07', 'cat_binary__np_08', 'cat_binary__np_09', 'cat_binary__np_10', 'cat_binary__endocr_01', 'cat_binary__endocr_02', 'cat_binary__endocr_03', 'cat_binary__zab_leg_01', 'cat_binary__zab_leg_02', 'cat_binary__zab_leg_03', 'cat_binary__zab_leg_04', 'cat_binary__zab_leg_06', 'cat_binary__O_L_POST', 'cat_binary__K_SH_POST', 'cat_binary__MP_TP_POST', 'cat_binary__SVT_POST', 'cat_binary__GT_POST', 'cat_binary__FIB_G_POST', 'cat_binary__IM_PG_P', 'cat_binary__ritm_ecg_p_01', 'cat_binary__ritm_ecg_p_02', 'cat_binary__ritm_ecg_p_04', 'cat_binary__ritm_ecg_p_06', 'cat_binary__ritm_ecg_p_07', 'cat_binary__ritm_ecg_p_08', 'cat_binary__n_r_ecg_p_01', 'cat_binary__n_r_ecg_p_02', 'cat_binary__n_r_ecg_p_03', 'cat_binary__n_r_ecg_p_04', 'cat_binary__n_r_ecg_p_05', 'cat_binary__n_r_ecg_p_06', 'cat_binary__n_r_ecg_p_08', 'cat_binary__n_r_ecg_p_09', 'cat_binary__n_r_ecg_p_10', 'cat_binary__n_p_ecg_p_01', 'cat_binary__n_p_ecg_p_03', 'cat_binary__n_p_ecg_p_04', 'cat_binary__n_p_ecg_p_05', 'cat_binary__n_p_ecg_p_06', 'cat_binary__n_p_ecg_p_07', 'cat_binary__n_p_ecg_p_08', 'cat_binary__n_p_ecg_p_09', 'cat_binary__n_p_ecg_p_10', 'cat_binary__n_p_ecg_p_11', 'cat_binary__n_p_ecg_p_12', 'cat_binary__fibr_ter_01', 'cat_binary__fibr_ter_02', 'cat_binary__fibr_ter_03', 'cat_binary__fibr_ter_05', 'cat_binary__fibr_ter_06', 'cat_binary__fibr_ter_07', 'cat_binary__fibr_ter_08', 'cat_binary__GIPO_K', 'cat_binary__GIPER_NA', 'cat_binary__NITR_S', 'cat_binary__LID_S_n', 'cat_binary__B_BLOK_S_n', 'cat_binary__ANT_CA_S_n', 'cat_binary__GEPAR_S_n', 'cat_binary__ASP_S_n', 'cat_binary__TIKL_S_n', 'cat_binary__TRENT_S_n']"
baseline__standard,3,3,StackingClassifier,generalization,15,130,2,10,0.9235668789808917,0.8823529411764706,0.6,0.7142857142857143,0.9848484848484849,0.015151515151515138,0.7924242424242425,0.7687061147858074,0.6886711036291354,0.6720055710306407,0.9275757575757577,0.7607306797777388,0.6496815286624203,0.18326258659362793,157,"['num_log1p_standard_scaler__L_BLOOD', 'num_log1p_standard_scaler__ALT_BLOOD', 'num_log1p_standard_scaler__AST_BLOOD', 'num_log1p_standard_scaler__ROE', 'num_log1p_standard_scaler__K_BLOOD', 'num_standard_scaler__AGE', 'num_standard_scaler__S_AD_ORIT', 'num_standard_scaler__D_AD_ORIT', 'num_standard_scaler__NA_BLOOD', 'cat_nominal__IBS_POST_0.0', 'cat_nominal__IBS_POST_1.0', 'cat_nominal__IBS_POST_2.0', 'cat_ordinal__INF_ANAM', 'cat_ordinal__STENOK_AN', 'cat_ordinal__FK_STENOK', 'cat_ordinal__GB', 'cat_ordinal__DLIT_AG', 'cat_ordinal__TIME_B_S', 'cat_ordinal__ant_im', 'cat_ordinal__lat_im', 'cat_ordinal__inf_im', 'cat_ordinal__post_im', 'cat_partial_ordinal__HF_right_line', 'cat_partial_ordinal__HF_left_line', 'cat_binary__SEX', 'cat_binary__SIM_GIPERT', 'cat_binary__nr_11', 'cat_binary__nr_01', 'cat_binary__nr_02', 'cat_binary__nr_03', 'cat_binary__nr_04', 'cat_binary__nr_07', 'cat_binary__nr_08', 'cat_binary__np_01', 'cat_binary__np_04', 'cat_binary__np_05', 'cat_binary__np_07', 'cat_binary__np_08', 'cat_binary__np_09', 'cat_binary__np_10', 'cat_binary__endocr_01', 'cat_binary__endocr_02', 'cat_binary__endocr_03', 'cat_binary__zab_leg_01', 'cat_binary__zab_leg_02', 'cat_binary__zab_leg_03', 'cat_binary__zab_leg_04', 'cat_binary__zab_leg_06', 'cat_binary__O_L_POST', 'cat_binary__K_SH_POST', 'cat_binary__MP_TP_POST', 'cat_binary__SVT_POST', 'cat_binary__GT_POST', 'cat_binary__FIB_G_POST', 'cat_binary__IM_PG_P', 'cat_binary__ritm_ecg_p_01', 'cat_binary__ritm_ecg_p_02', 'cat_binary__ritm_ecg_p_04', 'cat_binary__ritm_ecg_p_06', 'cat_binary__ritm_ecg_p_07', 'cat_binary__ritm_ecg_p_08', 'cat_binary__n_r_ecg_p_01', 'cat_binary__n_r_ecg_p_02', 'cat_binary__n_r_ecg_p_03', 'cat_binary__n_r_ecg_p_04', 'cat_binary__n_r_ecg_p_05', 'cat_binary__n_r_ecg_p_06', 'cat_binary__n_r_ecg_p_08', 'cat_binary__n_r_ecg_p_09', 'cat_binary__n_r_ecg_p_10', 'cat_binary__n_p_ecg_p_01', 'cat_binary__n_p_ecg_p_03', 'cat_binary__n_p_ecg_p_04', 'cat_binary__n_p_ecg_p_05', 'cat_binary__n_p_ecg_p_06', 'cat_binary__n_p_ecg_p_07', 'cat_binary__n_p_ecg_p_08', 'cat_binary__n_p_ecg_p_09', 'cat_binary__n_p_ecg_p_10', 'cat_binary__n_p_ecg_p_11', 'cat_binary__n_p_ecg_p_12', 'cat_binary__fibr_ter_01', 'cat_binary__fibr_ter_02', 'cat_binary__fibr_ter_03', 'cat_binary__fibr_ter_05', 'cat_binary__fibr_ter_06', 'cat_binary__fibr_ter_07', 'cat_binary__fibr_ter_08', 'cat_binary__GIPO_K', 'cat_binary__GIPER_NA', 'cat_binary__NITR_S', 'cat_binary__LID_S_n', 'cat_binary__B_BLOK_S_n', 'cat_binary__ANT_CA_S_n', 'cat_binary__GEPAR_S_n', 'cat_binary__ASP_S_n', 'cat_binary__TIKL_S_n', 'cat_binary__TRENT_S_n']"
baseline__standard,3,4,StackingClassifier,generalization,10,132,0,15,0.9044585987261147,1.0,0.4,0.5714285714285714,1.0,0.0,0.7,0.6324555320336759,0.5993193418115151,0.5285285285285286,0.8660606060606061,0.682243539801187,0.9554140127388535,0.13641881942749023,157,"['num_log1p_standard_scaler__L_BLOOD', 'num_log1p_standard_scaler__ROE', 'num_log1p_standard_scaler__K_BLOOD', 'num_standard_scaler__AGE', 'num_standard_scaler__S_AD_ORIT', 'num_standard_scaler__D_AD_ORIT', 'num_standard_scaler__NA_BLOOD', 'cat_nominal__IBS_POST_2.0', 'cat_ordinal__STENOK_AN', 'cat_ordinal__FK_STENOK', 'cat_ordinal__GB', 'cat_ordinal__DLIT_AG', 'cat_ordinal__TIME_B_S', 'cat_ordinal__ant_im', 'cat_ordinal__inf_im', 'cat_ordinal__post_im', 'cat_partial_ordinal__HF_right_line', 'cat_partial_ordinal__HF_left_line', 'cat_binary__SEX', 'cat_binary__SIM_GIPERT', 'cat_binary__nr_02', 'cat_binary__np_01', 'cat_binary__np_04', 'cat_binary__np_05', 'cat_binary__np_07', 'cat_binary__np_10', 'cat_binary__endocr_01', 'cat_binary__endocr_02', 'cat_binary__endocr_03', 'cat_binary__zab_leg_01', 'cat_binary__zab_leg_02', 'cat_binary__zab_leg_03', 'cat_binary__zab_leg_04', 'cat_binary__K_SH_POST', 'cat_binary__GT_POST', 'cat_binary__FIB_G_POST', 'cat_binary__IM_PG_P', 'cat_binary__ritm_ecg_p_01', 'cat_binary__ritm_ecg_p_02', 'cat_binary__ritm_ecg_p_04', 'cat_binary__ritm_ecg_p_06', 'cat_binary__ritm_ecg_p_07', 'cat_binary__ritm_ecg_p_08', 'cat_binary__n_r_ecg_p_01', 'cat_binary__n_r_ecg_p_02', 'cat_binary__n_r_ecg_p_03', 'cat_binary__n_r_ecg_p_04', 'cat_binary__n_r_ecg_p_05', 'cat_binary__n_r_ecg_p_06', 'cat_binary__n_r_ecg_p_08', 'cat_binary__n_r_ecg_p_09', 'cat_binary__n_r_ecg_p_10', 'cat_binary__n_p_ecg_p_01', 'cat_binary__n_p_ecg_p_03', 'cat_binary__n_p_ecg_p_04', 'cat_binary__n_p_ecg_p_05', 'cat_binary__n_p_ecg_p_06', 'cat_binary__n_p_ecg_p_07', 'cat_binary__n_p_ecg_p_08', 'cat_binary__n_p_ecg_p_09', 'cat_binary__n_p_ecg_p_10', 'cat_binary__n_p_ecg_p_11', 'cat_binary__n_p_ecg_p_12', 'cat_binary__fibr_ter_01', 'cat_binary__fibr_ter_02', 'cat_binary__fibr_ter_03', 'cat_binary__fibr_ter_05', 'cat_binary__fibr_ter_06', 'cat_binary__fibr_ter_07', 'cat_binary__fibr_ter_08', 'cat_binary__GIPO_K', 'cat_binary__GIPER_NA', 'cat_binary__NITR_S', 'cat_binary__LID_S_n', 'cat_binary__B_BLOK_S_n', 'cat_binary__ANT_CA_S_n', 'cat_binary__GEPAR_S_n', 'cat_binary__ASP_S_n', 'cat_binary__TIKL_S_n', 'cat_binary__TRENT_S_n']"
baseline__standard,3,5,StackingClassifier,generalization,9,127,5,16,0.8662420382165605,0.6428571428571429,0.36,0.46153846153846156,0.9621212121212122,0.037878787878787845,0.6610606060606061,0.5885266658050733,0.41356545776281856,0.3920339295592845,0.8742424242424242,0.6215565468262605,1.0509554140127388,0.1028592586517334,157,"['num_log1p_standard_scaler__L_BLOOD', 'num_log1p_standard_scaler__ALT_BLOOD', 'num_log1p_standard_scaler__AST_BLOOD', 'num_log1p_standard_scaler__ROE', 'num_log1p_standard_scaler__K_BLOOD', 'num_standard_scaler__AGE', 'num_standard_scaler__S_AD_ORIT', 'num_standard_scaler__D_AD_ORIT', 'num_standard_scaler__NA_BLOOD', 'cat_nominal__IBS_POST_1.0', 'cat_nominal__IBS_POST_2.0', 'cat_ordinal__INF_ANAM', 'cat_ordinal__STENOK_AN', 'cat_ordinal__FK_STENOK', 'cat_ordinal__DLIT_AG', 'cat_ordinal__TIME_B_S', 'cat_ordinal__ant_im', 'cat_ordinal__lat_im', 'cat_ordinal__inf_im', 'cat_partial_ordinal__HF_right_line', 'cat_partial_ordinal__HF_left_line', 'cat_binary__SEX', 'cat_binary__nr_11', 'cat_binary__nr_02', 'cat_binary__nr_08', 'cat_binary__np_07', 'cat_binary__np_08', 'cat_binary__endocr_02', 'cat_binary__zab_leg_02', 'cat_binary__zab_leg_03', 'cat_binary__zab_leg_04', 'cat_binary__O_L_POST', 'cat_binary__K_SH_POST', 'cat_binary__MP_TP_POST', 'cat_binary__SVT_POST', 'cat_binary__GT_POST', 'cat_binary__FIB_G_POST', 'cat_binary__IM_PG_P', 'cat_binary__ritm_ecg_p_01', 'cat_binary__ritm_ecg_p_02', 'cat_binary__ritm_ecg_p_04', 'cat_binary__ritm_ecg_p_06', 'cat_binary__ritm_ecg_p_07', 'cat_binary__ritm_ecg_p_08', 'cat_binary__n_r_ecg_p_02', 'cat_binary__n_r_ecg_p_04', 'cat_binary__n_r_ecg_p_06', 'cat_binary__n_r_ecg_p_08', 'cat_binary__n_r_ecg_p_09', 'cat_binary__n_r_ecg_p_10', 'cat_binary__n_p_ecg_p_03', 'cat_binary__n_p_ecg_p_04', 'cat_binary__n_p_ecg_p_07', 'cat_binary__n_p_ecg_p_10', 'cat_binary__n_p_ecg_p_11', 'cat_binary__n_p_ecg_p_12', 'cat_binary__fibr_ter_01', 'cat_binary__fibr_ter_02', 'cat_binary__fibr_ter_03', 'cat_binary__fibr_ter_05', 'cat_binary__fibr_ter_07', 'cat_binary__GIPER_NA', 'cat_binary__NITR_S', 'cat_binary__LID_S_n', 'cat_binary__B_BLOK_S_n', 'cat_binary__ANT_CA_S_n', 'cat_binary__GEPAR_S_n', 'cat_binary__ASP_S_n', 'cat_binary__TIKL_S_n', 'cat_binary__TRENT_S_n']"
baseline__standard,3,6,StackingClassifier,generalization,11,129,3,14,0.89171974522293,0.7857142857142857,0.44,0.5641025641025641,0.9772727272727273,0.022727272727272707,0.7086363636363636,0.6557438524302001,0.5357287256250246,0.5078369905956113,0.8636363636363635,0.6365080754930337,0.910828025477707,0.06978631019592285,157,"['num_log1p_standard_scaler__L_BLOOD', 'num_log1p_standard_scaler__ALT_BLOOD', 'num_log1p_standard_scaler__ROE', 'num_log1p_standard_scaler__K_BLOOD', 'num_standard_scaler__AGE', 'num_standard_scaler__S_AD_ORIT', 'num_standard_scaler__D_AD_ORIT', 'num_standard_scaler__NA_BLOOD', 'cat_nominal__IBS_POST_0.0', 'cat_nominal__IBS_POST_2.0', 'cat_ordinal__FK_STENOK', 'cat_ordinal__TIME_B_S', 'cat_ordinal__ant_im', 'cat_ordinal__lat_im', 'cat_ordinal__inf_im', 'cat_partial_ordinal__HF_right_line', 'cat_partial_ordinal__HF_left_line', 'cat_binary__SEX', 'cat_binary__nr_01', 'cat_binary__nr_02', 'cat_binary__nr_03', 'cat_binary__np_05', 'cat_binary__np_07', 'cat_binary__np_10', 'cat_binary__endocr_01', 'cat_binary__endocr_02', 'cat_binary__endocr_03', 'cat_binary__K_SH_POST', 'cat_binary__MP_TP_POST', 'cat_binary__SVT_POST', 'cat_binary__ritm_ecg_p_01', 'cat_binary__ritm_ecg_p_02', 'cat_binary__ritm_ecg_p_06', 'cat_binary__ritm_ecg_p_07', 'cat_binary__n_r_ecg_p_01', 'cat_binary__n_r_ecg_p_05', 'cat_binary__n_r_ecg_p_06', 'cat_binary__n_r_ecg_p_09', 'cat_binary__n_p_ecg_p_03', 'cat_binary__n_p_ecg_p_06', 'cat_binary__n_p_ecg_p_08', 'cat_binary__n_p_ecg_p_10', 'cat_binary__n_p_ecg_p_12', 'cat_binary__NITR_S', 'cat_binary__ASP_S_n']"
baseline__standard,3,7,StackingClassifier,generalization,8,124,8,17,0.8407643312101911,0.5,0.32,0.3902439024390244,0.9393939393939394,0.06060606060606055,0.6296969696969698,0.5482755334738736,0.31372364128859365,0.30370764591094557,0.8445454545454545,0.5709884038397793,1.1337579617834395,0.10957574844360352,157,"['num_log1p_standard_scaler__L_BLOOD', 'num_log1p_standard_scaler__AST_BLOOD', 'num_log1p_standard_scaler__ROE', 'num_log1p_standard_scaler__K_BLOOD', 'num_standard_scaler__AGE', 'num_standard_scaler__S_AD_ORIT', 'num_standard_scaler__D_AD_ORIT', 'num_standard_scaler__NA_BLOOD', 'cat_nominal__IBS_POST_0.0', 'cat_nominal__IBS_POST_1.0', 'cat_nominal__IBS_POST_2.0', 'cat_ordinal__INF_ANAM', 'cat_ordinal__STENOK_AN', 'cat_ordinal__FK_STENOK', 'cat_ordinal__GB', 'cat_ordinal__DLIT_AG', 'cat_ordinal__TIME_B_S', 'cat_ordinal__ant_im', 'cat_ordinal__inf_im', 'cat_partial_ordinal__HF_right_line', 'cat_partial_ordinal__HF_left_line', 'cat_binary__SEX', 'cat_binary__SIM_GIPERT', 'cat_binary__nr_07', 'cat_binary__nr_08', 'cat_binary__np_01', 'cat_binary__np_04', 'cat_binary__np_05', 'cat_binary__endocr_01', 'cat_binary__endocr_02', 'cat_binary__endocr_03', 'cat_binary__zab_leg_02', 'cat_binary__zab_leg_03', 'cat_binary__zab_leg_04', 'cat_binary__zab_leg_06', 'cat_binary__O_L_POST', 'cat_binary__K_SH_POST', 'cat_binary__MP_TP_POST', 'cat_binary__SVT_POST', 'cat_binary__GT_POST', 'cat_binary__FIB_G_POST', 'cat_binary__IM_PG_P', 'cat_binary__ritm_ecg_p_01', 'cat_binary__ritm_ecg_p_02', 'cat_binary__ritm_ecg_p_04', 'cat_binary__ritm_ecg_p_06', 'cat_binary__ritm_ecg_p_07', 'cat_binary__ritm_ecg_p_08', 'cat_binary__n_r_ecg_p_01', 'cat_binary__n_r_ecg_p_02', 'cat_binary__n_r_ecg_p_03', 'cat_binary__n_r_ecg_p_04', 'cat_binary__n_r_ecg_p_05', 'cat_binary__n_r_ecg_p_06', 'cat_binary__n_r_ecg_p_08', 'cat_binary__n_r_ecg_p_09', 'cat_binary__n_r_ecg_p_10', 'cat_binary__n_p_ecg_p_01', 'cat_binary__n_p_ecg_p_03', 'cat_binary__n_p_ecg_p_04', 'cat_binary__n_p_ecg_p_05', 'cat_binary__n_p_ecg_p_06', 'cat_binary__n_p_ecg_p_07', 'cat_binary__n_p_ecg_p_08', 'cat_binary__n_p_ecg_p_09', 'cat_binary__n_p_ecg_p_10', 'cat_binary__n_p_ecg_p_11', 'cat_binary__n_p_ecg_p_12', 'cat_binary__fibr_ter_01', 'cat_binary__fibr_ter_02', 'cat_binary__fibr_ter_03', 'cat_binary__fibr_ter_05', 'cat_binary__fibr_ter_06', 'cat_binary__fibr_ter_07', 'cat_binary__fibr_ter_08', 'cat_binary__GIPO_K', 'cat_binary__GIPER_NA', 'cat_binary__NITR_S', 'cat_binary__LID_S_n', 'cat_binary__B_BLOK_S_n', 'cat_binary__ANT_CA_S_n', 'cat_binary__GEPAR_S_n', 'cat_binary__ASP_S_n', 'cat_binary__TIKL_S_n', 'cat_binary__TRENT_S_n']"
baseline__standard,3,8,StackingClassifier,generalization,8,129,3,17,0.8726114649681529,0.7272727272727273,0.32,0.4444444444444444,0.9772727272727273,0.022727272727272707,0.6486363636363637,0.5592202363356255,0.42612721036246737,0.3845550764406116,0.9063636363636363,0.6593729266807229,1.1019108280254777,0.181138277053833,157,"['num_log1p_standard_scaler__L_BLOOD', 'num_log1p_standard_scaler__ROE', 'num_log1p_standard_scaler__K_BLOOD', 'num_standard_scaler__AGE', 'num_standard_scaler__S_AD_ORIT', 'num_standard_scaler__D_AD_ORIT', 'num_standard_scaler__NA_BLOOD', 'cat_nominal__IBS_POST_0.0', 'cat_nominal__IBS_POST_2.0', 'cat_ordinal__STENOK_AN', 'cat_ordinal__FK_STENOK', 'cat_ordinal__GB', 'cat_ordinal__TIME_B_S', 'cat_ordinal__lat_im', 'cat_partial_ordinal__HF_right_line', 'cat_binary__SEX', 'cat_binary__nr_11', 'cat_binary__nr_01', 'cat_binary__nr_02', 'cat_binary__nr_07', 'cat_binary__np_04', 'cat_binary__endocr_02', 'cat_binary__endocr_03', 'cat_binary__zab_leg_02', 'cat_binary__zab_leg_04', 'cat_binary__zab_leg_06', 'cat_binary__O_L_POST', 'cat_binary__K_SH_POST', 'cat_binary__IM_PG_P', 'cat_binary__ritm_ecg_p_01', 'cat_binary__ritm_ecg_p_02', 'cat_binary__ritm_ecg_p_08', 'cat_binary__n_r_ecg_p_01', 'cat_binary__n_r_ecg_p_04', 'cat_binary__n_r_ecg_p_05', 'cat_binary__n_r_ecg_p_09', 'cat_binary__n_p_ecg_p_05', 'cat_binary__n_p_ecg_p_06', 'cat_binary__n_p_ecg_p_08', 'cat_binary__n_p_ecg_p_10', 'cat_binary__n_p_ecg_p_12', 'cat_binary__fibr_ter_03', 'cat_binary__fibr_ter_05', 'cat_binary__fibr_ter_07', 'cat_binary__GIPO_K', 'cat_binary__LID_S_n', 'cat_binary__B_BLOK_S_n', 'cat_binary__ANT_CA_S_n', 'cat_binary__TIKL_S_n', 'cat_binary__TRENT_S_n']"
baseline__standard,3,9,StackingClassifier,generalization,9,129,3,16,0.8789808917197452,0.75,0.36,0.4864864864864865,0.9772727272727273,0.022727272727272707,0.6686363636363637,0.5931426319344967,0.46447631211301466,0.42733730082549437,0.8745454545454545,0.6669382448704498,1.0382165605095541,0.18407535552978516,157,"['num_log1p_standard_scaler__L_BLOOD', 'num_log1p_standard_scaler__AST_BLOOD', 'num_log1p_standard_scaler__ROE', 'num_log1p_standard_scaler__K_BLOOD', 'num_standard_scaler__AGE', 'num_standard_scaler__S_AD_ORIT', 'num_standard_scaler__D_AD_ORIT', 'num_standard_scaler__NA_BLOOD', 'cat_nominal__IBS_POST_2.0', 'cat_ordinal__STENOK_AN', 'cat_ordinal__FK_STENOK', 'cat_ordinal__GB', 'cat_ordinal__DLIT_AG', 'cat_ordinal__TIME_B_S', 'cat_ordinal__ant_im', 'cat_ordinal__lat_im', 'cat_ordinal__inf_im', 'cat_partial_ordinal__HF_right_line', 'cat_partial_ordinal__HF_left_line', 'cat_binary__nr_11', 'cat_binary__nr_01', 'cat_binary__nr_02', 'cat_binary__nr_04', 'cat_binary__nr_08', 'cat_binary__np_09', 'cat_binary__endocr_01', 'cat_binary__endocr_02', 'cat_binary__zab_leg_03', 'cat_binary__zab_leg_04', 'cat_binary__zab_leg_06', 'cat_binary__O_L_POST', 'cat_binary__K_SH_POST', 'cat_binary__MP_TP_POST', 'cat_binary__SVT_POST', 'cat_binary__GT_POST', 'cat_binary__FIB_G_POST', 'cat_binary__IM_PG_P', 'cat_binary__ritm_ecg_p_01', 'cat_binary__ritm_ecg_p_02', 'cat_binary__ritm_ecg_p_04', 'cat_binary__ritm_ecg_p_06', 'cat_binary__ritm_ecg_p_07', 'cat_binary__ritm_ecg_p_08', 'cat_binary__n_r_ecg_p_01', 'cat_binary__n_r_ecg_p_02', 'cat_binary__n_r_ecg_p_03', 'cat_binary__n_r_ecg_p_04', 'cat_binary__n_r_ecg_p_05', 'cat_binary__n_r_ecg_p_06', 'cat_binary__n_r_ecg_p_08', 'cat_binary__n_r_ecg_p_09', 'cat_binary__n_r_ecg_p_10', 'cat_binary__n_p_ecg_p_01', 'cat_binary__n_p_ecg_p_03', 'cat_binary__n_p_ecg_p_04', 'cat_binary__n_p_ecg_p_05', 'cat_binary__n_p_ecg_p_06', 'cat_binary__n_p_ecg_p_07', 'cat_binary__n_p_ecg_p_08', 'cat_binary__n_p_ecg_p_09', 'cat_binary__n_p_ecg_p_10', 'cat_binary__n_p_ecg_p_11', 'cat_binary__n_p_ecg_p_12', 'cat_binary__fibr_ter_01', 'cat_binary__fibr_ter_02', 'cat_binary__fibr_ter_03', 'cat_binary__fibr_ter_05', 'cat_binary__fibr_ter_06', 'cat_binary__fibr_ter_07', 'cat_binary__fibr_ter_08', 'cat_binary__GIPO_K', 'cat_binary__GIPER_NA', 'cat_binary__NITR_S', 'cat_binary__LID_S_n', 'cat_binary__B_BLOK_S_n', 'cat_binary__ANT_CA_S_n', 'cat_binary__GEPAR_S_n', 'cat_binary__ASP_S_n', 'cat_binary__TIKL_S_n', 'cat_binary__TRENT_S_n']"
baseline__standard,3,10,StackingClassifier,generalization,12,124,8,13,0.8662420382165605,0.6,0.48,0.5333333333333333,0.9393939393939394,0.06060606060606055,0.7096969696969697,0.6714976477316141,0.4602606418524167,0.45638911788953007,0.8281818181818181,0.5778121383492362,0.8789808917197452,0.18172383308410645,157,"['num_log1p_standard_scaler__L_BLOOD', 'num_log1p_standard_scaler__ROE', 'num_standard_scaler__AGE', 'num_standard_scaler__S_AD_ORIT', 'num_standard_scaler__D_AD_ORIT', 'num_standard_scaler__NA_BLOOD', 'cat_ordinal__STENOK_AN', 'cat_ordinal__FK_STENOK', 'cat_ordinal__GB', 'cat_ordinal__DLIT_AG', 'cat_ordinal__TIME_B_S', 'cat_ordinal__ant_im', 'cat_ordinal__lat_im', 'cat_ordinal__inf_im', 'cat_ordinal__post_im', 'cat_partial_ordinal__HF_right_line', 'cat_partial_ordinal__HF_left_line', 'cat_binary__nr_02', 'cat_binary__nr_08', 'cat_binary__np_05', 'cat_binary__np_07', 'cat_binary__endocr_02', 'cat_binary__zab_leg_02', 'cat_binary__O_L_POST', 'cat_binary__K_SH_POST', 'cat_binary__MP_TP_POST', 'cat_binary__FIB_G_POST', 'cat_binary__ritm_ecg_p_01', 'cat_binary__n_r_ecg_p_02', 'cat_binary__n_r_ecg_p_03', 'cat_binary__n_r_ecg_p_06', 'cat_binary__n_r_ecg_p_09', 'cat_binary__n_p_ecg_p_01', 'cat_binary__n_p_ecg_p_07', 'cat_binary__n_p_ecg_p_12', 'cat_binary__fibr_ter_01', 'cat_binary__GIPER_NA', 'cat_binary__NITR_S', 'cat_binary__B_BLOK_S_n', 'cat_binary__ASP_S_n']"
baseline__standard,4,1,StackingClassifier,generalization,9,129,4,16,0.8734177215189873,0.6923076923076923,0.36,0.47368421052631576,0.9699248120300752,0.03007518796992481,0.6649624060150376,0.5909085651188575,0.4381825974998552,0.4097870750840493,0.8679699248120301,0.6282365522325459,1.0379746835443038,0.14441657066345215,158,"['num_log1p_standard_scaler__L_BLOOD', 'num_log1p_standard_scaler__AST_BLOOD', 'num_log1p_standard_scaler__ROE', 'num_log1p_standard_scaler__K_BLOOD', 'num_standard_scaler__AGE', 'num_standard_scaler__S_AD_ORIT', 'num_standard_scaler__D_AD_ORIT', 'num_standard_scaler__NA_BLOOD', 'cat_nominal__IBS_POST_0.0', 'cat_nominal__IBS_POST_1.0', 'cat_nominal__IBS_POST_2.0', 'cat_ordinal__FK_STENOK', 'cat_ordinal__GB', 'cat_ordinal__TIME_B_S', 'cat_ordinal__ant_im', 'cat_ordinal__lat_im', 'cat_ordinal__inf_im', 'cat_partial_ordinal__HF_right_line', 'cat_partial_ordinal__HF_left_line', 'cat_binary__nr_11', 'cat_binary__nr_02', 'cat_binary__nr_03', 'cat_binary__nr_04', 'cat_binary__nr_07', 'cat_binary__nr_08', 'cat_binary__np_07', 'cat_binary__np_08', 'cat_binary__np_10', 'cat_binary__endocr_01', 'cat_binary__endocr_02', 'cat_binary__endocr_03', 'cat_binary__zab_leg_01', 'cat_binary__zab_leg_02', 'cat_binary__zab_leg_04', 'cat_binary__O_L_POST', 'cat_binary__K_SH_POST', 'cat_binary__MP_TP_POST', 'cat_binary__GT_POST', 'cat_binary__FIB_G_POST', 'cat_binary__IM_PG_P', 'cat_binary__ritm_ecg_p_01', 'cat_binary__ritm_ecg_p_02', 'cat_binary__ritm_ecg_p_04', 'cat_binary__ritm_ecg_p_07', 'cat_binary__ritm_ecg_p_08', 'cat_binary__n_r_ecg_p_02', 'cat_binary__n_r_ecg_p_06', 'cat_binary__n_r_ecg_p_09', 'cat_binary__n_p_ecg_p_01', 'cat_binary__n_p_ecg_p_05', 'cat_binary__n_p_ecg_p_06', 'cat_binary__n_p_ecg_p_07', 'cat_binary__n_p_ecg_p_10', 'cat_binary__n_p_ecg_p_12', 'cat_binary__fibr_ter_01', 'cat_binary__fibr_ter_03', 'cat_binary__fibr_ter_05', 'cat_binary__fibr_ter_06', 'cat_binary__fibr_ter_07', 'cat_binary__fibr_ter_08', 'cat_binary__GIPO_K', 'cat_binary__GIPER_NA', 'cat_binary__NITR_S', 'cat_binary__LID_S_n', 'cat_binary__B_BLOK_S_n', 'cat_binary__ANT_CA_S_n', 'cat_binary__GEPAR_S_n', 'cat_binary__ASP_S_n', 'cat_binary__TIKL_S_n', 'cat_binary__TRENT_S_n']"
baseline__standard,4,2,StackingClassifier,generalization,12,129,3,14,0.8924050632911392,0.8,0.46153846153846156,0.5853658536585366,0.9772727272727273,0.022727272727272707,0.7194055944055944,0.6716017801115115,0.5550571277638204,0.5286065286065286,0.9020979020979021,0.753196815576499,0.9050632911392406,0.18489313125610352,158,"['num_log1p_standard_scaler__L_BLOOD', 'num_log1p_standard_scaler__ALT_BLOOD', 'num_log1p_standard_scaler__ROE', 'num_standard_scaler__AGE', 'num_standard_scaler__S_AD_ORIT', 'num_standard_scaler__D_AD_ORIT', 'num_standard_scaler__NA_BLOOD', 'cat_nominal__IBS_POST_0.0', 'cat_nominal__IBS_POST_2.0', 'cat_ordinal__FK_STENOK', 'cat_ordinal__GB', 'cat_ordinal__DLIT_AG', 'cat_ordinal__TIME_B_S', 'cat_ordinal__ant_im', 'cat_ordinal__lat_im', 'cat_partial_ordinal__HF_right_line', 'cat_partial_ordinal__HF_left_line', 'cat_binary__SEX', 'cat_binary__SIM_GIPERT', 'cat_binary__nr_03', 'cat_binary__nr_04', 'cat_binary__nr_07', 'cat_binary__np_01', 'cat_binary__np_04', 'cat_binary__np_08', 'cat_binary__endocr_02', 'cat_binary__endocr_03', 'cat_binary__zab_leg_02', 'cat_binary__zab_leg_04', 'cat_binary__O_L_POST', 'cat_binary__K_SH_POST', 'cat_binary__MP_TP_POST', 'cat_binary__GT_POST', 'cat_binary__FIB_G_POST', 'cat_binary__IM_PG_P', 'cat_binary__ritm_ecg_p_01', 'cat_binary__ritm_ecg_p_02', 'cat_binary__ritm_ecg_p_06', 'cat_binary__ritm_ecg_p_07', 'cat_binary__ritm_ecg_p_08', 'cat_binary__n_r_ecg_p_03', 'cat_binary__n_r_ecg_p_04', 'cat_binary__n_r_ecg_p_05', 'cat_binary__n_r_ecg_p_06', 'cat_binary__n_r_ecg_p_08', 'cat_binary__n_r_ecg_p_09', 'cat_binary__n_p_ecg_p_01', 'cat_binary__n_p_ecg_p_04', 'cat_binary__n_p_ecg_p_07', 'cat_binary__n_p_ecg_p_09', 'cat_binary__n_p_ecg_p_10', 'cat_binary__n_p_ecg_p_11', 'cat_binary__n_p_ecg_p_12', 'cat_binary__fibr_ter_01', 'cat_binary__fibr_ter_02', 'cat_binary__fibr_ter_03', 'cat_binary__fibr_ter_05', 'cat_binary__fibr_ter_06', 'cat_binary__fibr_ter_07', 'cat_binary__fibr_ter_08', 'cat_binary__GIPO_K', 'cat_binary__GIPER_NA', 'cat_binary__NITR_S', 'cat_binary__LID_S_n', 'cat_binary__B_BLOK_S_n', 'cat_binary__ANT_CA_S_n', 'cat_binary__GEPAR_S_n', 'cat_binary__ASP_S_n', 'cat_binary__TIKL_S_n', 'cat_binary__TRENT_S_n']"
baseline__standard,4,3,StackingClassifier,generalization,7,130,2,18,0.8726114649681529,0.7777777777777778,0.28,0.4117647058823529,0.9848484848484849,0.015151515151515138,0.6324242424242424,0.5251262474468171,0.4168716394550771,0.3576104746317512,0.860909090909091,0.6494095796024881,1.1592356687898089,0.1130826473236084,157,"['num_log1p_standard_scaler__L_BLOOD', 'num_log1p_standard_scaler__ALT_BLOOD', 'num_log1p_standard_scaler__AST_BLOOD', 'num_log1p_standard_scaler__ROE', 'num_log1p_standard_scaler__K_BLOOD', 'num_standard_scaler__AGE', 'num_standard_scaler__S_AD_ORIT', 'num_standard_scaler__D_AD_ORIT', 'num_standard_scaler__NA_BLOOD', 'cat_nominal__IBS_POST_0.0', 'cat_nominal__IBS_POST_1.0', 'cat_nominal__IBS_POST_2.0', 'cat_ordinal__INF_ANAM', 'cat_ordinal__STENOK_AN', 'cat_ordinal__FK_STENOK', 'cat_ordinal__DLIT_AG', 'cat_ordinal__TIME_B_S', 'cat_ordinal__ant_im', 'cat_ordinal__lat_im', 'cat_ordinal__inf_im', 'cat_partial_ordinal__HF_right_line', 'cat_partial_ordinal__HF_left_line', 'cat_binary__SEX', 'cat_binary__nr_01', 'cat_binary__nr_02', 'cat_binary__nr_03', 'cat_binary__nr_04', 'cat_binary__np_01', 'cat_binary__np_05', 'cat_binary__np_10', 'cat_binary__endocr_01', 'cat_binary__endocr_02', 'cat_binary__endocr_03', 'cat_binary__zab_leg_03', 'cat_binary__zab_leg_04', 'cat_binary__zab_leg_06', 'cat_binary__O_L_POST', 'cat_binary__K_SH_POST', 'cat_binary__MP_TP_POST', 'cat_binary__GT_POST', 'cat_binary__IM_PG_P', 'cat_binary__ritm_ecg_p_01', 'cat_binary__n_r_ecg_p_02', 'cat_binary__n_r_ecg_p_03', 'cat_binary__n_r_ecg_p_05', 'cat_binary__n_r_ecg_p_09', 'cat_binary__n_r_ecg_p_10', 'cat_binary__n_p_ecg_p_01', 'cat_binary__n_p_ecg_p_03', 'cat_binary__n_p_ecg_p_04', 'cat_binary__n_p_ecg_p_06', 'cat_binary__n_p_ecg_p_11', 'cat_binary__n_p_ecg_p_12', 'cat_binary__fibr_ter_01', 'cat_binary__fibr_ter_02', 'cat_binary__fibr_ter_05', 'cat_binary__fibr_ter_08', 'cat_binary__GIPO_K', 'cat_binary__NITR_S', 'cat_binary__B_BLOK_S_n', 'cat_binary__ANT_CA_S_n', 'cat_binary__GEPAR_S_n', 'cat_binary__ASP_S_n', 'cat_binary__TIKL_S_n', 'cat_binary__TRENT_S_n']"
baseline__standard,4,4,StackingClassifier,generalization,9,129,3,16,0.8789808917197452,0.75,0.36,0.4864864864864865,0.9772727272727273,0.022727272727272707,0.6686363636363637,0.5931426319344967,0.46447631211301466,0.42733730082549437,0.8715151515151515,0.6405540944780824,1.0382165605095541,0.1529712677001953,157,"['num_log1p_standard_scaler__L_BLOOD', 'num_log1p_standard_scaler__ROE', 'num_log1p_standard_scaler__K_BLOOD', 'num_standard_scaler__AGE', 'num_standard_scaler__S_AD_ORIT', 'num_standard_scaler__D_AD_ORIT', 'num_standard_scaler__NA_BLOOD', 'cat_nominal__IBS_POST_0.0', 'cat_nominal__IBS_POST_1.0', 'cat_nominal__IBS_POST_2.0', 'cat_ordinal__INF_ANAM', 'cat_ordinal__STENOK_AN', 'cat_ordinal__FK_STENOK', 'cat_ordinal__DLIT_AG', 'cat_ordinal__TIME_B_S', 'cat_ordinal__ant_im', 'cat_ordinal__lat_im', 'cat_ordinal__inf_im', 'cat_ordinal__post_im', 'cat_partial_ordinal__HF_right_line', 'cat_partial_ordinal__HF_left_line', 'cat_binary__SEX', 'cat_binary__SIM_GIPERT', 'cat_binary__nr_11', 'cat_binary__nr_01', 'cat_binary__nr_02', 'cat_binary__nr_03', 'cat_binary__nr_07', 'cat_binary__nr_08', 'cat_binary__np_05', 'cat_binary__np_08', 'cat_binary__endocr_01', 'cat_binary__endocr_02', 'cat_binary__endocr_03', 'cat_binary__zab_leg_01', 'cat_binary__zab_leg_02', 'cat_binary__zab_leg_04', 'cat_binary__zab_leg_06', 'cat_binary__O_L_POST', 'cat_binary__K_SH_POST', 'cat_binary__MP_TP_POST', 'cat_binary__GT_POST', 'cat_binary__FIB_G_POST', 'cat_binary__IM_PG_P', 'cat_binary__ritm_ecg_p_01', 'cat_binary__ritm_ecg_p_02', 'cat_binary__ritm_ecg_p_06', 'cat_binary__ritm_ecg_p_07', 'cat_binary__n_r_ecg_p_02', 'cat_binary__n_r_ecg_p_04', 'cat_binary__n_r_ecg_p_05', 'cat_binary__n_r_ecg_p_06', 'cat_binary__n_r_ecg_p_09', 'cat_binary__n_p_ecg_p_03', 'cat_binary__n_p_ecg_p_04', 'cat_binary__n_p_ecg_p_10', 'cat_binary__n_p_ecg_p_11', 'cat_binary__n_p_ecg_p_12', 'cat_binary__fibr_ter_01', 'cat_binary__fibr_ter_02', 'cat_binary__fibr_ter_03', 'cat_binary__fibr_ter_05', 'cat_binary__GIPO_K', 'cat_binary__NITR_S', 'cat_binary__LID_S_n', 'cat_binary__B_BLOK_S_n', 'cat_binary__ANT_CA_S_n', 'cat_binary__ASP_S_n', 'cat_binary__TIKL_S_n', 'cat_binary__TRENT_S_n']"
baseline__standard,4,5,StackingClassifier,generalization,12,130,2,13,0.9044585987261147,0.8571428571428571,0.48,0.6153846153846154,0.9848484848484849,0.015151515151515138,0.7324242424242424,0.6875516509523286,0.5968103595561277,0.5657385211137747,0.8354545454545454,0.6366412783970617,0.8407643312101911,0.14515399932861328,157,"['num_log1p_standard_scaler__L_BLOOD', 'num_log1p_standard_scaler__AST_BLOOD', 'num_log1p_standard_scaler__ROE', 'num_log1p_standard_scaler__K_BLOOD', 'num_standard_scaler__AGE', 'num_standard_scaler__S_AD_ORIT', 'num_standard_scaler__D_AD_ORIT', 'num_standard_scaler__NA_BLOOD', 'cat_nominal__IBS_POST_0.0', 'cat_ordinal__INF_ANAM', 'cat_ordinal__STENOK_AN', 'cat_ordinal__FK_STENOK', 'cat_ordinal__GB', 'cat_ordinal__DLIT_AG', 'cat_ordinal__ant_im', 'cat_ordinal__lat_im', 'cat_ordinal__inf_im', 'cat_ordinal__post_im', 'cat_partial_ordinal__HF_right_line', 'cat_partial_ordinal__HF_left_line', 'cat_binary__SIM_GIPERT', 'cat_binary__nr_11', 'cat_binary__nr_04', 'cat_binary__nr_08', 'cat_binary__np_04', 'cat_binary__np_10', 'cat_binary__zab_leg_03', 'cat_binary__zab_leg_04', 'cat_binary__zab_leg_06', 'cat_binary__O_L_POST', 'cat_binary__K_SH_POST', 'cat_binary__MP_TP_POST', 'cat_binary__SVT_POST', 'cat_binary__IM_PG_P', 'cat_binary__ritm_ecg_p_01', 'cat_binary__ritm_ecg_p_02', 'cat_binary__ritm_ecg_p_06', 'cat_binary__n_r_ecg_p_01', 'cat_binary__n_r_ecg_p_02', 'cat_binary__n_r_ecg_p_03', 'cat_binary__n_r_ecg_p_05', 'cat_binary__n_r_ecg_p_09', 'cat_binary__n_r_ecg_p_10', 'cat_binary__n_p_ecg_p_06', 'cat_binary__n_p_ecg_p_07', 'cat_binary__n_p_ecg_p_09', 'cat_binary__n_p_ecg_p_10', 'cat_binary__n_p_ecg_p_11', 'cat_binary__n_p_ecg_p_12', 'cat_binary__fibr_ter_02', 'cat_binary__fibr_ter_08', 'cat_binary__NITR_S', 'cat_binary__B_BLOK_S_n', 'cat_binary__ANT_CA_S_n', 'cat_binary__TRENT_S_n']"
baseline__standard,4,6,StackingClassifier,generalization,10,125,7,15,0.8598726114649682,0.5882352941176471,0.4,0.47619047619047616,0.946969696969697,0.05303030303030298,0.6734848484848486,0.6154574548966637,0.40856394489915027,0.3986768802228413,0.9045454545454545,0.6607391734427168,1.0,0.1253354549407959,157,"['num_log1p_standard_scaler__L_BLOOD', 'num_log1p_standard_scaler__ALT_BLOOD', 'num_log1p_standard_scaler__AST_BLOOD', 'num_log1p_standard_scaler__ROE', 'num_log1p_standard_scaler__K_BLOOD', 'num_standard_scaler__AGE', 'num_standard_scaler__S_AD_ORIT', 'num_standard_scaler__D_AD_ORIT', 'num_standard_scaler__NA_BLOOD', 'cat_nominal__IBS_POST_0.0', 'cat_nominal__IBS_POST_1.0', 'cat_nominal__IBS_POST_2.0', 'cat_ordinal__INF_ANAM', 'cat_ordinal__STENOK_AN', 'cat_ordinal__FK_STENOK', 'cat_ordinal__GB', 'cat_ordinal__DLIT_AG', 'cat_ordinal__TIME_B_S', 'cat_ordinal__ant_im', 'cat_ordinal__lat_im', 'cat_ordinal__inf_im', 'cat_ordinal__post_im', 'cat_partial_ordinal__HF_right_line', 'cat_partial_ordinal__HF_left_line', 'cat_binary__SEX', 'cat_binary__SIM_GIPERT', 'cat_binary__nr_11', 'cat_binary__nr_01', 'cat_binary__nr_02', 'cat_binary__nr_03', 'cat_binary__nr_04', 'cat_binary__nr_07', 'cat_binary__nr_08', 'cat_binary__np_01', 'cat_binary__np_04', 'cat_binary__np_05', 'cat_binary__np_07', 'cat_binary__np_08', 'cat_binary__np_09', 'cat_binary__np_10', 'cat_binary__endocr_01', 'cat_binary__endocr_02', 'cat_binary__endocr_03', 'cat_binary__zab_leg_01', 'cat_binary__zab_leg_02', 'cat_binary__zab_leg_03', 'cat_binary__zab_leg_04', 'cat_binary__zab_leg_06', 'cat_binary__O_L_POST', 'cat_binary__K_SH_POST', 'cat_binary__MP_TP_POST', 'cat_binary__SVT_POST', 'cat_binary__GT_POST', 'cat_binary__FIB_G_POST', 'cat_binary__IM_PG_P', 'cat_binary__ritm_ecg_p_01', 'cat_binary__ritm_ecg_p_02', 'cat_binary__ritm_ecg_p_04', 'cat_binary__ritm_ecg_p_06', 'cat_binary__ritm_ecg_p_07', 'cat_binary__ritm_ecg_p_08', 'cat_binary__n_r_ecg_p_01', 'cat_binary__n_r_ecg_p_02', 'cat_binary__n_r_ecg_p_03', 'cat_binary__n_r_ecg_p_04', 'cat_binary__n_r_ecg_p_05', 'cat_binary__n_r_ecg_p_06', 'cat_binary__n_r_ecg_p_08', 'cat_binary__n_r_ecg_p_09', 'cat_binary__n_r_ecg_p_10', 'cat_binary__n_p_ecg_p_01', 'cat_binary__n_p_ecg_p_03', 'cat_binary__n_p_ecg_p_04', 'cat_binary__n_p_ecg_p_05', 'cat_binary__n_p_ecg_p_06', 'cat_binary__n_p_ecg_p_07', 'cat_binary__n_p_ecg_p_08', 'cat_binary__n_p_ecg_p_09', 'cat_binary__n_p_ecg_p_10', 'cat_binary__n_p_ecg_p_11', 'cat_binary__n_p_ecg_p_12', 'cat_binary__fibr_ter_01', 'cat_binary__fibr_ter_02', 'cat_binary__fibr_ter_03', 'cat_binary__fibr_ter_05', 'cat_binary__fibr_ter_06', 'cat_binary__fibr_ter_07', 'cat_binary__fibr_ter_08', 'cat_binary__GIPO_K', 'cat_binary__GIPER_NA', 'cat_binary__NITR_S', 'cat_binary__LID_S_n', 'cat_binary__B_BLOK_S_n', 'cat_binary__ANT_CA_S_n', 'cat_binary__GEPAR_S_n', 'cat_binary__ASP_S_n', 'cat_binary__TIKL_S_n', 'cat_binary__TRENT_S_n']"
baseline__standard,4,7,StackingClassifier,generalization,12,124,8,13,0.8662420382165605,0.6,0.48,0.5333333333333333,0.9393939393939394,0.06060606060606055,0.7096969696969697,0.6714976477316141,0.4602606418524167,0.45638911788953007,0.8854545454545454,0.684855660651636,0.8789808917197452,0.17971563339233398,157,"['num_log1p_standard_scaler__L_BLOOD', 'num_log1p_standard_scaler__ROE', 'num_log1p_standard_scaler__K_BLOOD', 'num_standard_scaler__AGE', 'num_standard_scaler__S_AD_ORIT', 'num_standard_scaler__D_AD_ORIT', 'num_standard_scaler__NA_BLOOD', 'cat_nominal__IBS_POST_2.0', 'cat_ordinal__INF_ANAM', 'cat_ordinal__FK_STENOK', 'cat_ordinal__GB', 'cat_ordinal__TIME_B_S', 'cat_ordinal__ant_im', 'cat_ordinal__lat_im', 'cat_ordinal__inf_im', 'cat_ordinal__post_im', 'cat_partial_ordinal__HF_right_line', 'cat_partial_ordinal__HF_left_line', 'cat_binary__SEX', 'cat_binary__SIM_GIPERT', 'cat_binary__nr_11', 'cat_binary__nr_01', 'cat_binary__nr_04', 'cat_binary__np_01', 'cat_binary__np_05', 'cat_binary__np_07', 'cat_binary__np_08', 'cat_binary__zab_leg_01', 'cat_binary__zab_leg_03', 'cat_binary__O_L_POST', 'cat_binary__K_SH_POST', 'cat_binary__MP_TP_POST', 'cat_binary__SVT_POST', 'cat_binary__GT_POST', 'cat_binary__IM_PG_P', 'cat_binary__ritm_ecg_p_01', 'cat_binary__ritm_ecg_p_02', 'cat_binary__ritm_ecg_p_07', 'cat_binary__n_r_ecg_p_01', 'cat_binary__n_r_ecg_p_02', 'cat_binary__n_r_ecg_p_03', 'cat_binary__n_r_ecg_p_04', 'cat_binary__n_r_ecg_p_05', 'cat_binary__n_r_ecg_p_06', 'cat_binary__n_r_ecg_p_08', 'cat_binary__n_r_ecg_p_09', 'cat_binary__n_r_ecg_p_10', 'cat_binary__n_p_ecg_p_01', 'cat_binary__n_p_ecg_p_03', 'cat_binary__n_p_ecg_p_04', 'cat_binary__n_p_ecg_p_05', 'cat_binary__n_p_ecg_p_06', 'cat_binary__n_p_ecg_p_07', 'cat_binary__n_p_ecg_p_08', 'cat_binary__n_p_ecg_p_09', 'cat_binary__n_p_ecg_p_10', 'cat_binary__n_p_ecg_p_11', 'cat_binary__n_p_ecg_p_12', 'cat_binary__fibr_ter_01', 'cat_binary__fibr_ter_02', 'cat_binary__fibr_ter_03', 'cat_binary__fibr_ter_05', 'cat_binary__fibr_ter_06', 'cat_binary__fibr_ter_07', 'cat_binary__fibr_ter_08', 'cat_binary__GIPO_K', 'cat_binary__GIPER_NA', 'cat_binary__NITR_S', 'cat_binary__LID_S_n', 'cat_binary__B_BLOK_S_n', 'cat_binary__ANT_CA_S_n', 'cat_binary__GEPAR_S_n', 'cat_binary__ASP_S_n', 'cat_binary__TIKL_S_n', 'cat_binary__TRENT_S_n']"
baseline__standard,4,8,StackingClassifier,generalization,10,130,2,15,0.89171974522293,0.8333333333333334,0.4,0.5405405405405406,0.9848484848484849,0.015151515151515138,0.6924242424242424,0.6276459144608478,0.5299954325099089,0.48761758494912655,0.8990909090909092,0.7008423669272162,0.9681528662420382,0.12741971015930176,157,"['num_log1p_standard_scaler__L_BLOOD', 'num_log1p_standard_scaler__ALT_BLOOD', 'num_log1p_standard_scaler__AST_BLOOD', 'num_log1p_standard_scaler__ROE', 'num_log1p_standard_scaler__K_BLOOD', 'num_standard_scaler__AGE', 'num_standard_scaler__S_AD_ORIT', 'num_standard_scaler__D_AD_ORIT', 'num_standard_scaler__NA_BLOOD', 'cat_nominal__IBS_POST_0.0', 'cat_nominal__IBS_POST_1.0', 'cat_nominal__IBS_POST_2.0', 'cat_ordinal__INF_ANAM', 'cat_ordinal__FK_STENOK', 'cat_ordinal__GB', 'cat_ordinal__TIME_B_S', 'cat_ordinal__ant_im', 'cat_ordinal__inf_im', 'cat_partial_ordinal__HF_right_line', 'cat_partial_ordinal__HF_left_line', 'cat_binary__SEX', 'cat_binary__nr_11', 'cat_binary__nr_01', 'cat_binary__nr_04', 'cat_binary__nr_08', 'cat_binary__np_01', 'cat_binary__np_04', 'cat_binary__np_05', 'cat_binary__np_07', 'cat_binary__np_08', 'cat_binary__np_09', 'cat_binary__np_10', 'cat_binary__endocr_01', 'cat_binary__endocr_02', 'cat_binary__endocr_03', 'cat_binary__zab_leg_01', 'cat_binary__zab_leg_02', 'cat_binary__zab_leg_03', 'cat_binary__zab_leg_04', 'cat_binary__zab_leg_06', 'cat_binary__O_L_POST', 'cat_binary__K_SH_POST', 'cat_binary__MP_TP_POST', 'cat_binary__SVT_POST', 'cat_binary__GT_POST', 'cat_binary__FIB_G_POST', 'cat_binary__IM_PG_P', 'cat_binary__ritm_ecg_p_01', 'cat_binary__ritm_ecg_p_02', 'cat_binary__ritm_ecg_p_04', 'cat_binary__ritm_ecg_p_06', 'cat_binary__ritm_ecg_p_07', 'cat_binary__ritm_ecg_p_08', 'cat_binary__n_r_ecg_p_01', 'cat_binary__n_r_ecg_p_02', 'cat_binary__n_r_ecg_p_03', 'cat_binary__n_r_ecg_p_04', 'cat_binary__n_r_ecg_p_05', 'cat_binary__n_r_ecg_p_06', 'cat_binary__n_r_ecg_p_08', 'cat_binary__n_r_ecg_p_09', 'cat_binary__n_r_ecg_p_10', 'cat_binary__n_p_ecg_p_01', 'cat_binary__n_p_ecg_p_03', 'cat_binary__n_p_ecg_p_04', 'cat_binary__n_p_ecg_p_05', 'cat_binary__n_p_ecg_p_06', 'cat_binary__n_p_ecg_p_07', 'cat_binary__n_p_ecg_p_08', 'cat_binary__n_p_ecg_p_09', 'cat_binary__n_p_ecg_p_10', 'cat_binary__n_p_ecg_p_11', 'cat_binary__n_p_ecg_p_12', 'cat_binary__fibr_ter_01', 'cat_binary__fibr_ter_02', 'cat_binary__fibr_ter_03', 'cat_binary__fibr_ter_05', 'cat_binary__fibr_ter_06', 'cat_binary__fibr_ter_07', 'cat_binary__fibr_ter_08', 'cat_binary__GIPO_K', 'cat_binary__GIPER_NA', 'cat_binary__NITR_S', 'cat_binary__LID_S_n', 'cat_binary__B_BLOK_S_n', 'cat_binary__ANT_CA_S_n', 'cat_binary__GEPAR_S_n', 'cat_binary__ASP_S_n', 'cat_binary__TIKL_S_n', 'cat_binary__TRENT_S_n']"
baseline__standard,4,9,StackingClassifier,generalization,10,128,4,15,0.8789808917197452,0.7142857142857143,0.4,0.5128205128205128,0.9696969696969697,0.030303030303030276,0.6848484848484848,0.6227991553292184,0.4746470916939216,0.4499354600774479,0.8681818181818182,0.5870848243190554,0.9808917197452229,0.16956186294555664,157,"['num_log1p_standard_scaler__L_BLOOD', 'num_log1p_standard_scaler__ROE', 'num_log1p_standard_scaler__K_BLOOD', 'num_standard_scaler__AGE', 'num_standard_scaler__S_AD_ORIT', 'num_standard_scaler__D_AD_ORIT', 'num_standard_scaler__NA_BLOOD', 'cat_nominal__IBS_POST_0.0', 'cat_nominal__IBS_POST_1.0', 'cat_nominal__IBS_POST_2.0', 'cat_ordinal__INF_ANAM', 'cat_ordinal__STENOK_AN', 'cat_ordinal__FK_STENOK', 'cat_ordinal__GB', 'cat_ordinal__DLIT_AG', 'cat_ordinal__TIME_B_S', 'cat_ordinal__ant_im', 'cat_ordinal__lat_im', 'cat_partial_ordinal__HF_right_line', 'cat_partial_ordinal__HF_left_line', 'cat_binary__SEX', 'cat_binary__SIM_GIPERT', 'cat_binary__nr_11', 'cat_binary__nr_02', 'cat_binary__nr_03', 'cat_binary__nr_04', 'cat_binary__nr_07', 'cat_binary__nr_08', 'cat_binary__np_01', 'cat_binary__np_04', 'cat_binary__np_10', 'cat_binary__endocr_01', 'cat_binary__endocr_02', 'cat_binary__zab_leg_03', 'cat_binary__zab_leg_04', 'cat_binary__zab_leg_06', 'cat_binary__O_L_POST', 'cat_binary__K_SH_POST', 'cat_binary__MP_TP_POST', 'cat_binary__GT_POST', 'cat_binary__ritm_ecg_p_01', 'cat_binary__ritm_ecg_p_04', 'cat_binary__ritm_ecg_p_07', 'cat_binary__ritm_ecg_p_08', 'cat_binary__n_r_ecg_p_01', 'cat_binary__n_r_ecg_p_03', 'cat_binary__n_r_ecg_p_04', 'cat_binary__n_r_ecg_p_05', 'cat_binary__n_r_ecg_p_06', 'cat_binary__n_r_ecg_p_08', 'cat_binary__n_r_ecg_p_09', 'cat_binary__n_p_ecg_p_05', 'cat_binary__n_p_ecg_p_06', 'cat_binary__n_p_ecg_p_07', 'cat_binary__n_p_ecg_p_09', 'cat_binary__n_p_ecg_p_10', 'cat_binary__n_p_ecg_p_11', 'cat_binary__n_p_ecg_p_12', 'cat_binary__fibr_ter_01', 'cat_binary__fibr_ter_02', 'cat_binary__fibr_ter_03', 'cat_binary__fibr_ter_05', 'cat_binary__fibr_ter_06', 'cat_binary__fibr_ter_07', 'cat_binary__fibr_ter_08', 'cat_binary__GIPO_K', 'cat_binary__GIPER_NA', 'cat_binary__NITR_S', 'cat_binary__LID_S_n', 'cat_binary__B_BLOK_S_n', 'cat_binary__ANT_CA_S_n', 'cat_binary__GEPAR_S_n', 'cat_binary__ASP_S_n', 'cat_binary__TIKL_S_n', 'cat_binary__TRENT_S_n']"
baseline__standard,4,10,StackingClassifier,generalization,8,130,2,17,0.8789808917197452,0.8,0.32,0.45714285714285713,0.9848484848484849,0.015151515151515138,0.6524242424242425,0.5613835722137897,0.45675398322907895,0.4028028028028028,0.8145454545454546,0.5898567443745703,1.0955414012738853,0.1279296875,157,"['num_log1p_standard_scaler__L_BLOOD', 'num_log1p_standard_scaler__AST_BLOOD', 'num_log1p_standard_scaler__ROE', 'num_log1p_standard_scaler__K_BLOOD', 'num_standard_scaler__AGE', 'num_standard_scaler__S_AD_ORIT', 'num_standard_scaler__D_AD_ORIT', 'num_standard_scaler__NA_BLOOD', 'cat_nominal__IBS_POST_1.0', 'cat_nominal__IBS_POST_2.0', 'cat_ordinal__INF_ANAM', 'cat_ordinal__STENOK_AN', 'cat_ordinal__FK_STENOK', 'cat_ordinal__GB', 'cat_ordinal__lat_im', 'cat_ordinal__inf_im', 'cat_ordinal__post_im', 'cat_partial_ordinal__HF_right_line', 'cat_partial_ordinal__HF_left_line', 'cat_binary__SEX', 'cat_binary__SIM_GIPERT', 'cat_binary__nr_03', 'cat_binary__nr_04', 'cat_binary__nr_07', 'cat_binary__nr_08', 'cat_binary__np_01', 'cat_binary__np_04', 'cat_binary__np_05', 'cat_binary__np_07', 'cat_binary__np_08', 'cat_binary__np_09', 'cat_binary__np_10', 'cat_binary__endocr_01', 'cat_binary__endocr_02', 'cat_binary__endocr_03', 'cat_binary__zab_leg_01', 'cat_binary__zab_leg_02', 'cat_binary__zab_leg_03', 'cat_binary__zab_leg_04', 'cat_binary__zab_leg_06', 'cat_binary__O_L_POST', 'cat_binary__K_SH_POST', 'cat_binary__MP_TP_POST', 'cat_binary__SVT_POST', 'cat_binary__GT_POST', 'cat_binary__FIB_G_POST', 'cat_binary__IM_PG_P', 'cat_binary__ritm_ecg_p_01', 'cat_binary__ritm_ecg_p_02', 'cat_binary__ritm_ecg_p_04', 'cat_binary__ritm_ecg_p_06', 'cat_binary__ritm_ecg_p_07', 'cat_binary__ritm_ecg_p_08', 'cat_binary__n_r_ecg_p_01', 'cat_binary__n_r_ecg_p_02', 'cat_binary__n_r_ecg_p_03', 'cat_binary__n_r_ecg_p_04', 'cat_binary__n_r_ecg_p_05', 'cat_binary__n_r_ecg_p_06', 'cat_binary__n_r_ecg_p_08', 'cat_binary__n_r_ecg_p_09', 'cat_binary__n_r_ecg_p_10', 'cat_binary__n_p_ecg_p_01', 'cat_binary__n_p_ecg_p_03', 'cat_binary__n_p_ecg_p_04', 'cat_binary__n_p_ecg_p_05', 'cat_binary__n_p_ecg_p_06', 'cat_binary__n_p_ecg_p_07', 'cat_binary__n_p_ecg_p_08', 'cat_binary__n_p_ecg_p_09', 'cat_binary__n_p_ecg_p_10', 'cat_binary__n_p_ecg_p_11', 'cat_binary__n_p_ecg_p_12', 'cat_binary__fibr_ter_01', 'cat_binary__fibr_ter_02', 'cat_binary__fibr_ter_03', 'cat_binary__fibr_ter_05', 'cat_binary__fibr_ter_06', 'cat_binary__fibr_ter_07', 'cat_binary__fibr_ter_08', 'cat_binary__GIPO_K', 'cat_binary__GIPER_NA', 'cat_binary__NITR_S', 'cat_binary__LID_S_n', 'cat_binary__B_BLOK_S_n', 'cat_binary__ANT_CA_S_n', 'cat_binary__GEPAR_S_n', 'cat_binary__ASP_S_n', 'cat_binary__TIKL_S_n', 'cat_binary__TRENT_S_n']"
baseline__standard,5,1,StackingClassifier,generalization,10,128,5,15,0.8734177215189873,0.6666666666666666,0.4,0.5,0.9624060150375939,0.03759398496240607,0.6812030075187969,0.620453387463585,0.45120881314872086,0.43267504488330344,0.7858646616541354,0.5392857457750003,0.9810126582278481,0.12031960487365723,158,"['num_log1p_standard_scaler__L_BLOOD', 'num_log1p_standard_scaler__AST_BLOOD', 'num_log1p_standard_scaler__ROE', 'num_log1p_standard_scaler__K_BLOOD', 'num_standard_scaler__AGE', 'num_standard_scaler__S_AD_ORIT', 'num_standard_scaler__D_AD_ORIT', 'num_standard_scaler__NA_BLOOD', 'cat_nominal__IBS_POST_0.0', 'cat_nominal__IBS_POST_2.0', 'cat_ordinal__INF_ANAM', 'cat_ordinal__FK_STENOK', 'cat_ordinal__GB', 'cat_ordinal__DLIT_AG', 'cat_ordinal__TIME_B_S', 'cat_ordinal__ant_im', 'cat_ordinal__inf_im', 'cat_partial_ordinal__HF_right_line', 'cat_partial_ordinal__HF_left_line', 'cat_binary__SEX', 'cat_binary__SIM_GIPERT', 'cat_binary__nr_03', 'cat_binary__nr_04', 'cat_binary__nr_08', 'cat_binary__np_04', 'cat_binary__np_09', 'cat_binary__np_10', 'cat_binary__endocr_01', 'cat_binary__endocr_02', 'cat_binary__endocr_03', 'cat_binary__zab_leg_01', 'cat_binary__zab_leg_02', 'cat_binary__zab_leg_03', 'cat_binary__zab_leg_04', 'cat_binary__zab_leg_06', 'cat_binary__O_L_POST', 'cat_binary__K_SH_POST', 'cat_binary__MP_TP_POST', 'cat_binary__SVT_POST', 'cat_binary__GT_POST', 'cat_binary__FIB_G_POST', 'cat_binary__IM_PG_P', 'cat_binary__ritm_ecg_p_01', 'cat_binary__ritm_ecg_p_02', 'cat_binary__ritm_ecg_p_04', 'cat_binary__ritm_ecg_p_06', 'cat_binary__ritm_ecg_p_07', 'cat_binary__ritm_ecg_p_08', 'cat_binary__n_r_ecg_p_01', 'cat_binary__n_r_ecg_p_02', 'cat_binary__n_r_ecg_p_03', 'cat_binary__n_r_ecg_p_04', 'cat_binary__n_r_ecg_p_05', 'cat_binary__n_r_ecg_p_06', 'cat_binary__n_r_ecg_p_08', 'cat_binary__n_r_ecg_p_09', 'cat_binary__n_r_ecg_p_10', 'cat_binary__n_p_ecg_p_01', 'cat_binary__n_p_ecg_p_03', 'cat_binary__n_p_ecg_p_04', 'cat_binary__n_p_ecg_p_05', 'cat_binary__n_p_ecg_p_06', 'cat_binary__n_p_ecg_p_07', 'cat_binary__n_p_ecg_p_08', 'cat_binary__n_p_ecg_p_09', 'cat_binary__n_p_ecg_p_10', 'cat_binary__n_p_ecg_p_11', 'cat_binary__n_p_ecg_p_12', 'cat_binary__fibr_ter_01', 'cat_binary__fibr_ter_02', 'cat_binary__fibr_ter_03', 'cat_binary__fibr_ter_05', 'cat_binary__fibr_ter_06', 'cat_binary__fibr_ter_07', 'cat_binary__fibr_ter_08', 'cat_binary__GIPO_K', 'cat_binary__GIPER_NA', 'cat_binary__NITR_S', 'cat_binary__LID_S_n', 'cat_binary__B_BLOK_S_n', 'cat_binary__ANT_CA_S_n', 'cat_binary__GEPAR_S_n', 'cat_binary__ASP_S_n', 'cat_binary__TIKL_S_n', 'cat_binary__TRENT_S_n']"
baseline__standard,5,2,StackingClassifier,generalization,8,131,1,18,0.879746835443038,0.8888888888888888,0.3076923076923077,0.45714285714285713,0.9924242424242424,0.007575757575757569,0.6500582750582751,0.5525950645466402,0.48011933532420875,0.4069537732121692,0.8843240093240093,0.6844790014149416,1.1455696202531647,0.13939476013183594,158,"['num_log1p_standard_scaler__L_BLOOD', 'num_log1p_standard_scaler__ALT_BLOOD', 'num_log1p_standard_scaler__AST_BLOOD', 'num_standard_scaler__AGE', 'num_standard_scaler__S_AD_ORIT', 'num_standard_scaler__D_AD_ORIT', 'num_standard_scaler__NA_BLOOD', 'cat_nominal__IBS_POST_0.0', 'cat_nominal__IBS_POST_2.0', 'cat_ordinal__INF_ANAM', 'cat_ordinal__FK_STENOK', 'cat_ordinal__DLIT_AG', 'cat_ordinal__TIME_B_S', 'cat_ordinal__ant_im', 'cat_ordinal__lat_im', 'cat_ordinal__inf_im', 'cat_ordinal__post_im', 'cat_partial_ordinal__HF_right_line', 'cat_partial_ordinal__HF_left_line', 'cat_binary__SEX', 'cat_binary__SIM_GIPERT', 'cat_binary__nr_01', 'cat_binary__nr_04', 'cat_binary__nr_07', 'cat_binary__np_05', 'cat_binary__np_08', 'cat_binary__np_09', 'cat_binary__np_10', 'cat_binary__endocr_01', 'cat_binary__endocr_02', 'cat_binary__zab_leg_01', 'cat_binary__zab_leg_02', 'cat_binary__zab_leg_03', 'cat_binary__zab_leg_06', 'cat_binary__O_L_POST', 'cat_binary__K_SH_POST', 'cat_binary__MP_TP_POST', 'cat_binary__SVT_POST', 'cat_binary__GT_POST', 'cat_binary__FIB_G_POST', 'cat_binary__IM_PG_P', 'cat_binary__ritm_ecg_p_01', 'cat_binary__ritm_ecg_p_02', 'cat_binary__ritm_ecg_p_04', 'cat_binary__ritm_ecg_p_07', 'cat_binary__ritm_ecg_p_08', 'cat_binary__n_r_ecg_p_04', 'cat_binary__n_r_ecg_p_05', 'cat_binary__n_r_ecg_p_06', 'cat_binary__n_r_ecg_p_09', 'cat_binary__n_p_ecg_p_05', 'cat_binary__n_p_ecg_p_06', 'cat_binary__n_p_ecg_p_07', 'cat_binary__n_p_ecg_p_08', 'cat_binary__n_p_ecg_p_09', 'cat_binary__n_p_ecg_p_10', 'cat_binary__n_p_ecg_p_11', 'cat_binary__n_p_ecg_p_12', 'cat_binary__fibr_ter_01', 'cat_binary__fibr_ter_02', 'cat_binary__fibr_ter_03', 'cat_binary__fibr_ter_05', 'cat_binary__fibr_ter_06', 'cat_binary__fibr_ter_07', 'cat_binary__fibr_ter_08', 'cat_binary__GIPO_K', 'cat_binary__GIPER_NA', 'cat_binary__NITR_S', 'cat_binary__LID_S_n', 'cat_binary__B_BLOK_S_n', 'cat_binary__ANT_CA_S_n', 'cat_binary__GEPAR_S_n', 'cat_binary__ASP_S_n', 'cat_binary__TIKL_S_n', 'cat_binary__TRENT_S_n']"
baseline__standard,5,3,StackingClassifier,generalization,6,129,3,19,0.8598726114649682,0.6666666666666666,0.24,0.35294117647058826,0.9772727272727273,0.022727272727272707,0.6086363636363636,0.4842989309769892,0.34198737470170515,0.29337152209492634,0.8881818181818182,0.5922801871666967,1.2292993630573248,0.06454920768737793,157,"['num_log1p_standard_scaler__L_BLOOD', 'num_log1p_standard_scaler__ROE', 'num_standard_scaler__AGE', 'num_standard_scaler__S_AD_ORIT', 'num_standard_scaler__D_AD_ORIT', 'num_standard_scaler__NA_BLOOD', 'cat_nominal__IBS_POST_2.0', 'cat_ordinal__INF_ANAM', 'cat_ordinal__FK_STENOK', 'cat_ordinal__TIME_B_S', 'cat_ordinal__ant_im', 'cat_ordinal__inf_im', 'cat_partial_ordinal__HF_left_line', 'cat_binary__nr_11', 'cat_binary__nr_03', 'cat_binary__np_01', 'cat_binary__np_07', 'cat_binary__np_09', 'cat_binary__np_10', 'cat_binary__O_L_POST', 'cat_binary__K_SH_POST', 'cat_binary__FIB_G_POST', 'cat_binary__ritm_ecg_p_01', 'cat_binary__ritm_ecg_p_02', 'cat_binary__ritm_ecg_p_07', 'cat_binary__ritm_ecg_p_08', 'cat_binary__n_r_ecg_p_01', 'cat_binary__n_r_ecg_p_03', 'cat_binary__n_r_ecg_p_04', 'cat_binary__n_r_ecg_p_06', 'cat_binary__n_p_ecg_p_05', 'cat_binary__fibr_ter_01', 'cat_binary__fibr_ter_05', 'cat_binary__fibr_ter_06', 'cat_binary__NITR_S', 'cat_binary__LID_S_n', 'cat_binary__B_BLOK_S_n', 'cat_binary__ANT_CA_S_n', 'cat_binary__ASP_S_n', 'cat_binary__TRENT_S_n']"
baseline__standard,5,4,StackingClassifier,generalization,14,125,7,11,0.8853503184713376,0.6666666666666666,0.56,0.6086956521739131,0.946969696969697,0.05303030303030298,0.7534848484848485,0.7282190812544191,0.5449540311063068,0.5421257290991575,0.8787878787878788,0.6967518351201537,0.7452229299363057,0.17319059371948242,157,"['num_log1p_standard_scaler__L_BLOOD', 'num_log1p_standard_scaler__ROE', 'num_log1p_standard_scaler__K_BLOOD', 'num_standard_scaler__AGE', 'num_standard_scaler__S_AD_ORIT', 'num_standard_scaler__D_AD_ORIT', 'cat_nominal__IBS_POST_0.0', 'cat_nominal__IBS_POST_2.0', 'cat_ordinal__INF_ANAM', 'cat_ordinal__STENOK_AN', 'cat_ordinal__FK_STENOK', 'cat_ordinal__TIME_B_S', 'cat_ordinal__ant_im', 'cat_partial_ordinal__HF_right_line', 'cat_partial_ordinal__HF_left_line', 'cat_binary__SEX', 'cat_binary__nr_11', 'cat_binary__np_10', 'cat_binary__endocr_01', 'cat_binary__zab_leg_02', 'cat_binary__zab_leg_03', 'cat_binary__zab_leg_06', 'cat_binary__O_L_POST', 'cat_binary__K_SH_POST', 'cat_binary__SVT_POST', 'cat_binary__GT_POST', 'cat_binary__IM_PG_P', 'cat_binary__ritm_ecg_p_01', 'cat_binary__ritm_ecg_p_02', 'cat_binary__ritm_ecg_p_07', 'cat_binary__n_r_ecg_p_01', 'cat_binary__n_r_ecg_p_06', 'cat_binary__n_r_ecg_p_08', 'cat_binary__n_r_ecg_p_10', 'cat_binary__n_p_ecg_p_03', 'cat_binary__n_p_ecg_p_06', 'cat_binary__n_p_ecg_p_07', 'cat_binary__n_p_ecg_p_10', 'cat_binary__n_p_ecg_p_12', 'cat_binary__fibr_ter_02', 'cat_binary__GIPO_K', 'cat_binary__NITR_S', 'cat_binary__LID_S_n', 'cat_binary__ANT_CA_S_n', 'cat_binary__ASP_S_n']"
baseline__standard,5,5,StackingClassifier,generalization,14,126,6,11,0.89171974522293,0.7,0.56,0.6222222222222222,0.9545454545454546,0.045454545454545414,0.7572727272727273,0.731126155013931,0.5646839377640199,0.5599340478153338,0.9136363636363636,0.7243199792694527,0.7388535031847133,0.15967583656311035,157,"['num_log1p_standard_scaler__L_BLOOD', 'num_log1p_standard_scaler__ROE', 'num_log1p_standard_scaler__K_BLOOD', 'num_standard_scaler__AGE', 'num_standard_scaler__S_AD_ORIT', 'num_standard_scaler__D_AD_ORIT', 'num_standard_scaler__NA_BLOOD', 'cat_nominal__IBS_POST_2.0', 'cat_ordinal__INF_ANAM', 'cat_ordinal__STENOK_AN', 'cat_ordinal__FK_STENOK', 'cat_ordinal__GB', 'cat_ordinal__DLIT_AG', 'cat_ordinal__TIME_B_S', 'cat_ordinal__ant_im', 'cat_ordinal__lat_im', 'cat_ordinal__inf_im', 'cat_partial_ordinal__HF_right_line', 'cat_partial_ordinal__HF_left_line', 'cat_binary__SEX', 'cat_binary__SIM_GIPERT', 'cat_binary__nr_01', 'cat_binary__nr_04', 'cat_binary__nr_07', 'cat_binary__np_01', 'cat_binary__np_05', 'cat_binary__np_08', 'cat_binary__endocr_01', 'cat_binary__endocr_02', 'cat_binary__endocr_03', 'cat_binary__zab_leg_01', 'cat_binary__zab_leg_02', 'cat_binary__zab_leg_03', 'cat_binary__zab_leg_06', 'cat_binary__O_L_POST', 'cat_binary__K_SH_POST', 'cat_binary__MP_TP_POST', 'cat_binary__FIB_G_POST', 'cat_binary__IM_PG_P', 'cat_binary__ritm_ecg_p_01', 'cat_binary__ritm_ecg_p_02', 'cat_binary__ritm_ecg_p_04', 'cat_binary__ritm_ecg_p_07', 'cat_binary__n_r_ecg_p_02', 'cat_binary__n_r_ecg_p_03', 'cat_binary__n_r_ecg_p_06', 'cat_binary__n_r_ecg_p_09', 'cat_binary__n_r_ecg_p_10', 'cat_binary__n_p_ecg_p_01', 'cat_binary__n_p_ecg_p_03', 'cat_binary__n_p_ecg_p_04', 'cat_binary__n_p_ecg_p_05', 'cat_binary__n_p_ecg_p_06', 'cat_binary__n_p_ecg_p_07', 'cat_binary__n_p_ecg_p_11', 'cat_binary__n_p_ecg_p_12', 'cat_binary__fibr_ter_02', 'cat_binary__fibr_ter_06', 'cat_binary__fibr_ter_07', 'cat_binary__fibr_ter_08', 'cat_binary__GIPO_K', 'cat_binary__GIPER_NA', 'cat_binary__NITR_S', 'cat_binary__LID_S_n', 'cat_binary__B_BLOK_S_n', 'cat_binary__ANT_CA_S_n', 'cat_binary__GEPAR_S_n', 'cat_binary__ASP_S_n', 'cat_binary__TIKL_S_n', 'cat_binary__TRENT_S_n']"
baseline__standard,5,6,StackingClassifier,generalization,9,128,4,16,0.8726114649681529,0.6923076923076923,0.36,0.47368421052631576,0.9696969696969697,0.030303030303030276,0.6648484848484848,0.5908391567007971,0.43774279162397595,0.4093303235515424,0.8345454545454546,0.5711292674163739,1.0445859872611465,0.09479498863220215,157,"['num_log1p_standard_scaler__L_BLOOD', 'num_log1p_standard_scaler__ROE', 'num_log1p_standard_scaler__K_BLOOD', 'num_standard_scaler__AGE', 'num_standard_scaler__S_AD_ORIT', 'num_standard_scaler__D_AD_ORIT', 'num_standard_scaler__NA_BLOOD', 'cat_nominal__IBS_POST_0.0', 'cat_nominal__IBS_POST_2.0', 'cat_ordinal__INF_ANAM', 'cat_ordinal__STENOK_AN', 'cat_ordinal__FK_STENOK', 'cat_ordinal__GB', 'cat_ordinal__DLIT_AG', 'cat_ordinal__TIME_B_S', 'cat_ordinal__ant_im', 'cat_ordinal__lat_im', 'cat_ordinal__inf_im', 'cat_partial_ordinal__HF_right_line', 'cat_partial_ordinal__HF_left_line', 'cat_binary__SEX', 'cat_binary__nr_01', 'cat_binary__nr_03', 'cat_binary__nr_04', 'cat_binary__nr_07', 'cat_binary__np_07', 'cat_binary__np_08', 'cat_binary__np_10', 'cat_binary__zab_leg_01', 'cat_binary__zab_leg_02', 'cat_binary__zab_leg_03', 'cat_binary__zab_leg_06', 'cat_binary__O_L_POST', 'cat_binary__K_SH_POST', 'cat_binary__MP_TP_POST', 'cat_binary__SVT_POST', 'cat_binary__GT_POST', 'cat_binary__IM_PG_P', 'cat_binary__ritm_ecg_p_01', 'cat_binary__ritm_ecg_p_02', 'cat_binary__ritm_ecg_p_06', 'cat_binary__ritm_ecg_p_07', 'cat_binary__n_r_ecg_p_01', 'cat_binary__n_r_ecg_p_03', 'cat_binary__n_r_ecg_p_04', 'cat_binary__n_r_ecg_p_08', 'cat_binary__n_r_ecg_p_10', 'cat_binary__n_p_ecg_p_03', 'cat_binary__n_p_ecg_p_07', 'cat_binary__n_p_ecg_p_09', 'cat_binary__n_p_ecg_p_10', 'cat_binary__n_p_ecg_p_11', 'cat_binary__n_p_ecg_p_12', 'cat_binary__fibr_ter_01', 'cat_binary__fibr_ter_02', 'cat_binary__fibr_ter_03', 'cat_binary__fibr_ter_05', 'cat_binary__fibr_ter_06', 'cat_binary__fibr_ter_07', 'cat_binary__fibr_ter_08', 'cat_binary__GIPO_K', 'cat_binary__GIPER_NA', 'cat_binary__NITR_S', 'cat_binary__LID_S_n', 'cat_binary__B_BLOK_S_n', 'cat_binary__ANT_CA_S_n', 'cat_binary__GEPAR_S_n', 'cat_binary__ASP_S_n', 'cat_binary__TIKL_S_n', 'cat_binary__TRENT_S_n']"
baseline__standard,5,7,StackingClassifier,generalization,12,129,3,13,0.8980891719745223,0.8,0.48,0.6,0.9772727272727273,0.022727272727272707,0.7286363636363636,0.6849021164304495,0.5691706120834166,0.545750452079566,0.8854545454545454,0.72495711119023,0.8471337579617835,0.13355231285095215,157,"['num_log1p_standard_scaler__L_BLOOD', 'num_log1p_standard_scaler__ROE', 'num_standard_scaler__AGE', 'num_standard_scaler__S_AD_ORIT', 'num_standard_scaler__D_AD_ORIT', 'num_standard_scaler__NA_BLOOD', 'cat_nominal__IBS_POST_0.0', 'cat_nominal__IBS_POST_2.0', 'cat_ordinal__INF_ANAM', 'cat_ordinal__STENOK_AN', 'cat_ordinal__FK_STENOK', 'cat_ordinal__DLIT_AG', 'cat_ordinal__TIME_B_S', 'cat_ordinal__ant_im', 'cat_ordinal__lat_im', 'cat_partial_ordinal__HF_right_line', 'cat_partial_ordinal__HF_left_line', 'cat_binary__nr_11', 'cat_binary__nr_03', 'cat_binary__nr_04', 'cat_binary__nr_07', 'cat_binary__np_05', 'cat_binary__np_09', 'cat_binary__endocr_01', 'cat_binary__endocr_02', 'cat_binary__endocr_03', 'cat_binary__zab_leg_02', 'cat_binary__zab_leg_04', 'cat_binary__zab_leg_06', 'cat_binary__O_L_POST', 'cat_binary__K_SH_POST', 'cat_binary__GT_POST', 'cat_binary__FIB_G_POST', 'cat_binary__IM_PG_P', 'cat_binary__ritm_ecg_p_01', 'cat_binary__ritm_ecg_p_02', 'cat_binary__ritm_ecg_p_07', 'cat_binary__ritm_ecg_p_08', 'cat_binary__n_r_ecg_p_02', 'cat_binary__n_r_ecg_p_03', 'cat_binary__n_r_ecg_p_04', 'cat_binary__n_r_ecg_p_05', 'cat_binary__n_r_ecg_p_06', 'cat_binary__n_r_ecg_p_09', 'cat_binary__n_p_ecg_p_04', 'cat_binary__n_p_ecg_p_05', 'cat_binary__n_p_ecg_p_06', 'cat_binary__n_p_ecg_p_07', 'cat_binary__n_p_ecg_p_08', 'cat_binary__n_p_ecg_p_09', 'cat_binary__n_p_ecg_p_10', 'cat_binary__n_p_ecg_p_11', 'cat_binary__n_p_ecg_p_12', 'cat_binary__fibr_ter_01', 'cat_binary__fibr_ter_02', 'cat_binary__fibr_ter_03', 'cat_binary__fibr_ter_05', 'cat_binary__fibr_ter_06', 'cat_binary__fibr_ter_07', 'cat_binary__fibr_ter_08', 'cat_binary__GIPO_K', 'cat_binary__GIPER_NA', 'cat_binary__NITR_S', 'cat_binary__LID_S_n', 'cat_binary__B_BLOK_S_n', 'cat_binary__ANT_CA_S_n', 'cat_binary__GEPAR_S_n', 'cat_binary__ASP_S_n', 'cat_binary__TIKL_S_n', 'cat_binary__TRENT_S_n']"
baseline__standard,5,8,StackingClassifier,generalization,11,131,1,14,0.9044585987261147,0.9166666666666666,0.44,0.5945945945945946,0.9924242424242424,0.007575757575757569,0.7162121212121212,0.660807586719967,0.5955145529068032,0.5478978690727587,0.8990909090909092,0.7560253004648324,0.8980891719745223,0.17049312591552734,157,"['num_log1p_standard_scaler__L_BLOOD', 'num_log1p_standard_scaler__ROE', 'num_log1p_standard_scaler__K_BLOOD', 'num_standard_scaler__AGE', 'num_standard_scaler__S_AD_ORIT', 'num_standard_scaler__D_AD_ORIT', 'num_standard_scaler__NA_BLOOD', 'cat_nominal__IBS_POST_0.0', 'cat_nominal__IBS_POST_2.0', 'cat_ordinal__INF_ANAM', 'cat_ordinal__STENOK_AN', 'cat_ordinal__FK_STENOK', 'cat_ordinal__DLIT_AG', 'cat_ordinal__TIME_B_S', 'cat_ordinal__ant_im', 'cat_ordinal__lat_im', 'cat_ordinal__inf_im', 'cat_partial_ordinal__HF_right_line', 'cat_partial_ordinal__HF_left_line', 'cat_binary__SEX', 'cat_binary__SIM_GIPERT', 'cat_binary__nr_11', 'cat_binary__nr_01', 'cat_binary__nr_02', 'cat_binary__nr_03', 'cat_binary__nr_04', 'cat_binary__nr_08', 'cat_binary__np_01', 'cat_binary__np_04', 'cat_binary__np_05', 'cat_binary__np_08', 'cat_binary__np_09', 'cat_binary__np_10', 'cat_binary__endocr_01', 'cat_binary__zab_leg_01', 'cat_binary__zab_leg_02', 'cat_binary__zab_leg_03', 'cat_binary__zab_leg_04', 'cat_binary__zab_leg_06', 'cat_binary__O_L_POST', 'cat_binary__K_SH_POST', 'cat_binary__MP_TP_POST', 'cat_binary__SVT_POST', 'cat_binary__IM_PG_P', 'cat_binary__ritm_ecg_p_01', 'cat_binary__ritm_ecg_p_06', 'cat_binary__ritm_ecg_p_07', 'cat_binary__ritm_ecg_p_08', 'cat_binary__n_r_ecg_p_01', 'cat_binary__n_r_ecg_p_02', 'cat_binary__n_r_ecg_p_03', 'cat_binary__n_r_ecg_p_04', 'cat_binary__n_r_ecg_p_05', 'cat_binary__n_r_ecg_p_06', 'cat_binary__n_r_ecg_p_08', 'cat_binary__n_r_ecg_p_09', 'cat_binary__n_r_ecg_p_10', 'cat_binary__n_p_ecg_p_01', 'cat_binary__n_p_ecg_p_03', 'cat_binary__n_p_ecg_p_04', 'cat_binary__n_p_ecg_p_05', 'cat_binary__n_p_ecg_p_06', 'cat_binary__n_p_ecg_p_07', 'cat_binary__n_p_ecg_p_08', 'cat_binary__n_p_ecg_p_09', 'cat_binary__n_p_ecg_p_10', 'cat_binary__n_p_ecg_p_11', 'cat_binary__n_p_ecg_p_12', 'cat_binary__fibr_ter_01', 'cat_binary__fibr_ter_02', 'cat_binary__fibr_ter_03', 'cat_binary__fibr_ter_05', 'cat_binary__fibr_ter_06', 'cat_binary__fibr_ter_07', 'cat_binary__fibr_ter_08', 'cat_binary__GIPO_K', 'cat_binary__GIPER_NA', 'cat_binary__NITR_S', 'cat_binary__LID_S_n', 'cat_binary__B_BLOK_S_n', 'cat_binary__ANT_CA_S_n', 'cat_binary__GEPAR_S_n', 'cat_binary__ASP_S_n', 'cat_binary__TIKL_S_n', 'cat_binary__TRENT_S_n']"
baseline__standard,5,9,StackingClassifier,generalization,7,131,1,18,0.8789808917197452,0.875,0.28,0.42424242424242425,0.9924242424242424,0.007575757575757569,0.6362121212121212,0.5271420945805674,0.4532779511027063,0.37607195147458683,0.8657575757575757,0.6445874721963699,1.1528662420382165,0.08160805702209473,157,"['num_log1p_standard_scaler__L_BLOOD', 'num_log1p_standard_scaler__ALT_BLOOD', 'num_log1p_standard_scaler__AST_BLOOD', 'num_log1p_standard_scaler__ROE', 'num_log1p_standard_scaler__K_BLOOD', 'num_standard_scaler__AGE', 'num_standard_scaler__S_AD_ORIT', 'num_standard_scaler__D_AD_ORIT', 'num_standard_scaler__NA_BLOOD', 'cat_nominal__IBS_POST_0.0', 'cat_nominal__IBS_POST_1.0', 'cat_nominal__IBS_POST_2.0', 'cat_ordinal__INF_ANAM', 'cat_ordinal__STENOK_AN', 'cat_ordinal__FK_STENOK', 'cat_ordinal__GB', 'cat_ordinal__DLIT_AG', 'cat_ordinal__TIME_B_S', 'cat_ordinal__ant_im', 'cat_ordinal__lat_im', 'cat_ordinal__inf_im', 'cat_ordinal__post_im', 'cat_partial_ordinal__HF_right_line', 'cat_partial_ordinal__HF_left_line', 'cat_binary__SEX', 'cat_binary__SIM_GIPERT', 'cat_binary__nr_11', 'cat_binary__nr_01', 'cat_binary__nr_02', 'cat_binary__nr_03', 'cat_binary__nr_04', 'cat_binary__nr_07', 'cat_binary__nr_08', 'cat_binary__np_01', 'cat_binary__np_04', 'cat_binary__np_05', 'cat_binary__np_07', 'cat_binary__np_08', 'cat_binary__np_09', 'cat_binary__np_10', 'cat_binary__endocr_01', 'cat_binary__endocr_02', 'cat_binary__endocr_03', 'cat_binary__zab_leg_01', 'cat_binary__zab_leg_02', 'cat_binary__zab_leg_03', 'cat_binary__zab_leg_04', 'cat_binary__zab_leg_06', 'cat_binary__O_L_POST', 'cat_binary__K_SH_POST', 'cat_binary__MP_TP_POST', 'cat_binary__SVT_POST', 'cat_binary__GT_POST', 'cat_binary__FIB_G_POST', 'cat_binary__IM_PG_P', 'cat_binary__ritm_ecg_p_01', 'cat_binary__ritm_ecg_p_02', 'cat_binary__ritm_ecg_p_04', 'cat_binary__ritm_ecg_p_06', 'cat_binary__ritm_ecg_p_07', 'cat_binary__ritm_ecg_p_08', 'cat_binary__n_r_ecg_p_01', 'cat_binary__n_r_ecg_p_02', 'cat_binary__n_r_ecg_p_03', 'cat_binary__n_r_ecg_p_04', 'cat_binary__n_r_ecg_p_05', 'cat_binary__n_r_ecg_p_06', 'cat_binary__n_r_ecg_p_08', 'cat_binary__n_r_ecg_p_09', 'cat_binary__n_r_ecg_p_10', 'cat_binary__n_p_ecg_p_01', 'cat_binary__n_p_ecg_p_03', 'cat_binary__n_p_ecg_p_04', 'cat_binary__n_p_ecg_p_05', 'cat_binary__n_p_ecg_p_06', 'cat_binary__n_p_ecg_p_07', 'cat_binary__n_p_ecg_p_08', 'cat_binary__n_p_ecg_p_09', 'cat_binary__n_p_ecg_p_10', 'cat_binary__n_p_ecg_p_11', 'cat_binary__n_p_ecg_p_12', 'cat_binary__fibr_ter_01', 'cat_binary__fibr_ter_02', 'cat_binary__fibr_ter_03', 'cat_binary__fibr_ter_05', 'cat_binary__fibr_ter_06', 'cat_binary__fibr_ter_07', 'cat_binary__fibr_ter_08', 'cat_binary__GIPO_K', 'cat_binary__GIPER_NA', 'cat_binary__NITR_S', 'cat_binary__LID_S_n', 'cat_binary__B_BLOK_S_n', 'cat_binary__ANT_CA_S_n', 'cat_binary__GEPAR_S_n', 'cat_binary__ASP_S_n', 'cat_binary__TIKL_S_n', 'cat_binary__TRENT_S_n']"
baseline__standard,5,10,StackingClassifier,generalization,8,130,2,17,0.8789808917197452,0.8,0.32,0.45714285714285713,0.9848484848484849,0.015151515151515138,0.6524242424242425,0.5613835722137897,0.45675398322907895,0.4028028028028028,0.8427272727272728,0.5854809236992649,1.0955414012738853,0.16361117362976074,157,"['num_log1p_standard_scaler__L_BLOOD', 'num_log1p_standard_scaler__ROE', 'num_log1p_standard_scaler__K_BLOOD', 'num_standard_scaler__AGE', 'num_standard_scaler__S_AD_ORIT', 'num_standard_scaler__D_AD_ORIT', 'num_standard_scaler__NA_BLOOD', 'cat_nominal__IBS_POST_0.0', 'cat_nominal__IBS_POST_1.0', 'cat_nominal__IBS_POST_2.0', 'cat_ordinal__INF_ANAM', 'cat_ordinal__STENOK_AN', 'cat_ordinal__FK_STENOK', 'cat_ordinal__GB', 'cat_ordinal__TIME_B_S', 'cat_ordinal__ant_im', 'cat_ordinal__lat_im', 'cat_ordinal__inf_im', 'cat_partial_ordinal__HF_right_line', 'cat_partial_ordinal__HF_left_line', 'cat_binary__SEX', 'cat_binary__nr_02', 'cat_binary__nr_03', 'cat_binary__nr_04', 'cat_binary__nr_08', 'cat_binary__np_01', 'cat_binary__np_05', 'cat_binary__np_07', 'cat_binary__np_08', 'cat_binary__endocr_02', 'cat_binary__endocr_03', 'cat_binary__zab_leg_01', 'cat_binary__zab_leg_02', 'cat_binary__zab_leg_03', 'cat_binary__zab_leg_06', 'cat_binary__O_L_POST', 'cat_binary__K_SH_POST', 'cat_binary__IM_PG_P', 'cat_binary__ritm_ecg_p_01', 'cat_binary__ritm_ecg_p_02', 'cat_binary__ritm_ecg_p_06', 'cat_binary__n_r_ecg_p_06', 'cat_binary__n_r_ecg_p_08', 'cat_binary__n_r_ecg_p_10', 'cat_binary__n_p_ecg_p_06', 'cat_binary__fibr_ter_01', 'cat_binary__fibr_ter_02', 'cat_binary__fibr_ter_06', 'cat_binary__GIPO_K', 'cat_binary__GIPER_NA', 'cat_binary__NITR_S', 'cat_binary__LID_S_n', 'cat_binary__B_BLOK_S_n', 'cat_binary__ANT_CA_S_n', 'cat_binary__ASP_S_n']"
baseline__standard,6,1,StackingClassifier,generalization,11,127,6,14,0.8734177215189873,0.6470588235294118,0.44,0.5238095238095238,0.9548872180451128,0.045112781954887216,0.6974436090225564,0.6481900770143351,0.4650877323552313,0.4538541306602143,0.8748872180451128,0.6516055493463225,0.9240506329113924,0.07622408866882324,158,"['num_log1p_standard_scaler__L_BLOOD', 'num_log1p_standard_scaler__AST_BLOOD', 'num_log1p_standard_scaler__ROE', 'num_log1p_standard_scaler__K_BLOOD', 'num_standard_scaler__AGE', 'num_standard_scaler__S_AD_ORIT', 'num_standard_scaler__D_AD_ORIT', 'num_standard_scaler__NA_BLOOD', 'cat_nominal__IBS_POST_0.0', 'cat_nominal__IBS_POST_1.0', 'cat_nominal__IBS_POST_2.0', 'cat_ordinal__INF_ANAM', 'cat_ordinal__STENOK_AN', 'cat_ordinal__FK_STENOK', 'cat_ordinal__DLIT_AG', 'cat_ordinal__TIME_B_S', 'cat_ordinal__ant_im', 'cat_ordinal__lat_im', 'cat_ordinal__inf_im', 'cat_partial_ordinal__HF_right_line', 'cat_partial_ordinal__HF_left_line', 'cat_binary__SIM_GIPERT', 'cat_binary__nr_02', 'cat_binary__nr_03', 'cat_binary__np_07', 'cat_binary__endocr_01', 'cat_binary__endocr_02', 'cat_binary__endocr_03', 'cat_binary__zab_leg_01', 'cat_binary__zab_leg_02', 'cat_binary__zab_leg_04', 'cat_binary__O_L_POST', 'cat_binary__K_SH_POST', 'cat_binary__GT_POST', 'cat_binary__FIB_G_POST', 'cat_binary__ritm_ecg_p_01', 'cat_binary__ritm_ecg_p_02', 'cat_binary__ritm_ecg_p_04', 'cat_binary__ritm_ecg_p_07', 'cat_binary__n_r_ecg_p_01', 'cat_binary__n_r_ecg_p_02', 'cat_binary__n_r_ecg_p_04', 'cat_binary__n_r_ecg_p_05', 'cat_binary__n_r_ecg_p_06', 'cat_binary__n_r_ecg_p_08', 'cat_binary__n_r_ecg_p_09', 'cat_binary__n_r_ecg_p_10', 'cat_binary__n_p_ecg_p_01', 'cat_binary__n_p_ecg_p_03', 'cat_binary__n_p_ecg_p_04', 'cat_binary__n_p_ecg_p_05', 'cat_binary__n_p_ecg_p_06', 'cat_binary__n_p_ecg_p_07', 'cat_binary__n_p_ecg_p_08', 'cat_binary__n_p_ecg_p_09', 'cat_binary__n_p_ecg_p_10', 'cat_binary__n_p_ecg_p_11', 'cat_binary__n_p_ecg_p_12', 'cat_binary__fibr_ter_01', 'cat_binary__fibr_ter_02', 'cat_binary__fibr_ter_03', 'cat_binary__fibr_ter_05', 'cat_binary__fibr_ter_06', 'cat_binary__fibr_ter_07', 'cat_binary__fibr_ter_08', 'cat_binary__GIPO_K', 'cat_binary__GIPER_NA', 'cat_binary__NITR_S', 'cat_binary__LID_S_n', 'cat_binary__B_BLOK_S_n', 'cat_binary__ANT_CA_S_n', 'cat_binary__GEPAR_S_n', 'cat_binary__ASP_S_n', 'cat_binary__TIKL_S_n', 'cat_binary__TRENT_S_n']"
baseline__standard,6,2,StackingClassifier,generalization,11,132,0,15,0.9050632911392406,1.0,0.4230769230769231,0.5945945945945946,1.0,0.0,0.7115384615384616,0.6504436355879909,0.6163649961485784,0.5506257110352673,0.8822843822843823,0.7350023273717942,0.9493670886075949,0.0841836929321289,158,"['num_log1p_standard_scaler__L_BLOOD', 'num_log1p_standard_scaler__ALT_BLOOD', 'num_log1p_standard_scaler__ROE', 'num_log1p_standard_scaler__K_BLOOD', 'num_standard_scaler__AGE', 'num_standard_scaler__S_AD_ORIT', 'num_standard_scaler__D_AD_ORIT', 'num_standard_scaler__NA_BLOOD', 'cat_nominal__IBS_POST_0.0', 'cat_nominal__IBS_POST_2.0', 'cat_ordinal__INF_ANAM', 'cat_ordinal__FK_STENOK', 'cat_ordinal__GB', 'cat_ordinal__DLIT_AG', 'cat_ordinal__TIME_B_S', 'cat_ordinal__ant_im', 'cat_ordinal__lat_im', 'cat_ordinal__post_im', 'cat_partial_ordinal__HF_right_line', 'cat_partial_ordinal__HF_left_line', 'cat_binary__SEX', 'cat_binary__SIM_GIPERT', 'cat_binary__nr_02', 'cat_binary__nr_04', 'cat_binary__nr_08', 'cat_binary__np_01', 'cat_binary__np_04', 'cat_binary__np_07', 'cat_binary__np_08', 'cat_binary__np_09', 'cat_binary__endocr_01', 'cat_binary__endocr_02', 'cat_binary__endocr_03', 'cat_binary__zab_leg_01', 'cat_binary__zab_leg_02', 'cat_binary__zab_leg_03', 'cat_binary__zab_leg_06', 'cat_binary__O_L_POST', 'cat_binary__K_SH_POST', 'cat_binary__MP_TP_POST', 'cat_binary__SVT_POST', 'cat_binary__IM_PG_P', 'cat_binary__ritm_ecg_p_01', 'cat_binary__ritm_ecg_p_02', 'cat_binary__ritm_ecg_p_04', 'cat_binary__ritm_ecg_p_07', 'cat_binary__n_r_ecg_p_02', 'cat_binary__n_r_ecg_p_05', 'cat_binary__n_r_ecg_p_06', 'cat_binary__n_r_ecg_p_08', 'cat_binary__n_r_ecg_p_09', 'cat_binary__n_r_ecg_p_10', 'cat_binary__n_p_ecg_p_01', 'cat_binary__n_p_ecg_p_03', 'cat_binary__n_p_ecg_p_04', 'cat_binary__n_p_ecg_p_05', 'cat_binary__n_p_ecg_p_06', 'cat_binary__n_p_ecg_p_07', 'cat_binary__n_p_ecg_p_08', 'cat_binary__n_p_ecg_p_09', 'cat_binary__n_p_ecg_p_10', 'cat_binary__n_p_ecg_p_11', 'cat_binary__n_p_ecg_p_12', 'cat_binary__fibr_ter_01', 'cat_binary__fibr_ter_02', 'cat_binary__fibr_ter_03', 'cat_binary__fibr_ter_05', 'cat_binary__fibr_ter_06', 'cat_binary__fibr_ter_07', 'cat_binary__fibr_ter_08', 'cat_binary__GIPO_K', 'cat_binary__GIPER_NA', 'cat_binary__NITR_S', 'cat_binary__LID_S_n', 'cat_binary__B_BLOK_S_n', 'cat_binary__ANT_CA_S_n', 'cat_binary__GEPAR_S_n', 'cat_binary__ASP_S_n', 'cat_binary__TIKL_S_n', 'cat_binary__TRENT_S_n']"
baseline__standard,6,3,StackingClassifier,generalization,5,129,3,20,0.8535031847133758,0.625,0.2,0.30303030303030304,0.9772727272727273,0.022727272727272707,0.5886363636363636,0.4421024151195574,0.2949583997720614,0.2447186781008156,0.8412121212121213,0.55931438074195,1.2929936305732483,0.10673666000366211,157,"['num_log1p_standard_scaler__L_BLOOD', 'num_log1p_standard_scaler__AST_BLOOD', 'num_log1p_standard_scaler__ROE', 'num_log1p_standard_scaler__K_BLOOD', 'num_standard_scaler__AGE', 'num_standard_scaler__S_AD_ORIT', 'num_standard_scaler__D_AD_ORIT', 'num_standard_scaler__NA_BLOOD', 'cat_nominal__IBS_POST_2.0', 'cat_ordinal__INF_ANAM', 'cat_ordinal__STENOK_AN', 'cat_ordinal__FK_STENOK', 'cat_ordinal__GB', 'cat_ordinal__DLIT_AG', 'cat_ordinal__TIME_B_S', 'cat_ordinal__ant_im', 'cat_ordinal__lat_im', 'cat_ordinal__inf_im', 'cat_partial_ordinal__HF_right_line', 'cat_partial_ordinal__HF_left_line', 'cat_binary__SEX', 'cat_binary__nr_11', 'cat_binary__nr_01', 'cat_binary__nr_04', 'cat_binary__nr_08', 'cat_binary__np_01', 'cat_binary__np_10', 'cat_binary__endocr_02', 'cat_binary__zab_leg_04', 'cat_binary__O_L_POST', 'cat_binary__K_SH_POST', 'cat_binary__SVT_POST', 'cat_binary__FIB_G_POST', 'cat_binary__IM_PG_P', 'cat_binary__ritm_ecg_p_01', 'cat_binary__ritm_ecg_p_02', 'cat_binary__ritm_ecg_p_04', 'cat_binary__ritm_ecg_p_08', 'cat_binary__n_r_ecg_p_04', 'cat_binary__n_r_ecg_p_05', 'cat_binary__n_r_ecg_p_06', 'cat_binary__n_r_ecg_p_08', 'cat_binary__n_r_ecg_p_09', 'cat_binary__n_r_ecg_p_10', 'cat_binary__n_p_ecg_p_01', 'cat_binary__n_p_ecg_p_03', 'cat_binary__n_p_ecg_p_06', 'cat_binary__n_p_ecg_p_07', 'cat_binary__n_p_ecg_p_08', 'cat_binary__n_p_ecg_p_10', 'cat_binary__n_p_ecg_p_12', 'cat_binary__fibr_ter_03', 'cat_binary__fibr_ter_05', 'cat_binary__fibr_ter_07', 'cat_binary__fibr_ter_08', 'cat_binary__GIPO_K', 'cat_binary__GIPER_NA', 'cat_binary__NITR_S', 'cat_binary__LID_S_n', 'cat_binary__B_BLOK_S_n', 'cat_binary__ANT_CA_S_n', 'cat_binary__GEPAR_S_n', 'cat_binary__ASP_S_n', 'cat_binary__TIKL_S_n', 'cat_binary__TRENT_S_n']"
baseline__standard,6,4,StackingClassifier,generalization,15,129,3,10,0.9171974522292994,0.8333333333333334,0.6,0.6976744186046512,0.9772727272727273,0.022727272727272707,0.7886363636363636,0.7657438451359804,0.6629707339140973,0.6511707400444369,0.9387878787878787,0.7653333382045855,0.6560509554140127,0.1263117790222168,157,"['num_log1p_standard_scaler__L_BLOOD', 'num_log1p_standard_scaler__AST_BLOOD', 'num_log1p_standard_scaler__ROE', 'num_log1p_standard_scaler__K_BLOOD', 'num_standard_scaler__AGE', 'num_standard_scaler__S_AD_ORIT', 'num_standard_scaler__D_AD_ORIT', 'num_standard_scaler__NA_BLOOD', 'cat_nominal__IBS_POST_2.0', 'cat_ordinal__INF_ANAM', 'cat_ordinal__STENOK_AN', 'cat_ordinal__FK_STENOK', 'cat_ordinal__GB', 'cat_ordinal__DLIT_AG', 'cat_ordinal__TIME_B_S', 'cat_ordinal__ant_im', 'cat_ordinal__lat_im', 'cat_ordinal__inf_im', 'cat_partial_ordinal__HF_right_line', 'cat_partial_ordinal__HF_left_line', 'cat_binary__SEX', 'cat_binary__nr_01', 'cat_binary__nr_02', 'cat_binary__nr_03', 'cat_binary__nr_04', 'cat_binary__np_07', 'cat_binary__np_08', 'cat_binary__np_09', 'cat_binary__endocr_01', 'cat_binary__endocr_02', 'cat_binary__zab_leg_01', 'cat_binary__zab_leg_02', 'cat_binary__zab_leg_03', 'cat_binary__zab_leg_06', 'cat_binary__O_L_POST', 'cat_binary__K_SH_POST', 'cat_binary__MP_TP_POST', 'cat_binary__SVT_POST', 'cat_binary__GT_POST', 'cat_binary__FIB_G_POST', 'cat_binary__ritm_ecg_p_01', 'cat_binary__ritm_ecg_p_07', 'cat_binary__ritm_ecg_p_08', 'cat_binary__n_r_ecg_p_03', 'cat_binary__n_r_ecg_p_04', 'cat_binary__n_r_ecg_p_05', 'cat_binary__n_r_ecg_p_06', 'cat_binary__n_r_ecg_p_08', 'cat_binary__n_r_ecg_p_10', 'cat_binary__n_p_ecg_p_04', 'cat_binary__n_p_ecg_p_08', 'cat_binary__n_p_ecg_p_11', 'cat_binary__n_p_ecg_p_12', 'cat_binary__fibr_ter_01', 'cat_binary__fibr_ter_02', 'cat_binary__fibr_ter_03', 'cat_binary__fibr_ter_05', 'cat_binary__fibr_ter_06', 'cat_binary__fibr_ter_07', 'cat_binary__fibr_ter_08', 'cat_binary__GIPO_K', 'cat_binary__GIPER_NA', 'cat_binary__NITR_S', 'cat_binary__LID_S_n', 'cat_binary__B_BLOK_S_n', 'cat_binary__ANT_CA_S_n', 'cat_binary__GEPAR_S_n', 'cat_binary__ASP_S_n', 'cat_binary__TIKL_S_n', 'cat_binary__TRENT_S_n']"
baseline__standard,6,5,StackingClassifier,generalization,10,128,4,15,0.8789808917197452,0.7142857142857143,0.4,0.5128205128205128,0.9696969696969697,0.030303030303030276,0.6848484848484848,0.6227991553292184,0.4746470916939216,0.4499354600774479,0.8715151515151515,0.5707764681049821,0.9808917197452229,0.0788567066192627,157,"['num_log1p_standard_scaler__L_BLOOD', 'num_log1p_standard_scaler__ROE', 'num_log1p_standard_scaler__K_BLOOD', 'num_standard_scaler__AGE', 'num_standard_scaler__S_AD_ORIT', 'num_standard_scaler__D_AD_ORIT', 'num_standard_scaler__NA_BLOOD', 'cat_nominal__IBS_POST_2.0', 'cat_ordinal__INF_ANAM', 'cat_ordinal__FK_STENOK', 'cat_ordinal__GB', 'cat_ordinal__TIME_B_S', 'cat_ordinal__ant_im', 'cat_partial_ordinal__HF_right_line', 'cat_partial_ordinal__HF_left_line', 'cat_binary__SEX', 'cat_binary__nr_03', 'cat_binary__nr_04', 'cat_binary__nr_08', 'cat_binary__np_01', 'cat_binary__np_07', 'cat_binary__np_10', 'cat_binary__endocr_03', 'cat_binary__zab_leg_01', 'cat_binary__zab_leg_03', 'cat_binary__zab_leg_04', 'cat_binary__O_L_POST', 'cat_binary__K_SH_POST', 'cat_binary__MP_TP_POST', 'cat_binary__SVT_POST', 'cat_binary__GT_POST', 'cat_binary__IM_PG_P', 'cat_binary__ritm_ecg_p_01', 'cat_binary__ritm_ecg_p_07', 'cat_binary__n_r_ecg_p_03', 'cat_binary__n_r_ecg_p_06', 'cat_binary__n_r_ecg_p_08', 'cat_binary__n_r_ecg_p_10', 'cat_binary__n_p_ecg_p_06', 'cat_binary__n_p_ecg_p_07', 'cat_binary__n_p_ecg_p_12', 'cat_binary__fibr_ter_01', 'cat_binary__fibr_ter_02', 'cat_binary__fibr_ter_07', 'cat_binary__fibr_ter_08', 'cat_binary__GIPO_K', 'cat_binary__ANT_CA_S_n', 'cat_binary__GEPAR_S_n', 'cat_binary__ASP_S_n', 'cat_binary__TIKL_S_n']"
baseline__standard,6,6,StackingClassifier,generalization,7,130,2,18,0.8726114649681529,0.7777777777777778,0.28,0.4117647058823529,0.9848484848484849,0.015151515151515138,0.6324242424242424,0.5251262474468171,0.4168716394550771,0.3576104746317512,0.85,0.5603061955461737,1.1592356687898089,0.1868572235107422,157,"['num_log1p_standard_scaler__L_BLOOD', 'num_log1p_standard_scaler__AST_BLOOD', 'num_log1p_standard_scaler__ROE', 'num_log1p_standard_scaler__K_BLOOD', 'num_standard_scaler__AGE', 'num_standard_scaler__S_AD_ORIT', 'num_standard_scaler__D_AD_ORIT', 'num_standard_scaler__NA_BLOOD', 'cat_nominal__IBS_POST_2.0', 'cat_ordinal__STENOK_AN', 'cat_ordinal__FK_STENOK', 'cat_ordinal__DLIT_AG', 'cat_ordinal__TIME_B_S', 'cat_ordinal__ant_im', 'cat_ordinal__lat_im', 'cat_partial_ordinal__HF_right_line', 'cat_binary__SEX', 'cat_binary__SIM_GIPERT', 'cat_binary__nr_03', 'cat_binary__nr_04', 'cat_binary__np_01', 'cat_binary__np_08', 'cat_binary__np_09', 'cat_binary__endocr_01', 'cat_binary__endocr_02', 'cat_binary__zab_leg_01', 'cat_binary__zab_leg_02', 'cat_binary__zab_leg_03', 'cat_binary__zab_leg_04', 'cat_binary__zab_leg_06', 'cat_binary__O_L_POST', 'cat_binary__K_SH_POST', 'cat_binary__MP_TP_POST', 'cat_binary__SVT_POST', 'cat_binary__GT_POST', 'cat_binary__FIB_G_POST', 'cat_binary__IM_PG_P', 'cat_binary__ritm_ecg_p_01', 'cat_binary__ritm_ecg_p_02', 'cat_binary__ritm_ecg_p_04', 'cat_binary__ritm_ecg_p_06', 'cat_binary__ritm_ecg_p_07', 'cat_binary__ritm_ecg_p_08', 'cat_binary__n_r_ecg_p_01', 'cat_binary__n_r_ecg_p_02', 'cat_binary__n_r_ecg_p_03', 'cat_binary__n_r_ecg_p_04', 'cat_binary__n_r_ecg_p_05', 'cat_binary__n_r_ecg_p_06', 'cat_binary__n_r_ecg_p_08', 'cat_binary__n_r_ecg_p_09', 'cat_binary__n_r_ecg_p_10', 'cat_binary__n_p_ecg_p_01', 'cat_binary__n_p_ecg_p_03', 'cat_binary__n_p_ecg_p_04', 'cat_binary__n_p_ecg_p_05', 'cat_binary__n_p_ecg_p_06', 'cat_binary__n_p_ecg_p_07', 'cat_binary__n_p_ecg_p_08', 'cat_binary__n_p_ecg_p_09', 'cat_binary__n_p_ecg_p_10', 'cat_binary__n_p_ecg_p_11', 'cat_binary__n_p_ecg_p_12', 'cat_binary__fibr_ter_01', 'cat_binary__fibr_ter_02', 'cat_binary__fibr_ter_03', 'cat_binary__fibr_ter_05', 'cat_binary__fibr_ter_06', 'cat_binary__fibr_ter_07', 'cat_binary__fibr_ter_08', 'cat_binary__GIPO_K', 'cat_binary__GIPER_NA', 'cat_binary__NITR_S', 'cat_binary__LID_S_n', 'cat_binary__B_BLOK_S_n', 'cat_binary__ANT_CA_S_n', 'cat_binary__GEPAR_S_n', 'cat_binary__ASP_S_n', 'cat_binary__TIKL_S_n', 'cat_binary__TRENT_S_n']"
baseline__standard,6,7,StackingClassifier,generalization,11,127,5,14,0.8789808917197452,0.6875,0.44,0.5365853658536586,0.9621212121212122,0.037878787878787845,0.701060606060606,0.6506407098647712,0.4863449439135091,0.47081781089231867,0.8360606060606061,0.6136362145574645,0.9235668789808917,0.1580045223236084,157,"['num_log1p_standard_scaler__L_BLOOD', 'num_log1p_standard_scaler__ALT_BLOOD', 'num_log1p_standard_scaler__AST_BLOOD', 'num_log1p_standard_scaler__ROE', 'num_log1p_standard_scaler__K_BLOOD', 'num_standard_scaler__AGE', 'num_standard_scaler__S_AD_ORIT', 'num_standard_scaler__D_AD_ORIT', 'num_standard_scaler__NA_BLOOD', 'cat_nominal__IBS_POST_0.0', 'cat_nominal__IBS_POST_1.0', 'cat_nominal__IBS_POST_2.0', 'cat_ordinal__INF_ANAM', 'cat_ordinal__STENOK_AN', 'cat_ordinal__FK_STENOK', 'cat_ordinal__GB', 'cat_ordinal__DLIT_AG', 'cat_ordinal__TIME_B_S', 'cat_ordinal__ant_im', 'cat_ordinal__lat_im', 'cat_ordinal__inf_im', 'cat_ordinal__post_im', 'cat_partial_ordinal__HF_right_line', 'cat_partial_ordinal__HF_left_line', 'cat_binary__SEX', 'cat_binary__SIM_GIPERT', 'cat_binary__nr_11', 'cat_binary__nr_01', 'cat_binary__nr_02', 'cat_binary__nr_03', 'cat_binary__nr_04', 'cat_binary__nr_07', 'cat_binary__nr_08', 'cat_binary__np_01', 'cat_binary__np_04', 'cat_binary__np_05', 'cat_binary__np_07', 'cat_binary__np_08', 'cat_binary__np_09', 'cat_binary__np_10', 'cat_binary__endocr_01', 'cat_binary__endocr_02', 'cat_binary__endocr_03', 'cat_binary__zab_leg_01', 'cat_binary__zab_leg_02', 'cat_binary__zab_leg_03', 'cat_binary__zab_leg_04', 'cat_binary__zab_leg_06', 'cat_binary__O_L_POST', 'cat_binary__K_SH_POST', 'cat_binary__MP_TP_POST', 'cat_binary__SVT_POST', 'cat_binary__GT_POST', 'cat_binary__FIB_G_POST', 'cat_binary__IM_PG_P', 'cat_binary__ritm_ecg_p_01', 'cat_binary__ritm_ecg_p_02', 'cat_binary__ritm_ecg_p_04', 'cat_binary__ritm_ecg_p_06', 'cat_binary__ritm_ecg_p_07', 'cat_binary__ritm_ecg_p_08', 'cat_binary__n_r_ecg_p_01', 'cat_binary__n_r_ecg_p_02', 'cat_binary__n_r_ecg_p_03', 'cat_binary__n_r_ecg_p_04', 'cat_binary__n_r_ecg_p_05', 'cat_binary__n_r_ecg_p_06', 'cat_binary__n_r_ecg_p_08', 'cat_binary__n_r_ecg_p_09', 'cat_binary__n_r_ecg_p_10', 'cat_binary__n_p_ecg_p_01', 'cat_binary__n_p_ecg_p_03', 'cat_binary__n_p_ecg_p_04', 'cat_binary__n_p_ecg_p_05', 'cat_binary__n_p_ecg_p_06', 'cat_binary__n_p_ecg_p_07', 'cat_binary__n_p_ecg_p_08', 'cat_binary__n_p_ecg_p_09', 'cat_binary__n_p_ecg_p_10', 'cat_binary__n_p_ecg_p_11', 'cat_binary__n_p_ecg_p_12', 'cat_binary__fibr_ter_01', 'cat_binary__fibr_ter_02', 'cat_binary__fibr_ter_03', 'cat_binary__fibr_ter_05', 'cat_binary__fibr_ter_06', 'cat_binary__fibr_ter_07', 'cat_binary__fibr_ter_08', 'cat_binary__GIPO_K', 'cat_binary__GIPER_NA', 'cat_binary__NITR_S', 'cat_binary__LID_S_n', 'cat_binary__B_BLOK_S_n', 'cat_binary__ANT_CA_S_n', 'cat_binary__GEPAR_S_n', 'cat_binary__ASP_S_n', 'cat_binary__TIKL_S_n', 'cat_binary__TRENT_S_n']"
baseline__standard,6,8,StackingClassifier,generalization,12,131,1,13,0.910828025477707,0.9230769230769231,0.48,0.631578947368421,0.9924242424242424,0.007575757575757569,0.7362121212121212,0.6901910144037202,0.6272435773361934,0.5865312264860798,0.9087878787878789,0.7734944348406771,0.8343949044585988,0.07558608055114746,157,"['num_log1p_standard_scaler__L_BLOOD', 'num_log1p_standard_scaler__AST_BLOOD', 'num_log1p_standard_scaler__ROE', 'num_log1p_standard_scaler__K_BLOOD', 'num_standard_scaler__AGE', 'num_standard_scaler__S_AD_ORIT', 'num_standard_scaler__D_AD_ORIT', 'num_standard_scaler__NA_BLOOD', 'cat_nominal__IBS_POST_0.0', 'cat_nominal__IBS_POST_2.0', 'cat_ordinal__INF_ANAM', 'cat_ordinal__STENOK_AN', 'cat_ordinal__FK_STENOK', 'cat_ordinal__GB', 'cat_ordinal__TIME_B_S', 'cat_ordinal__ant_im', 'cat_ordinal__lat_im', 'cat_ordinal__inf_im', 'cat_partial_ordinal__HF_right_line', 'cat_partial_ordinal__HF_left_line', 'cat_binary__SIM_GIPERT', 'cat_binary__nr_11', 'cat_binary__nr_03', 'cat_binary__np_04', 'cat_binary__np_05', 'cat_binary__np_09', 'cat_binary__np_10', 'cat_binary__endocr_01', 'cat_binary__endocr_02', 'cat_binary__endocr_03', 'cat_binary__zab_leg_01', 'cat_binary__zab_leg_02', 'cat_binary__zab_leg_03', 'cat_binary__zab_leg_04', 'cat_binary__zab_leg_06', 'cat_binary__O_L_POST', 'cat_binary__K_SH_POST', 'cat_binary__MP_TP_POST', 'cat_binary__SVT_POST', 'cat_binary__GT_POST', 'cat_binary__FIB_G_POST', 'cat_binary__IM_PG_P', 'cat_binary__ritm_ecg_p_01', 'cat_binary__ritm_ecg_p_02', 'cat_binary__ritm_ecg_p_04', 'cat_binary__ritm_ecg_p_06', 'cat_binary__ritm_ecg_p_07', 'cat_binary__ritm_ecg_p_08', 'cat_binary__n_r_ecg_p_01', 'cat_binary__n_r_ecg_p_02', 'cat_binary__n_r_ecg_p_03', 'cat_binary__n_r_ecg_p_04', 'cat_binary__n_r_ecg_p_05', 'cat_binary__n_r_ecg_p_06', 'cat_binary__n_r_ecg_p_08', 'cat_binary__n_r_ecg_p_09', 'cat_binary__n_r_ecg_p_10', 'cat_binary__n_p_ecg_p_01', 'cat_binary__n_p_ecg_p_03', 'cat_binary__n_p_ecg_p_04', 'cat_binary__n_p_ecg_p_05', 'cat_binary__n_p_ecg_p_06', 'cat_binary__n_p_ecg_p_07', 'cat_binary__n_p_ecg_p_08', 'cat_binary__n_p_ecg_p_09', 'cat_binary__n_p_ecg_p_10', 'cat_binary__n_p_ecg_p_11', 'cat_binary__n_p_ecg_p_12', 'cat_binary__fibr_ter_01', 'cat_binary__fibr_ter_02', 'cat_binary__fibr_ter_03', 'cat_binary__fibr_ter_05', 'cat_binary__fibr_ter_06', 'cat_binary__fibr_ter_07', 'cat_binary__fibr_ter_08', 'cat_binary__GIPO_K', 'cat_binary__GIPER_NA', 'cat_binary__NITR_S', 'cat_binary__LID_S_n', 'cat_binary__B_BLOK_S_n', 'cat_binary__ANT_CA_S_n', 'cat_binary__GEPAR_S_n', 'cat_binary__ASP_S_n', 'cat_binary__TIKL_S_n', 'cat_binary__TRENT_S_n']"
baseline__standard,6,9,StackingClassifier,generalization,10,128,4,15,0.8789808917197452,0.7142857142857143,0.4,0.5128205128205128,0.9696969696969697,0.030303030303030276,0.6848484848484848,0.6227991553292184,0.4746470916939216,0.4499354600774479,0.8966666666666667,0.659073449721424,0.9808917197452229,0.12164759635925293,157,"['num_log1p_standard_scaler__L_BLOOD', 'num_log1p_standard_scaler__ALT_BLOOD', 'num_log1p_standard_scaler__AST_BLOOD', 'num_log1p_standard_scaler__ROE', 'num_log1p_standard_scaler__K_BLOOD', 'num_standard_scaler__AGE', 'num_standard_scaler__S_AD_ORIT', 'num_standard_scaler__D_AD_ORIT', 'num_standard_scaler__NA_BLOOD', 'cat_nominal__IBS_POST_0.0', 'cat_nominal__IBS_POST_1.0', 'cat_nominal__IBS_POST_2.0', 'cat_ordinal__INF_ANAM', 'cat_ordinal__STENOK_AN', 'cat_ordinal__FK_STENOK', 'cat_ordinal__GB', 'cat_ordinal__DLIT_AG', 'cat_ordinal__TIME_B_S', 'cat_ordinal__ant_im', 'cat_ordinal__lat_im', 'cat_ordinal__inf_im', 'cat_ordinal__post_im', 'cat_partial_ordinal__HF_right_line', 'cat_partial_ordinal__HF_left_line', 'cat_binary__SEX', 'cat_binary__SIM_GIPERT', 'cat_binary__nr_11', 'cat_binary__nr_01', 'cat_binary__nr_02', 'cat_binary__nr_03', 'cat_binary__nr_04', 'cat_binary__nr_07', 'cat_binary__nr_08', 'cat_binary__np_01', 'cat_binary__np_04', 'cat_binary__np_05', 'cat_binary__np_07', 'cat_binary__np_08', 'cat_binary__np_09', 'cat_binary__np_10', 'cat_binary__endocr_01', 'cat_binary__endocr_02', 'cat_binary__endocr_03', 'cat_binary__zab_leg_01', 'cat_binary__zab_leg_02', 'cat_binary__zab_leg_03', 'cat_binary__zab_leg_04', 'cat_binary__zab_leg_06', 'cat_binary__O_L_POST', 'cat_binary__K_SH_POST', 'cat_binary__MP_TP_POST', 'cat_binary__SVT_POST', 'cat_binary__GT_POST', 'cat_binary__FIB_G_POST', 'cat_binary__IM_PG_P', 'cat_binary__ritm_ecg_p_01', 'cat_binary__ritm_ecg_p_02', 'cat_binary__ritm_ecg_p_04', 'cat_binary__ritm_ecg_p_06', 'cat_binary__ritm_ecg_p_07', 'cat_binary__ritm_ecg_p_08', 'cat_binary__n_r_ecg_p_01', 'cat_binary__n_r_ecg_p_02', 'cat_binary__n_r_ecg_p_03', 'cat_binary__n_r_ecg_p_04', 'cat_binary__n_r_ecg_p_05', 'cat_binary__n_r_ecg_p_06', 'cat_binary__n_r_ecg_p_08', 'cat_binary__n_r_ecg_p_09', 'cat_binary__n_r_ecg_p_10', 'cat_binary__n_p_ecg_p_01', 'cat_binary__n_p_ecg_p_03', 'cat_binary__n_p_ecg_p_04', 'cat_binary__n_p_ecg_p_05', 'cat_binary__n_p_ecg_p_06', 'cat_binary__n_p_ecg_p_07', 'cat_binary__n_p_ecg_p_08', 'cat_binary__n_p_ecg_p_09', 'cat_binary__n_p_ecg_p_10', 'cat_binary__n_p_ecg_p_11', 'cat_binary__n_p_ecg_p_12', 'cat_binary__fibr_ter_01', 'cat_binary__fibr_ter_02', 'cat_binary__fibr_ter_03', 'cat_binary__fibr_ter_05', 'cat_binary__fibr_ter_06', 'cat_binary__fibr_ter_07', 'cat_binary__fibr_ter_08', 'cat_binary__GIPO_K', 'cat_binary__GIPER_NA', 'cat_binary__NITR_S', 'cat_binary__LID_S_n', 'cat_binary__B_BLOK_S_n', 'cat_binary__ANT_CA_S_n', 'cat_binary__GEPAR_S_n', 'cat_binary__ASP_S_n', 'cat_binary__TIKL_S_n', 'cat_binary__TRENT_S_n']"
baseline__standard,6,10,StackingClassifier,generalization,8,130,2,17,0.8789808917197452,0.8,0.32,0.45714285714285713,0.9848484848484849,0.015151515151515138,0.6524242424242425,0.5613835722137897,0.45675398322907895,0.4028028028028028,0.8560606060606061,0.6336536407938794,1.0955414012738853,0.16351962089538574,157,"['num_log1p_standard_scaler__L_BLOOD', 'num_log1p_standard_scaler__ROE', 'num_standard_scaler__AGE', 'num_standard_scaler__S_AD_ORIT', 'num_standard_scaler__D_AD_ORIT', 'num_standard_scaler__NA_BLOOD', 'cat_nominal__IBS_POST_0.0', 'cat_nominal__IBS_POST_2.0', 'cat_ordinal__STENOK_AN', 'cat_ordinal__FK_STENOK', 'cat_ordinal__GB', 'cat_ordinal__DLIT_AG', 'cat_ordinal__TIME_B_S', 'cat_ordinal__ant_im', 'cat_partial_ordinal__HF_right_line', 'cat_partial_ordinal__HF_left_line', 'cat_binary__nr_02', 'cat_binary__nr_07', 'cat_binary__np_04', 'cat_binary__np_07', 'cat_binary__np_08', 'cat_binary__np_09', 'cat_binary__np_10', 'cat_binary__endocr_03', 'cat_binary__zab_leg_03', 'cat_binary__O_L_POST', 'cat_binary__K_SH_POST', 'cat_binary__MP_TP_POST', 'cat_binary__IM_PG_P', 'cat_binary__ritm_ecg_p_01', 'cat_binary__ritm_ecg_p_04', 'cat_binary__ritm_ecg_p_06', 'cat_binary__ritm_ecg_p_07', 'cat_binary__ritm_ecg_p_08', 'cat_binary__n_r_ecg_p_06', 'cat_binary__n_p_ecg_p_01', 'cat_binary__n_p_ecg_p_08', 'cat_binary__n_p_ecg_p_12', 'cat_binary__fibr_ter_01', 'cat_binary__fibr_ter_03', 'cat_binary__fibr_ter_05', 'cat_binary__fibr_ter_08', 'cat_binary__ANT_CA_S_n', 'cat_binary__ASP_S_n', 'cat_binary__TRENT_S_n']"
baseline__standard,7,1,StackingClassifier,generalization,7,128,5,18,0.8544303797468354,0.5833333333333334,0.28,0.3783783783783784,0.9624060150375939,0.03759398496240607,0.621203007518797,0.5191085476184402,0.3339428629048735,0.3072817384674038,0.8730827067669173,0.5253217192028636,1.1708860759493671,0.067352294921875,158,"['num_log1p_standard_scaler__L_BLOOD', 'num_log1p_standard_scaler__ROE', 'num_standard_scaler__AGE', 'num_standard_scaler__S_AD_ORIT', 'num_standard_scaler__D_AD_ORIT', 'num_standard_scaler__NA_BLOOD', 'cat_nominal__IBS_POST_0.0', 'cat_nominal__IBS_POST_1.0', 'cat_nominal__IBS_POST_2.0', 'cat_ordinal__STENOK_AN', 'cat_ordinal__FK_STENOK', 'cat_ordinal__GB', 'cat_ordinal__DLIT_AG', 'cat_ordinal__ant_im', 'cat_ordinal__lat_im', 'cat_ordinal__inf_im', 'cat_partial_ordinal__HF_right_line', 'cat_partial_ordinal__HF_left_line', 'cat_binary__SEX', 'cat_binary__nr_03', 'cat_binary__nr_04', 'cat_binary__nr_07', 'cat_binary__nr_08', 'cat_binary__np_01', 'cat_binary__np_10', 'cat_binary__endocr_01', 'cat_binary__endocr_03', 'cat_binary__zab_leg_01', 'cat_binary__zab_leg_04', 'cat_binary__K_SH_POST', 'cat_binary__MP_TP_POST', 'cat_binary__SVT_POST', 'cat_binary__FIB_G_POST', 'cat_binary__IM_PG_P', 'cat_binary__ritm_ecg_p_01', 'cat_binary__ritm_ecg_p_02', 'cat_binary__ritm_ecg_p_04', 'cat_binary__ritm_ecg_p_08', 'cat_binary__n_r_ecg_p_01', 'cat_binary__n_r_ecg_p_02', 'cat_binary__n_r_ecg_p_03', 'cat_binary__n_r_ecg_p_04', 'cat_binary__n_r_ecg_p_08', 'cat_binary__n_r_ecg_p_10', 'cat_binary__n_p_ecg_p_01', 'cat_binary__n_p_ecg_p_03', 'cat_binary__n_p_ecg_p_06', 'cat_binary__n_p_ecg_p_07', 'cat_binary__n_p_ecg_p_08', 'cat_binary__n_p_ecg_p_12', 'cat_binary__fibr_ter_07', 'cat_binary__fibr_ter_08', 'cat_binary__GIPO_K', 'cat_binary__GIPER_NA', 'cat_binary__NITR_S', 'cat_binary__LID_S_n', 'cat_binary__B_BLOK_S_n', 'cat_binary__ANT_CA_S_n', 'cat_binary__ASP_S_n', 'cat_binary__TRENT_S_n']"
baseline__standard,7,2,StackingClassifier,generalization,8,130,2,18,0.8734177215189873,0.8,0.3076923076923077,0.4444444444444444,0.9848484848484849,0.015151515151515138,0.6462703962703963,0.5504818825631803,0.445481030407972,0.3885448916408668,0.8863636363636364,0.6828691005968078,1.1518987341772151,0.13451123237609863,158,"['num_log1p_standard_scaler__L_BLOOD', 'num_log1p_standard_scaler__AST_BLOOD', 'num_log1p_standard_scaler__ROE', 'num_standard_scaler__AGE', 'num_standard_scaler__S_AD_ORIT', 'num_standard_scaler__D_AD_ORIT', 'num_standard_scaler__NA_BLOOD', 'cat_nominal__IBS_POST_0.0', 'cat_nominal__IBS_POST_1.0', 'cat_ordinal__INF_ANAM', 'cat_ordinal__STENOK_AN', 'cat_ordinal__FK_STENOK', 'cat_ordinal__DLIT_AG', 'cat_ordinal__TIME_B_S', 'cat_ordinal__ant_im', 'cat_ordinal__lat_im', 'cat_ordinal__inf_im', 'cat_ordinal__post_im', 'cat_partial_ordinal__HF_right_line', 'cat_partial_ordinal__HF_left_line', 'cat_binary__SEX', 'cat_binary__nr_11', 'cat_binary__nr_03', 'cat_binary__nr_04', 'cat_binary__nr_08', 'cat_binary__np_01', 'cat_binary__np_05', 'cat_binary__np_09', 'cat_binary__np_10', 'cat_binary__endocr_01', 'cat_binary__endocr_03', 'cat_binary__zab_leg_01', 'cat_binary__zab_leg_03', 'cat_binary__zab_leg_06', 'cat_binary__O_L_POST', 'cat_binary__K_SH_POST', 'cat_binary__MP_TP_POST', 'cat_binary__FIB_G_POST', 'cat_binary__IM_PG_P', 'cat_binary__ritm_ecg_p_01', 'cat_binary__ritm_ecg_p_04', 'cat_binary__ritm_ecg_p_07', 'cat_binary__ritm_ecg_p_08', 'cat_binary__n_r_ecg_p_01', 'cat_binary__n_r_ecg_p_02', 'cat_binary__n_r_ecg_p_03', 'cat_binary__n_r_ecg_p_04', 'cat_binary__n_r_ecg_p_05', 'cat_binary__n_r_ecg_p_06', 'cat_binary__n_r_ecg_p_08', 'cat_binary__n_r_ecg_p_09', 'cat_binary__n_r_ecg_p_10', 'cat_binary__n_p_ecg_p_01', 'cat_binary__n_p_ecg_p_03', 'cat_binary__n_p_ecg_p_04', 'cat_binary__n_p_ecg_p_05', 'cat_binary__n_p_ecg_p_06', 'cat_binary__n_p_ecg_p_07', 'cat_binary__n_p_ecg_p_08', 'cat_binary__n_p_ecg_p_09', 'cat_binary__n_p_ecg_p_10', 'cat_binary__n_p_ecg_p_11', 'cat_binary__n_p_ecg_p_12', 'cat_binary__fibr_ter_01', 'cat_binary__fibr_ter_02', 'cat_binary__fibr_ter_03', 'cat_binary__fibr_ter_05', 'cat_binary__fibr_ter_06', 'cat_binary__fibr_ter_07', 'cat_binary__fibr_ter_08', 'cat_binary__GIPO_K', 'cat_binary__GIPER_NA', 'cat_binary__NITR_S', 'cat_binary__LID_S_n', 'cat_binary__B_BLOK_S_n', 'cat_binary__ANT_CA_S_n', 'cat_binary__GEPAR_S_n', 'cat_binary__ASP_S_n', 'cat_binary__TIKL_S_n', 'cat_binary__TRENT_S_n']"
baseline__standard,7,3,StackingClassifier,generalization,11,128,4,14,0.8853503184713376,0.7333333333333333,0.44,0.55,0.9696969696969697,0.030303030303030276,0.7048484848484848,0.6531972647421809,0.5099527286526038,0.4889692585895118,0.8327272727272728,0.592031834146862,0.9171974522292994,0.18980908393859863,157,"['num_log1p_standard_scaler__L_BLOOD', 'num_log1p_standard_scaler__ROE', 'num_log1p_standard_scaler__K_BLOOD', 'num_standard_scaler__AGE', 'num_standard_scaler__S_AD_ORIT', 'num_standard_scaler__D_AD_ORIT', 'num_standard_scaler__NA_BLOOD', 'cat_nominal__IBS_POST_0.0', 'cat_nominal__IBS_POST_1.0', 'cat_nominal__IBS_POST_2.0', 'cat_ordinal__STENOK_AN', 'cat_ordinal__FK_STENOK', 'cat_ordinal__GB', 'cat_ordinal__TIME_B_S', 'cat_ordinal__ant_im', 'cat_ordinal__lat_im', 'cat_ordinal__inf_im', 'cat_partial_ordinal__HF_right_line', 'cat_partial_ordinal__HF_left_line', 'cat_binary__SEX', 'cat_binary__nr_11', 'cat_binary__nr_03', 'cat_binary__nr_07', 'cat_binary__np_01', 'cat_binary__np_05', 'cat_binary__np_08', 'cat_binary__np_09', 'cat_binary__np_10', 'cat_binary__endocr_02', 'cat_binary__zab_leg_02', 'cat_binary__O_L_POST', 'cat_binary__K_SH_POST', 'cat_binary__MP_TP_POST', 'cat_binary__SVT_POST', 'cat_binary__GT_POST', 'cat_binary__FIB_G_POST', 'cat_binary__IM_PG_P', 'cat_binary__ritm_ecg_p_01', 'cat_binary__ritm_ecg_p_02', 'cat_binary__ritm_ecg_p_04', 'cat_binary__ritm_ecg_p_06', 'cat_binary__ritm_ecg_p_07', 'cat_binary__ritm_ecg_p_08', 'cat_binary__n_r_ecg_p_01', 'cat_binary__n_r_ecg_p_02', 'cat_binary__n_r_ecg_p_03', 'cat_binary__n_r_ecg_p_04', 'cat_binary__n_r_ecg_p_05', 'cat_binary__n_r_ecg_p_06', 'cat_binary__n_r_ecg_p_08', 'cat_binary__n_r_ecg_p_09', 'cat_binary__n_r_ecg_p_10', 'cat_binary__n_p_ecg_p_01', 'cat_binary__n_p_ecg_p_03', 'cat_binary__n_p_ecg_p_04', 'cat_binary__n_p_ecg_p_05', 'cat_binary__n_p_ecg_p_06', 'cat_binary__n_p_ecg_p_07', 'cat_binary__n_p_ecg_p_08', 'cat_binary__n_p_ecg_p_09', 'cat_binary__n_p_ecg_p_10', 'cat_binary__n_p_ecg_p_11', 'cat_binary__n_p_ecg_p_12', 'cat_binary__fibr_ter_01', 'cat_binary__fibr_ter_02', 'cat_binary__fibr_ter_03', 'cat_binary__fibr_ter_05', 'cat_binary__fibr_ter_06', 'cat_binary__fibr_ter_07', 'cat_binary__fibr_ter_08', 'cat_binary__GIPO_K', 'cat_binary__GIPER_NA', 'cat_binary__NITR_S', 'cat_binary__LID_S_n', 'cat_binary__B_BLOK_S_n', 'cat_binary__ANT_CA_S_n', 'cat_binary__GEPAR_S_n', 'cat_binary__ASP_S_n', 'cat_binary__TIKL_S_n', 'cat_binary__TRENT_S_n']"
baseline__standard,7,4,StackingClassifier,generalization,9,129,3,16,0.8789808917197452,0.75,0.36,0.4864864864864865,0.9772727272727273,0.022727272727272707,0.6686363636363637,0.5931426319344967,0.46447631211301466,0.42733730082549437,0.8536363636363636,0.5968294934742437,1.0382165605095541,0.1524360179901123,157,"['num_log1p_standard_scaler__L_BLOOD', 'num_log1p_standard_scaler__ROE', 'num_log1p_standard_scaler__K_BLOOD', 'num_standard_scaler__AGE', 'num_standard_scaler__S_AD_ORIT', 'num_standard_scaler__D_AD_ORIT', 'num_standard_scaler__NA_BLOOD', 'cat_nominal__IBS_POST_1.0', 'cat_nominal__IBS_POST_2.0', 'cat_ordinal__INF_ANAM', 'cat_ordinal__STENOK_AN', 'cat_ordinal__FK_STENOK', 'cat_ordinal__GB', 'cat_ordinal__DLIT_AG', 'cat_ordinal__TIME_B_S', 'cat_ordinal__ant_im', 'cat_ordinal__lat_im', 'cat_ordinal__inf_im', 'cat_ordinal__post_im', 'cat_partial_ordinal__HF_right_line', 'cat_partial_ordinal__HF_left_line', 'cat_binary__SEX', 'cat_binary__nr_11', 'cat_binary__nr_01', 'cat_binary__nr_02', 'cat_binary__np_07', 'cat_binary__np_08', 'cat_binary__np_09', 'cat_binary__endocr_01', 'cat_binary__zab_leg_06', 'cat_binary__O_L_POST', 'cat_binary__K_SH_POST', 'cat_binary__MP_TP_POST', 'cat_binary__SVT_POST', 'cat_binary__GT_POST', 'cat_binary__FIB_G_POST', 'cat_binary__IM_PG_P', 'cat_binary__ritm_ecg_p_01', 'cat_binary__ritm_ecg_p_02', 'cat_binary__ritm_ecg_p_04', 'cat_binary__ritm_ecg_p_06', 'cat_binary__ritm_ecg_p_07', 'cat_binary__ritm_ecg_p_08', 'cat_binary__n_r_ecg_p_01', 'cat_binary__n_r_ecg_p_02', 'cat_binary__n_r_ecg_p_03', 'cat_binary__n_r_ecg_p_04', 'cat_binary__n_r_ecg_p_05', 'cat_binary__n_r_ecg_p_06', 'cat_binary__n_r_ecg_p_08', 'cat_binary__n_r_ecg_p_09', 'cat_binary__n_r_ecg_p_10', 'cat_binary__n_p_ecg_p_01', 'cat_binary__n_p_ecg_p_03', 'cat_binary__n_p_ecg_p_04', 'cat_binary__n_p_ecg_p_05', 'cat_binary__n_p_ecg_p_06', 'cat_binary__n_p_ecg_p_07', 'cat_binary__n_p_ecg_p_08', 'cat_binary__n_p_ecg_p_09', 'cat_binary__n_p_ecg_p_10', 'cat_binary__n_p_ecg_p_11', 'cat_binary__n_p_ecg_p_12', 'cat_binary__fibr_ter_01', 'cat_binary__fibr_ter_02', 'cat_binary__fibr_ter_03', 'cat_binary__fibr_ter_05', 'cat_binary__fibr_ter_06', 'cat_binary__fibr_ter_07', 'cat_binary__fibr_ter_08', 'cat_binary__GIPO_K', 'cat_binary__GIPER_NA', 'cat_binary__NITR_S', 'cat_binary__LID_S_n', 'cat_binary__B_BLOK_S_n', 'cat_binary__ANT_CA_S_n', 'cat_binary__GEPAR_S_n', 'cat_binary__ASP_S_n', 'cat_binary__TIKL_S_n', 'cat_binary__TRENT_S_n']"
baseline__standard,7,5,StackingClassifier,generalization,13,127,5,12,0.89171974522293,0.7222222222222222,0.52,0.6046511627906976,0.9621212121212122,0.037878787878787845,0.7410606060606061,0.7073210235126837,0.5536936680615899,0.5438386600581098,0.926060606060606,0.7284390300403784,0.7961783439490446,0.1695866584777832,157,"['num_log1p_standard_scaler__L_BLOOD', 'num_log1p_standard_scaler__ROE', 'num_log1p_standard_scaler__K_BLOOD', 'num_standard_scaler__AGE', 'num_standard_scaler__S_AD_ORIT', 'num_standard_scaler__D_AD_ORIT', 'num_standard_scaler__NA_BLOOD', 'cat_nominal__IBS_POST_0.0', 'cat_nominal__IBS_POST_2.0', 'cat_ordinal__INF_ANAM', 'cat_ordinal__STENOK_AN', 'cat_ordinal__FK_STENOK', 'cat_ordinal__TIME_B_S', 'cat_ordinal__ant_im', 'cat_ordinal__inf_im', 'cat_ordinal__post_im', 'cat_partial_ordinal__HF_right_line', 'cat_partial_ordinal__HF_left_line', 'cat_binary__SEX', 'cat_binary__SIM_GIPERT', 'cat_binary__nr_02', 'cat_binary__nr_03', 'cat_binary__nr_04', 'cat_binary__nr_07', 'cat_binary__nr_08', 'cat_binary__np_01', 'cat_binary__np_04', 'cat_binary__np_05', 'cat_binary__np_07', 'cat_binary__np_08', 'cat_binary__np_09', 'cat_binary__np_10', 'cat_binary__endocr_01', 'cat_binary__endocr_02', 'cat_binary__endocr_03', 'cat_binary__zab_leg_01', 'cat_binary__zab_leg_02', 'cat_binary__zab_leg_03', 'cat_binary__zab_leg_04', 'cat_binary__zab_leg_06', 'cat_binary__O_L_POST', 'cat_binary__K_SH_POST', 'cat_binary__MP_TP_POST', 'cat_binary__SVT_POST', 'cat_binary__GT_POST', 'cat_binary__FIB_G_POST', 'cat_binary__IM_PG_P', 'cat_binary__ritm_ecg_p_01', 'cat_binary__ritm_ecg_p_02', 'cat_binary__ritm_ecg_p_04', 'cat_binary__ritm_ecg_p_06', 'cat_binary__ritm_ecg_p_07', 'cat_binary__ritm_ecg_p_08', 'cat_binary__n_r_ecg_p_01', 'cat_binary__n_r_ecg_p_02', 'cat_binary__n_r_ecg_p_03', 'cat_binary__n_r_ecg_p_04', 'cat_binary__n_r_ecg_p_05', 'cat_binary__n_r_ecg_p_06', 'cat_binary__n_r_ecg_p_08', 'cat_binary__n_r_ecg_p_09', 'cat_binary__n_r_ecg_p_10', 'cat_binary__n_p_ecg_p_01', 'cat_binary__n_p_ecg_p_03', 'cat_binary__n_p_ecg_p_04', 'cat_binary__n_p_ecg_p_05', 'cat_binary__n_p_ecg_p_06', 'cat_binary__n_p_ecg_p_07', 'cat_binary__n_p_ecg_p_08', 'cat_binary__n_p_ecg_p_09', 'cat_binary__n_p_ecg_p_10', 'cat_binary__n_p_ecg_p_11', 'cat_binary__n_p_ecg_p_12', 'cat_binary__fibr_ter_01', 'cat_binary__fibr_ter_02', 'cat_binary__fibr_ter_03', 'cat_binary__fibr_ter_05', 'cat_binary__fibr_ter_06', 'cat_binary__fibr_ter_07', 'cat_binary__fibr_ter_08', 'cat_binary__GIPO_K', 'cat_binary__GIPER_NA', 'cat_binary__NITR_S', 'cat_binary__LID_S_n', 'cat_binary__B_BLOK_S_n', 'cat_binary__ANT_CA_S_n', 'cat_binary__GEPAR_S_n', 'cat_binary__ASP_S_n', 'cat_binary__TIKL_S_n', 'cat_binary__TRENT_S_n']"
baseline__standard,7,6,StackingClassifier,generalization,14,126,6,11,0.89171974522293,0.7,0.56,0.6222222222222222,0.9545454545454546,0.045454545454545414,0.7572727272727273,0.731126155013931,0.5646839377640199,0.5599340478153338,0.8345454545454546,0.6847319914373154,0.7388535031847133,0.06865739822387695,157,"['num_log1p_standard_scaler__L_BLOOD', 'num_log1p_standard_scaler__ROE', 'num_standard_scaler__AGE', 'num_standard_scaler__S_AD_ORIT', 'num_standard_scaler__D_AD_ORIT', 'num_standard_scaler__NA_BLOOD', 'cat_nominal__IBS_POST_0.0', 'cat_nominal__IBS_POST_1.0', 'cat_nominal__IBS_POST_2.0', 'cat_ordinal__FK_STENOK', 'cat_ordinal__DLIT_AG', 'cat_ordinal__TIME_B_S', 'cat_ordinal__ant_im', 'cat_ordinal__lat_im', 'cat_ordinal__inf_im', 'cat_partial_ordinal__HF_right_line', 'cat_partial_ordinal__HF_left_line', 'cat_binary__SEX', 'cat_binary__SIM_GIPERT', 'cat_binary__nr_11', 'cat_binary__nr_02', 'cat_binary__nr_04', 'cat_binary__nr_08', 'cat_binary__np_01', 'cat_binary__np_04', 'cat_binary__np_07', 'cat_binary__np_08', 'cat_binary__endocr_01', 'cat_binary__endocr_03', 'cat_binary__zab_leg_01', 'cat_binary__zab_leg_02', 'cat_binary__zab_leg_06', 'cat_binary__O_L_POST', 'cat_binary__K_SH_POST', 'cat_binary__MP_TP_POST', 'cat_binary__FIB_G_POST', 'cat_binary__IM_PG_P', 'cat_binary__ritm_ecg_p_01', 'cat_binary__ritm_ecg_p_02', 'cat_binary__ritm_ecg_p_06', 'cat_binary__ritm_ecg_p_07', 'cat_binary__n_r_ecg_p_03', 'cat_binary__n_r_ecg_p_04', 'cat_binary__n_r_ecg_p_06', 'cat_binary__n_r_ecg_p_10', 'cat_binary__n_p_ecg_p_01', 'cat_binary__n_p_ecg_p_04', 'cat_binary__n_p_ecg_p_05', 'cat_binary__n_p_ecg_p_07', 'cat_binary__n_p_ecg_p_08', 'cat_binary__n_p_ecg_p_09', 'cat_binary__n_p_ecg_p_10', 'cat_binary__n_p_ecg_p_12', 'cat_binary__fibr_ter_01', 'cat_binary__fibr_ter_02', 'cat_binary__fibr_ter_03', 'cat_binary__fibr_ter_05', 'cat_binary__fibr_ter_06', 'cat_binary__fibr_ter_07', 'cat_binary__fibr_ter_08', 'cat_binary__GIPO_K', 'cat_binary__GIPER_NA', 'cat_binary__NITR_S', 'cat_binary__LID_S_n', 'cat_binary__B_BLOK_S_n', 'cat_binary__ANT_CA_S_n', 'cat_binary__GEPAR_S_n', 'cat_binary__ASP_S_n', 'cat_binary__TIKL_S_n', 'cat_binary__TRENT_S_n']"
baseline__standard,7,7,StackingClassifier,generalization,10,127,5,15,0.8726114649681529,0.6666666666666666,0.4,0.5,0.9621212121212122,0.037878787878787845,0.6810606060606061,0.620361575896255,0.4507348452217911,0.4321880650994575,0.8781818181818182,0.6678675107810205,0.9872611464968153,0.15115594863891602,157,"['num_log1p_standard_scaler__L_BLOOD', 'num_log1p_standard_scaler__ALT_BLOOD', 'num_log1p_standard_scaler__ROE', 'num_log1p_standard_scaler__K_BLOOD', 'num_standard_scaler__AGE', 'num_standard_scaler__S_AD_ORIT', 'num_standard_scaler__D_AD_ORIT', 'num_standard_scaler__NA_BLOOD', 'cat_nominal__IBS_POST_1.0', 'cat_nominal__IBS_POST_2.0', 'cat_ordinal__STENOK_AN', 'cat_ordinal__FK_STENOK', 'cat_ordinal__GB', 'cat_ordinal__DLIT_AG', 'cat_ordinal__TIME_B_S', 'cat_ordinal__ant_im', 'cat_ordinal__inf_im', 'cat_partial_ordinal__HF_right_line', 'cat_partial_ordinal__HF_left_line', 'cat_binary__nr_04', 'cat_binary__np_04', 'cat_binary__np_08', 'cat_binary__endocr_01', 'cat_binary__zab_leg_01', 'cat_binary__zab_leg_02', 'cat_binary__zab_leg_03', 'cat_binary__zab_leg_04', 'cat_binary__O_L_POST', 'cat_binary__K_SH_POST', 'cat_binary__MP_TP_POST', 'cat_binary__GT_POST', 'cat_binary__ritm_ecg_p_01', 'cat_binary__ritm_ecg_p_07', 'cat_binary__ritm_ecg_p_08', 'cat_binary__n_r_ecg_p_02', 'cat_binary__n_r_ecg_p_10', 'cat_binary__n_p_ecg_p_04', 'cat_binary__n_p_ecg_p_05', 'cat_binary__n_p_ecg_p_06', 'cat_binary__n_p_ecg_p_10', 'cat_binary__n_p_ecg_p_11', 'cat_binary__n_p_ecg_p_12', 'cat_binary__fibr_ter_02', 'cat_binary__fibr_ter_03', 'cat_binary__fibr_ter_05', 'cat_binary__GIPO_K', 'cat_binary__GIPER_NA', 'cat_binary__NITR_S', 'cat_binary__B_BLOK_S_n', 'cat_binary__ASP_S_n']"
baseline__standard,7,8,StackingClassifier,generalization,11,131,1,14,0.9044585987261147,0.9166666666666666,0.44,0.5945945945945946,0.9924242424242424,0.007575757575757569,0.7162121212121212,0.660807586719967,0.5955145529068032,0.5478978690727587,0.9254545454545454,0.8109935961269322,0.8980891719745223,0.1680610179901123,157,"['num_log1p_standard_scaler__L_BLOOD', 'num_log1p_standard_scaler__ROE', 'num_standard_scaler__AGE', 'num_standard_scaler__S_AD_ORIT', 'num_standard_scaler__D_AD_ORIT', 'num_standard_scaler__NA_BLOOD', 'cat_nominal__IBS_POST_0.0', 'cat_nominal__IBS_POST_2.0', 'cat_ordinal__INF_ANAM', 'cat_ordinal__STENOK_AN', 'cat_ordinal__FK_STENOK', 'cat_ordinal__GB', 'cat_ordinal__DLIT_AG', 'cat_ordinal__TIME_B_S', 'cat_ordinal__ant_im', 'cat_partial_ordinal__HF_right_line', 'cat_partial_ordinal__HF_left_line', 'cat_binary__SEX', 'cat_binary__SIM_GIPERT', 'cat_binary__nr_02', 'cat_binary__nr_04', 'cat_binary__np_01', 'cat_binary__np_05', 'cat_binary__np_07', 'cat_binary__np_08', 'cat_binary__np_10', 'cat_binary__endocr_01', 'cat_binary__endocr_03', 'cat_binary__zab_leg_01', 'cat_binary__zab_leg_02', 'cat_binary__zab_leg_03', 'cat_binary__zab_leg_06', 'cat_binary__O_L_POST', 'cat_binary__K_SH_POST', 'cat_binary__MP_TP_POST', 'cat_binary__GT_POST', 'cat_binary__ritm_ecg_p_01', 'cat_binary__ritm_ecg_p_02', 'cat_binary__ritm_ecg_p_06', 'cat_binary__ritm_ecg_p_07', 'cat_binary__ritm_ecg_p_08', 'cat_binary__n_r_ecg_p_04', 'cat_binary__n_r_ecg_p_05', 'cat_binary__n_r_ecg_p_06', 'cat_binary__n_r_ecg_p_08', 'cat_binary__n_r_ecg_p_09', 'cat_binary__n_r_ecg_p_10', 'cat_binary__n_p_ecg_p_01', 'cat_binary__n_p_ecg_p_03', 'cat_binary__n_p_ecg_p_04', 'cat_binary__n_p_ecg_p_05', 'cat_binary__n_p_ecg_p_06', 'cat_binary__n_p_ecg_p_07', 'cat_binary__n_p_ecg_p_08', 'cat_binary__n_p_ecg_p_09', 'cat_binary__n_p_ecg_p_10', 'cat_binary__n_p_ecg_p_11', 'cat_binary__n_p_ecg_p_12', 'cat_binary__fibr_ter_01', 'cat_binary__fibr_ter_02', 'cat_binary__fibr_ter_03', 'cat_binary__fibr_ter_05', 'cat_binary__fibr_ter_06', 'cat_binary__fibr_ter_07', 'cat_binary__fibr_ter_08', 'cat_binary__GIPO_K', 'cat_binary__GIPER_NA', 'cat_binary__NITR_S', 'cat_binary__LID_S_n', 'cat_binary__B_BLOK_S_n', 'cat_binary__ANT_CA_S_n', 'cat_binary__GEPAR_S_n', 'cat_binary__ASP_S_n', 'cat_binary__TIKL_S_n', 'cat_binary__TRENT_S_n']"
baseline__standard,7,9,StackingClassifier,generalization,9,128,4,16,0.8726114649681529,0.6923076923076923,0.36,0.47368421052631576,0.9696969696969697,0.030303030303030276,0.6648484848484848,0.5908391567007971,0.43774279162397595,0.4093303235515424,0.8557575757575757,0.5604597611240747,1.0445859872611465,0.1359570026397705,157,"['num_log1p_standard_scaler__L_BLOOD', 'num_log1p_standard_scaler__AST_BLOOD', 'num_log1p_standard_scaler__ROE', 'num_standard_scaler__AGE', 'num_standard_scaler__S_AD_ORIT', 'num_standard_scaler__D_AD_ORIT', 'num_standard_scaler__NA_BLOOD', 'cat_nominal__IBS_POST_0.0', 'cat_nominal__IBS_POST_1.0', 'cat_nominal__IBS_POST_2.0', 'cat_ordinal__INF_ANAM', 'cat_ordinal__STENOK_AN', 'cat_ordinal__FK_STENOK', 'cat_ordinal__GB', 'cat_ordinal__DLIT_AG', 'cat_ordinal__TIME_B_S', 'cat_ordinal__ant_im', 'cat_ordinal__inf_im', 'cat_ordinal__post_im', 'cat_partial_ordinal__HF_right_line', 'cat_binary__SEX', 'cat_binary__nr_01', 'cat_binary__nr_03', 'cat_binary__nr_07', 'cat_binary__np_01', 'cat_binary__np_04', 'cat_binary__np_07', 'cat_binary__np_08', 'cat_binary__np_10', 'cat_binary__endocr_01', 'cat_binary__endocr_02', 'cat_binary__zab_leg_01', 'cat_binary__zab_leg_02', 'cat_binary__zab_leg_04', 'cat_binary__zab_leg_06', 'cat_binary__O_L_POST', 'cat_binary__K_SH_POST', 'cat_binary__MP_TP_POST', 'cat_binary__SVT_POST', 'cat_binary__GT_POST', 'cat_binary__FIB_G_POST', 'cat_binary__IM_PG_P', 'cat_binary__ritm_ecg_p_01', 'cat_binary__ritm_ecg_p_02', 'cat_binary__ritm_ecg_p_04', 'cat_binary__ritm_ecg_p_06', 'cat_binary__ritm_ecg_p_07', 'cat_binary__ritm_ecg_p_08', 'cat_binary__n_r_ecg_p_01', 'cat_binary__n_r_ecg_p_02', 'cat_binary__n_r_ecg_p_03', 'cat_binary__n_r_ecg_p_04', 'cat_binary__n_r_ecg_p_05', 'cat_binary__n_r_ecg_p_06', 'cat_binary__n_r_ecg_p_08', 'cat_binary__n_r_ecg_p_09', 'cat_binary__n_r_ecg_p_10', 'cat_binary__n_p_ecg_p_01', 'cat_binary__n_p_ecg_p_03', 'cat_binary__n_p_ecg_p_04', 'cat_binary__n_p_ecg_p_05', 'cat_binary__n_p_ecg_p_06', 'cat_binary__n_p_ecg_p_07', 'cat_binary__n_p_ecg_p_08', 'cat_binary__n_p_ecg_p_09', 'cat_binary__n_p_ecg_p_10', 'cat_binary__n_p_ecg_p_11', 'cat_binary__n_p_ecg_p_12', 'cat_binary__fibr_ter_01', 'cat_binary__fibr_ter_02', 'cat_binary__fibr_ter_03', 'cat_binary__fibr_ter_05', 'cat_binary__fibr_ter_06', 'cat_binary__fibr_ter_07', 'cat_binary__fibr_ter_08', 'cat_binary__GIPO_K', 'cat_binary__GIPER_NA', 'cat_binary__NITR_S', 'cat_binary__LID_S_n', 'cat_binary__B_BLOK_S_n', 'cat_binary__ANT_CA_S_n', 'cat_binary__GEPAR_S_n', 'cat_binary__ASP_S_n', 'cat_binary__TIKL_S_n', 'cat_binary__TRENT_S_n']"
baseline__standard,7,10,StackingClassifier,generalization,14,131,1,11,0.9235668789808917,0.9333333333333333,0.56,0.7,0.9924242424242424,0.007575757575757569,0.7762121212121212,0.7454914994535993,0.687606378945042,0.6593128390596745,0.9215151515151516,0.7985425629335204,0.7070063694267515,0.07810521125793457,157,"['num_log1p_standard_scaler__L_BLOOD', 'num_log1p_standard_scaler__AST_BLOOD', 'num_log1p_standard_scaler__ROE', 'num_log1p_standard_scaler__K_BLOOD', 'num_standard_scaler__AGE', 'num_standard_scaler__S_AD_ORIT', 'num_standard_scaler__D_AD_ORIT', 'num_standard_scaler__NA_BLOOD', 'cat_nominal__IBS_POST_0.0', 'cat_nominal__IBS_POST_2.0', 'cat_ordinal__INF_ANAM', 'cat_ordinal__FK_STENOK', 'cat_ordinal__GB', 'cat_ordinal__TIME_B_S', 'cat_ordinal__ant_im', 'cat_ordinal__inf_im', 'cat_ordinal__post_im', 'cat_partial_ordinal__HF_right_line', 'cat_partial_ordinal__HF_left_line', 'cat_binary__SEX', 'cat_binary__nr_11', 'cat_binary__nr_02', 'cat_binary__nr_03', 'cat_binary__nr_04', 'cat_binary__nr_08', 'cat_binary__np_01', 'cat_binary__np_04', 'cat_binary__np_05', 'cat_binary__np_07', 'cat_binary__np_08', 'cat_binary__np_09', 'cat_binary__np_10', 'cat_binary__endocr_01', 'cat_binary__endocr_02', 'cat_binary__endocr_03', 'cat_binary__zab_leg_01', 'cat_binary__zab_leg_02', 'cat_binary__zab_leg_03', 'cat_binary__zab_leg_04', 'cat_binary__zab_leg_06', 'cat_binary__O_L_POST', 'cat_binary__K_SH_POST', 'cat_binary__MP_TP_POST', 'cat_binary__SVT_POST', 'cat_binary__GT_POST', 'cat_binary__FIB_G_POST', 'cat_binary__IM_PG_P', 'cat_binary__ritm_ecg_p_01', 'cat_binary__ritm_ecg_p_02', 'cat_binary__ritm_ecg_p_04', 'cat_binary__ritm_ecg_p_06', 'cat_binary__ritm_ecg_p_07', 'cat_binary__ritm_ecg_p_08', 'cat_binary__n_r_ecg_p_01', 'cat_binary__n_r_ecg_p_02', 'cat_binary__n_r_ecg_p_03', 'cat_binary__n_r_ecg_p_04', 'cat_binary__n_r_ecg_p_05', 'cat_binary__n_r_ecg_p_06', 'cat_binary__n_r_ecg_p_08', 'cat_binary__n_r_ecg_p_09', 'cat_binary__n_r_ecg_p_10', 'cat_binary__n_p_ecg_p_01', 'cat_binary__n_p_ecg_p_03', 'cat_binary__n_p_ecg_p_04', 'cat_binary__n_p_ecg_p_05', 'cat_binary__n_p_ecg_p_06', 'cat_binary__n_p_ecg_p_07', 'cat_binary__n_p_ecg_p_08', 'cat_binary__n_p_ecg_p_09', 'cat_binary__n_p_ecg_p_10', 'cat_binary__n_p_ecg_p_11', 'cat_binary__n_p_ecg_p_12', 'cat_binary__fibr_ter_01', 'cat_binary__fibr_ter_02', 'cat_binary__fibr_ter_03', 'cat_binary__fibr_ter_05', 'cat_binary__fibr_ter_06', 'cat_binary__fibr_ter_07', 'cat_binary__fibr_ter_08', 'cat_binary__GIPO_K', 'cat_binary__GIPER_NA', 'cat_binary__NITR_S', 'cat_binary__LID_S_n', 'cat_binary__B_BLOK_S_n', 'cat_binary__ANT_CA_S_n', 'cat_binary__GEPAR_S_n', 'cat_binary__ASP_S_n', 'cat_binary__TIKL_S_n', 'cat_binary__TRENT_S_n']"
baseline__standard,8,1,StackingClassifier,generalization,9,127,6,16,0.8607594936708861,0.6,0.36,0.45,0.9548872180451128,0.045112781954887216,0.6574436090225564,0.586309984987669,0.39204616378980145,0.37594254937163374,0.8676691729323309,0.6404613897867019,1.0506329113924051,0.13264870643615723,158,"['num_log1p_standard_scaler__L_BLOOD', 'num_log1p_standard_scaler__ROE', 'num_standard_scaler__AGE', 'num_standard_scaler__S_AD_ORIT', 'num_standard_scaler__D_AD_ORIT', 'num_standard_scaler__NA_BLOOD', 'cat_nominal__IBS_POST_0.0', 'cat_nominal__IBS_POST_1.0', 'cat_nominal__IBS_POST_2.0', 'cat_ordinal__INF_ANAM', 'cat_ordinal__STENOK_AN', 'cat_ordinal__GB', 'cat_ordinal__DLIT_AG', 'cat_ordinal__TIME_B_S', 'cat_ordinal__ant_im', 'cat_partial_ordinal__HF_right_line', 'cat_partial_ordinal__HF_left_line', 'cat_binary__SEX', 'cat_binary__SIM_GIPERT', 'cat_binary__nr_11', 'cat_binary__nr_01', 'cat_binary__nr_04', 'cat_binary__nr_07', 'cat_binary__np_05', 'cat_binary__np_07', 'cat_binary__np_09', 'cat_binary__np_10', 'cat_binary__endocr_01', 'cat_binary__endocr_02', 'cat_binary__endocr_03', 'cat_binary__zab_leg_01', 'cat_binary__zab_leg_02', 'cat_binary__zab_leg_03', 'cat_binary__zab_leg_04', 'cat_binary__zab_leg_06', 'cat_binary__O_L_POST', 'cat_binary__K_SH_POST', 'cat_binary__MP_TP_POST', 'cat_binary__SVT_POST', 'cat_binary__GT_POST', 'cat_binary__FIB_G_POST', 'cat_binary__IM_PG_P', 'cat_binary__ritm_ecg_p_01', 'cat_binary__ritm_ecg_p_02', 'cat_binary__ritm_ecg_p_04', 'cat_binary__ritm_ecg_p_06', 'cat_binary__ritm_ecg_p_07', 'cat_binary__ritm_ecg_p_08', 'cat_binary__n_r_ecg_p_01', 'cat_binary__n_r_ecg_p_02', 'cat_binary__n_r_ecg_p_03', 'cat_binary__n_r_ecg_p_04', 'cat_binary__n_r_ecg_p_05', 'cat_binary__n_r_ecg_p_06', 'cat_binary__n_r_ecg_p_08', 'cat_binary__n_r_ecg_p_09', 'cat_binary__n_r_ecg_p_10', 'cat_binary__n_p_ecg_p_01', 'cat_binary__n_p_ecg_p_03', 'cat_binary__n_p_ecg_p_04', 'cat_binary__n_p_ecg_p_05', 'cat_binary__n_p_ecg_p_06', 'cat_binary__n_p_ecg_p_07', 'cat_binary__n_p_ecg_p_08', 'cat_binary__n_p_ecg_p_09', 'cat_binary__n_p_ecg_p_10', 'cat_binary__n_p_ecg_p_11', 'cat_binary__n_p_ecg_p_12', 'cat_binary__fibr_ter_01', 'cat_binary__fibr_ter_02', 'cat_binary__fibr_ter_03', 'cat_binary__fibr_ter_05', 'cat_binary__fibr_ter_06', 'cat_binary__fibr_ter_07', 'cat_binary__fibr_ter_08', 'cat_binary__GIPO_K', 'cat_binary__GIPER_NA', 'cat_binary__NITR_S', 'cat_binary__LID_S_n', 'cat_binary__B_BLOK_S_n', 'cat_binary__ANT_CA_S_n', 'cat_binary__GEPAR_S_n', 'cat_binary__ASP_S_n', 'cat_binary__TIKL_S_n', 'cat_binary__TRENT_S_n']"
baseline__standard,8,2,StackingClassifier,generalization,8,128,4,18,0.8607594936708861,0.6666666666666666,0.3076923076923077,0.42105263157894735,0.9696969696969697,0.030303030303030276,0.6386946386946387,0.5462309935991351,0.388236405933151,0.3539033457249071,0.9076340326340326,0.622857108683415,1.1645569620253164,0.17542457580566406,158,"['num_log1p_standard_scaler__L_BLOOD', 'num_log1p_standard_scaler__K_BLOOD', 'num_standard_scaler__AGE', 'num_standard_scaler__S_AD_ORIT', 'num_standard_scaler__D_AD_ORIT', 'num_standard_scaler__NA_BLOOD', 'cat_nominal__IBS_POST_0.0', 'cat_nominal__IBS_POST_1.0', 'cat_nominal__IBS_POST_2.0', 'cat_ordinal__INF_ANAM', 'cat_ordinal__STENOK_AN', 'cat_ordinal__FK_STENOK', 'cat_ordinal__GB', 'cat_ordinal__TIME_B_S', 'cat_ordinal__ant_im', 'cat_ordinal__lat_im', 'cat_ordinal__inf_im', 'cat_partial_ordinal__HF_right_line', 'cat_partial_ordinal__HF_left_line', 'cat_binary__nr_11', 'cat_binary__nr_02', 'cat_binary__nr_04', 'cat_binary__nr_07', 'cat_binary__nr_08', 'cat_binary__np_01', 'cat_binary__np_07', 'cat_binary__endocr_01', 'cat_binary__endocr_02', 'cat_binary__zab_leg_03', 'cat_binary__zab_leg_04', 'cat_binary__O_L_POST', 'cat_binary__K_SH_POST', 'cat_binary__GT_POST', 'cat_binary__ritm_ecg_p_01', 'cat_binary__ritm_ecg_p_02', 'cat_binary__ritm_ecg_p_04', 'cat_binary__ritm_ecg_p_07', 'cat_binary__n_r_ecg_p_03', 'cat_binary__n_r_ecg_p_04', 'cat_binary__n_r_ecg_p_08', 'cat_binary__n_r_ecg_p_10', 'cat_binary__n_p_ecg_p_01', 'cat_binary__n_p_ecg_p_03', 'cat_binary__n_p_ecg_p_04', 'cat_binary__n_p_ecg_p_05', 'cat_binary__n_p_ecg_p_06', 'cat_binary__n_p_ecg_p_11', 'cat_binary__n_p_ecg_p_12', 'cat_binary__fibr_ter_01', 'cat_binary__fibr_ter_02', 'cat_binary__fibr_ter_03', 'cat_binary__fibr_ter_05', 'cat_binary__fibr_ter_06', 'cat_binary__fibr_ter_07', 'cat_binary__fibr_ter_08', 'cat_binary__GIPO_K', 'cat_binary__GIPER_NA', 'cat_binary__NITR_S', 'cat_binary__LID_S_n', 'cat_binary__B_BLOK_S_n', 'cat_binary__ANT_CA_S_n', 'cat_binary__GEPAR_S_n', 'cat_binary__ASP_S_n', 'cat_binary__TIKL_S_n', 'cat_binary__TRENT_S_n']"
baseline__standard,8,3,StackingClassifier,generalization,10,124,8,15,0.8535031847133758,0.5555555555555556,0.4,0.46511627906976744,0.9393939393939394,0.06060606060606055,0.6696969696969697,0.6129906816237713,0.3897780692828289,0.382840540078619,0.823030303030303,0.5656823563174752,1.0063694267515924,0.17866253852844238,157,"['num_log1p_standard_scaler__L_BLOOD', 'num_log1p_standard_scaler__AST_BLOOD', 'num_log1p_standard_scaler__K_BLOOD', 'num_standard_scaler__AGE', 'num_standard_scaler__S_AD_ORIT', 'num_standard_scaler__D_AD_ORIT', 'num_standard_scaler__NA_BLOOD', 'cat_nominal__IBS_POST_0.0', 'cat_nominal__IBS_POST_1.0', 'cat_nominal__IBS_POST_2.0', 'cat_ordinal__INF_ANAM', 'cat_ordinal__STENOK_AN', 'cat_ordinal__FK_STENOK', 'cat_ordinal__GB', 'cat_ordinal__DLIT_AG', 'cat_ordinal__TIME_B_S', 'cat_ordinal__ant_im', 'cat_ordinal__inf_im', 'cat_ordinal__post_im', 'cat_partial_ordinal__HF_left_line', 'cat_binary__SEX', 'cat_binary__nr_11', 'cat_binary__nr_04', 'cat_binary__np_01', 'cat_binary__np_05', 'cat_binary__np_08', 'cat_binary__np_09', 'cat_binary__np_10', 'cat_binary__endocr_02', 'cat_binary__endocr_03', 'cat_binary__zab_leg_01', 'cat_binary__zab_leg_02', 'cat_binary__zab_leg_03', 'cat_binary__zab_leg_04', 'cat_binary__O_L_POST', 'cat_binary__K_SH_POST', 'cat_binary__MP_TP_POST', 'cat_binary__FIB_G_POST', 'cat_binary__IM_PG_P', 'cat_binary__ritm_ecg_p_01', 'cat_binary__ritm_ecg_p_04', 'cat_binary__ritm_ecg_p_08', 'cat_binary__n_r_ecg_p_04', 'cat_binary__n_r_ecg_p_06', 'cat_binary__n_r_ecg_p_09', 'cat_binary__n_r_ecg_p_10', 'cat_binary__n_p_ecg_p_01', 'cat_binary__n_p_ecg_p_03', 'cat_binary__n_p_ecg_p_04', 'cat_binary__n_p_ecg_p_06', 'cat_binary__n_p_ecg_p_09', 'cat_binary__fibr_ter_01', 'cat_binary__fibr_ter_02', 'cat_binary__fibr_ter_03', 'cat_binary__fibr_ter_05', 'cat_binary__fibr_ter_07', 'cat_binary__fibr_ter_08', 'cat_binary__GIPO_K', 'cat_binary__NITR_S', 'cat_binary__LID_S_n', 'cat_binary__B_BLOK_S_n', 'cat_binary__ANT_CA_S_n', 'cat_binary__ASP_S_n', 'cat_binary__TIKL_S_n', 'cat_binary__TRENT_S_n']"
baseline__standard,8,4,StackingClassifier,generalization,11,125,7,14,0.8662420382165605,0.6111111111111112,0.44,0.5116279069767442,0.946969696969697,0.05303030303030298,0.6934848484848485,0.6454972243679028,0.4444166022090826,0.43650658007178256,0.8742424242424243,0.6225353135294664,0.9363057324840764,0.07115721702575684,157,"['num_log1p_standard_scaler__L_BLOOD', 'num_log1p_standard_scaler__ALT_BLOOD', 'num_log1p_standard_scaler__ROE', 'num_log1p_standard_scaler__K_BLOOD', 'num_standard_scaler__AGE', 'num_standard_scaler__S_AD_ORIT', 'num_standard_scaler__D_AD_ORIT', 'num_standard_scaler__NA_BLOOD', 'cat_nominal__IBS_POST_0.0', 'cat_nominal__IBS_POST_1.0', 'cat_nominal__IBS_POST_2.0', 'cat_ordinal__INF_ANAM', 'cat_ordinal__STENOK_AN', 'cat_ordinal__FK_STENOK', 'cat_ordinal__GB', 'cat_ordinal__DLIT_AG', 'cat_ordinal__TIME_B_S', 'cat_ordinal__lat_im', 'cat_ordinal__inf_im', 'cat_ordinal__post_im', 'cat_partial_ordinal__HF_right_line', 'cat_partial_ordinal__HF_left_line', 'cat_binary__SEX', 'cat_binary__SIM_GIPERT', 'cat_binary__nr_11', 'cat_binary__nr_04', 'cat_binary__nr_07', 'cat_binary__nr_08', 'cat_binary__np_01', 'cat_binary__np_04', 'cat_binary__np_05', 'cat_binary__np_08', 'cat_binary__np_10', 'cat_binary__endocr_01', 'cat_binary__zab_leg_01', 'cat_binary__zab_leg_02', 'cat_binary__zab_leg_03', 'cat_binary__zab_leg_04', 'cat_binary__O_L_POST', 'cat_binary__K_SH_POST', 'cat_binary__SVT_POST', 'cat_binary__IM_PG_P', 'cat_binary__ritm_ecg_p_01', 'cat_binary__ritm_ecg_p_02', 'cat_binary__ritm_ecg_p_04', 'cat_binary__ritm_ecg_p_06', 'cat_binary__ritm_ecg_p_07', 'cat_binary__ritm_ecg_p_08', 'cat_binary__n_r_ecg_p_04', 'cat_binary__n_r_ecg_p_05', 'cat_binary__n_r_ecg_p_06', 'cat_binary__n_r_ecg_p_08', 'cat_binary__n_p_ecg_p_03', 'cat_binary__n_p_ecg_p_08', 'cat_binary__n_p_ecg_p_09', 'cat_binary__n_p_ecg_p_10', 'cat_binary__n_p_ecg_p_11', 'cat_binary__n_p_ecg_p_12', 'cat_binary__fibr_ter_01', 'cat_binary__fibr_ter_02', 'cat_binary__fibr_ter_03', 'cat_binary__fibr_ter_05', 'cat_binary__fibr_ter_06', 'cat_binary__fibr_ter_07', 'cat_binary__fibr_ter_08', 'cat_binary__GIPO_K', 'cat_binary__GIPER_NA', 'cat_binary__NITR_S', 'cat_binary__LID_S_n', 'cat_binary__B_BLOK_S_n', 'cat_binary__ANT_CA_S_n', 'cat_binary__GEPAR_S_n', 'cat_binary__ASP_S_n', 'cat_binary__TIKL_S_n', 'cat_binary__TRENT_S_n']"
baseline__standard,8,5,StackingClassifier,generalization,8,130,2,17,0.8789808917197452,0.8,0.32,0.45714285714285713,0.9848484848484849,0.015151515151515138,0.6524242424242425,0.5613835722137897,0.45675398322907895,0.4028028028028028,0.8096969696969697,0.5758193223822615,1.0955414012738853,0.08097648620605469,157,"['num_log1p_standard_scaler__L_BLOOD', 'num_log1p_standard_scaler__AST_BLOOD', 'num_log1p_standard_scaler__ROE', 'num_log1p_standard_scaler__K_BLOOD', 'num_standard_scaler__AGE', 'num_standard_scaler__S_AD_ORIT', 'num_standard_scaler__D_AD_ORIT', 'num_standard_scaler__NA_BLOOD', 'cat_nominal__IBS_POST_0.0', 'cat_nominal__IBS_POST_2.0', 'cat_ordinal__INF_ANAM', 'cat_ordinal__STENOK_AN', 'cat_ordinal__FK_STENOK', 'cat_ordinal__GB', 'cat_ordinal__DLIT_AG', 'cat_ordinal__TIME_B_S', 'cat_ordinal__ant_im', 'cat_ordinal__lat_im', 'cat_ordinal__inf_im', 'cat_partial_ordinal__HF_right_line', 'cat_partial_ordinal__HF_left_line', 'cat_binary__SEX', 'cat_binary__nr_11', 'cat_binary__nr_01', 'cat_binary__nr_02', 'cat_binary__nr_04', 'cat_binary__np_01', 'cat_binary__np_04', 'cat_binary__np_05', 'cat_binary__np_09', 'cat_binary__np_10', 'cat_binary__zab_leg_02', 'cat_binary__zab_leg_03', 'cat_binary__O_L_POST', 'cat_binary__K_SH_POST', 'cat_binary__MP_TP_POST', 'cat_binary__IM_PG_P', 'cat_binary__ritm_ecg_p_01', 'cat_binary__ritm_ecg_p_02', 'cat_binary__ritm_ecg_p_04', 'cat_binary__ritm_ecg_p_06', 'cat_binary__ritm_ecg_p_08', 'cat_binary__n_r_ecg_p_01', 'cat_binary__n_r_ecg_p_04', 'cat_binary__n_r_ecg_p_05', 'cat_binary__n_r_ecg_p_08', 'cat_binary__n_r_ecg_p_09', 'cat_binary__n_r_ecg_p_10', 'cat_binary__n_p_ecg_p_04', 'cat_binary__n_p_ecg_p_06', 'cat_binary__n_p_ecg_p_07', 'cat_binary__n_p_ecg_p_10', 'cat_binary__n_p_ecg_p_12', 'cat_binary__fibr_ter_01', 'cat_binary__fibr_ter_02', 'cat_binary__fibr_ter_05', 'cat_binary__fibr_ter_07', 'cat_binary__fibr_ter_08', 'cat_binary__NITR_S', 'cat_binary__B_BLOK_S_n', 'cat_binary__ANT_CA_S_n', 'cat_binary__GEPAR_S_n', 'cat_binary__ASP_S_n', 'cat_binary__TIKL_S_n', 'cat_binary__TRENT_S_n']"
baseline__standard,8,6,StackingClassifier,generalization,10,130,2,15,0.89171974522293,0.8333333333333334,0.4,0.5405405405405406,0.9848484848484849,0.015151515151515138,0.6924242424242424,0.6276459144608478,0.5299954325099089,0.48761758494912655,0.8812121212121212,0.6922814074287266,0.9681528662420382,0.11897683143615723,157,"['num_log1p_standard_scaler__L_BLOOD', 'num_log1p_standard_scaler__ALT_BLOOD', 'num_log1p_standard_scaler__AST_BLOOD', 'num_log1p_standard_scaler__ROE', 'num_log1p_standard_scaler__K_BLOOD', 'num_standard_scaler__AGE', 'num_standard_scaler__S_AD_ORIT', 'num_standard_scaler__D_AD_ORIT', 'num_standard_scaler__NA_BLOOD', 'cat_nominal__IBS_POST_0.0', 'cat_nominal__IBS_POST_1.0', 'cat_nominal__IBS_POST_2.0', 'cat_ordinal__INF_ANAM', 'cat_ordinal__STENOK_AN', 'cat_ordinal__FK_STENOK', 'cat_ordinal__GB', 'cat_ordinal__DLIT_AG', 'cat_ordinal__TIME_B_S', 'cat_ordinal__ant_im', 'cat_ordinal__lat_im', 'cat_ordinal__inf_im', 'cat_ordinal__post_im', 'cat_partial_ordinal__HF_right_line', 'cat_partial_ordinal__HF_left_line', 'cat_binary__SEX', 'cat_binary__SIM_GIPERT', 'cat_binary__nr_11', 'cat_binary__nr_01', 'cat_binary__nr_02', 'cat_binary__nr_03', 'cat_binary__nr_04', 'cat_binary__nr_07', 'cat_binary__nr_08', 'cat_binary__np_01', 'cat_binary__np_04', 'cat_binary__np_05', 'cat_binary__np_07', 'cat_binary__np_08', 'cat_binary__np_09', 'cat_binary__np_10', 'cat_binary__endocr_01', 'cat_binary__endocr_02', 'cat_binary__endocr_03', 'cat_binary__zab_leg_01', 'cat_binary__zab_leg_02', 'cat_binary__zab_leg_03', 'cat_binary__zab_leg_04', 'cat_binary__zab_leg_06', 'cat_binary__O_L_POST', 'cat_binary__K_SH_POST', 'cat_binary__MP_TP_POST', 'cat_binary__SVT_POST', 'cat_binary__GT_POST', 'cat_binary__FIB_G_POST', 'cat_binary__IM_PG_P', 'cat_binary__ritm_ecg_p_01', 'cat_binary__ritm_ecg_p_02', 'cat_binary__ritm_ecg_p_04', 'cat_binary__ritm_ecg_p_06', 'cat_binary__ritm_ecg_p_07', 'cat_binary__ritm_ecg_p_08', 'cat_binary__n_r_ecg_p_01', 'cat_binary__n_r_ecg_p_02', 'cat_binary__n_r_ecg_p_03', 'cat_binary__n_r_ecg_p_04', 'cat_binary__n_r_ecg_p_05', 'cat_binary__n_r_ecg_p_06', 'cat_binary__n_r_ecg_p_08', 'cat_binary__n_r_ecg_p_09', 'cat_binary__n_r_ecg_p_10', 'cat_binary__n_p_ecg_p_01', 'cat_binary__n_p_ecg_p_03', 'cat_binary__n_p_ecg_p_04', 'cat_binary__n_p_ecg_p_05', 'cat_binary__n_p_ecg_p_06', 'cat_binary__n_p_ecg_p_07', 'cat_binary__n_p_ecg_p_08', 'cat_binary__n_p_ecg_p_09', 'cat_binary__n_p_ecg_p_10', 'cat_binary__n_p_ecg_p_11', 'cat_binary__n_p_ecg_p_12', 'cat_binary__fibr_ter_01', 'cat_binary__fibr_ter_02', 'cat_binary__fibr_ter_03', 'cat_binary__fibr_ter_05', 'cat_binary__fibr_ter_06', 'cat_binary__fibr_ter_07', 'cat_binary__fibr_ter_08', 'cat_binary__GIPO_K', 'cat_binary__GIPER_NA', 'cat_binary__NITR_S', 'cat_binary__LID_S_n', 'cat_binary__B_BLOK_S_n', 'cat_binary__ANT_CA_S_n', 'cat_binary__GEPAR_S_n', 'cat_binary__ASP_S_n', 'cat_binary__TIKL_S_n', 'cat_binary__TRENT_S_n']"
baseline__standard,8,7,StackingClassifier,generalization,9,129,3,16,0.8789808917197452,0.75,0.36,0.4864864864864865,0.9772727272727273,0.022727272727272707,0.6686363636363637,0.5931426319344967,0.46447631211301466,0.42733730082549437,0.8451515151515151,0.6445203889679936,1.0382165605095541,0.15858769416809082,157,"['num_log1p_standard_scaler__L_BLOOD', 'num_log1p_standard_scaler__K_BLOOD', 'num_standard_scaler__AGE', 'num_standard_scaler__S_AD_ORIT', 'num_standard_scaler__D_AD_ORIT', 'num_standard_scaler__NA_BLOOD', 'cat_nominal__IBS_POST_1.0', 'cat_nominal__IBS_POST_2.0', 'cat_ordinal__GB', 'cat_ordinal__DLIT_AG', 'cat_ordinal__TIME_B_S', 'cat_ordinal__ant_im', 'cat_ordinal__lat_im', 'cat_ordinal__inf_im', 'cat_partial_ordinal__HF_right_line', 'cat_partial_ordinal__HF_left_line', 'cat_binary__SEX', 'cat_binary__SIM_GIPERT', 'cat_binary__nr_11', 'cat_binary__nr_01', 'cat_binary__nr_02', 'cat_binary__nr_03', 'cat_binary__nr_04', 'cat_binary__nr_07', 'cat_binary__nr_08', 'cat_binary__np_01', 'cat_binary__np_04', 'cat_binary__np_07', 'cat_binary__np_10', 'cat_binary__endocr_01', 'cat_binary__endocr_02', 'cat_binary__zab_leg_01', 'cat_binary__zab_leg_02', 'cat_binary__zab_leg_06', 'cat_binary__O_L_POST', 'cat_binary__K_SH_POST', 'cat_binary__MP_TP_POST', 'cat_binary__SVT_POST', 'cat_binary__FIB_G_POST', 'cat_binary__IM_PG_P', 'cat_binary__ritm_ecg_p_01', 'cat_binary__ritm_ecg_p_02', 'cat_binary__ritm_ecg_p_04', 'cat_binary__ritm_ecg_p_06', 'cat_binary__ritm_ecg_p_07', 'cat_binary__ritm_ecg_p_08', 'cat_binary__n_r_ecg_p_01', 'cat_binary__n_r_ecg_p_03', 'cat_binary__n_r_ecg_p_04', 'cat_binary__n_r_ecg_p_05', 'cat_binary__n_r_ecg_p_06', 'cat_binary__n_r_ecg_p_10', 'cat_binary__n_p_ecg_p_03', 'cat_binary__n_p_ecg_p_04', 'cat_binary__n_p_ecg_p_06', 'cat_binary__n_p_ecg_p_08', 'cat_binary__n_p_ecg_p_09', 'cat_binary__n_p_ecg_p_11', 'cat_binary__fibr_ter_06', 'cat_binary__fibr_ter_07', 'cat_binary__NITR_S', 'cat_binary__LID_S_n', 'cat_binary__ANT_CA_S_n', 'cat_binary__ASP_S_n', 'cat_binary__TRENT_S_n']"
baseline__standard,8,8,StackingClassifier,generalization,7,129,3,18,0.8662420382165605,0.7,0.28,0.4,0.9772727272727273,0.022727272727272707,0.6286363636363637,0.5231026320296656,0.3854713039378609,0.33993993993994,0.8766666666666666,0.6482375852947891,1.1656050955414012,0.13727283477783203,157,"['num_log1p_standard_scaler__L_BLOOD', 'num_log1p_standard_scaler__AST_BLOOD', 'num_log1p_standard_scaler__ROE', 'num_log1p_standard_scaler__K_BLOOD', 'num_standard_scaler__AGE', 'num_standard_scaler__S_AD_ORIT', 'num_standard_scaler__D_AD_ORIT', 'num_standard_scaler__NA_BLOOD', 'cat_nominal__IBS_POST_1.0', 'cat_nominal__IBS_POST_2.0', 'cat_ordinal__INF_ANAM', 'cat_ordinal__STENOK_AN', 'cat_ordinal__FK_STENOK', 'cat_ordinal__GB', 'cat_ordinal__DLIT_AG', 'cat_ordinal__TIME_B_S', 'cat_ordinal__ant_im', 'cat_ordinal__lat_im', 'cat_ordinal__inf_im', 'cat_partial_ordinal__HF_right_line', 'cat_partial_ordinal__HF_left_line', 'cat_binary__SEX', 'cat_binary__nr_11', 'cat_binary__nr_02', 'cat_binary__nr_03', 'cat_binary__nr_08', 'cat_binary__np_01', 'cat_binary__np_05', 'cat_binary__np_07', 'cat_binary__np_08', 'cat_binary__np_09', 'cat_binary__endocr_02', 'cat_binary__endocr_03', 'cat_binary__zab_leg_01', 'cat_binary__zab_leg_02', 'cat_binary__zab_leg_03', 'cat_binary__zab_leg_04', 'cat_binary__zab_leg_06', 'cat_binary__O_L_POST', 'cat_binary__K_SH_POST', 'cat_binary__SVT_POST', 'cat_binary__ritm_ecg_p_01', 'cat_binary__ritm_ecg_p_02', 'cat_binary__ritm_ecg_p_07', 'cat_binary__n_r_ecg_p_01', 'cat_binary__n_r_ecg_p_02', 'cat_binary__n_r_ecg_p_05', 'cat_binary__n_r_ecg_p_06', 'cat_binary__n_r_ecg_p_09', 'cat_binary__n_r_ecg_p_10', 'cat_binary__n_p_ecg_p_03', 'cat_binary__n_p_ecg_p_04', 'cat_binary__n_p_ecg_p_05', 'cat_binary__n_p_ecg_p_08', 'cat_binary__n_p_ecg_p_09', 'cat_binary__n_p_ecg_p_10', 'cat_binary__n_p_ecg_p_11', 'cat_binary__n_p_ecg_p_12', 'cat_binary__fibr_ter_01', 'cat_binary__fibr_ter_03', 'cat_binary__fibr_ter_05', 'cat_binary__fibr_ter_06', 'cat_binary__fibr_ter_07', 'cat_binary__fibr_ter_08', 'cat_binary__GIPO_K', 'cat_binary__GIPER_NA', 'cat_binary__NITR_S', 'cat_binary__ANT_CA_S_n', 'cat_binary__GEPAR_S_n', 'cat_binary__ASP_S_n']"
baseline__standard,8,9,StackingClassifier,generalization,13,126,6,12,0.8853503184713376,0.6842105263157895,0.52,0.5909090909090909,0.9545454545454546,0.045454545454545414,0.7372727272727273,0.7045307916362751,0.5323759696689208,0.525679758308157,0.9012121212121211,0.6934148506121953,0.802547770700637,0.10732674598693848,157,"['num_log1p_standard_scaler__L_BLOOD', 'num_log1p_standard_scaler__ALT_BLOOD', 'num_log1p_standard_scaler__AST_BLOOD', 'num_log1p_standard_scaler__ROE', 'num_log1p_standard_scaler__K_BLOOD', 'num_standard_scaler__AGE', 'num_standard_scaler__S_AD_ORIT', 'num_standard_scaler__D_AD_ORIT', 'num_standard_scaler__NA_BLOOD', 'cat_nominal__IBS_POST_0.0', 'cat_nominal__IBS_POST_1.0', 'cat_nominal__IBS_POST_2.0', 'cat_ordinal__INF_ANAM', 'cat_ordinal__STENOK_AN', 'cat_ordinal__FK_STENOK', 'cat_ordinal__GB', 'cat_ordinal__DLIT_AG', 'cat_ordinal__TIME_B_S', 'cat_ordinal__ant_im', 'cat_ordinal__lat_im', 'cat_ordinal__inf_im', 'cat_ordinal__post_im', 'cat_partial_ordinal__HF_right_line', 'cat_partial_ordinal__HF_left_line', 'cat_binary__SEX', 'cat_binary__SIM_GIPERT', 'cat_binary__nr_11', 'cat_binary__nr_01', 'cat_binary__nr_02', 'cat_binary__nr_03', 'cat_binary__nr_04', 'cat_binary__nr_07', 'cat_binary__nr_08', 'cat_binary__np_01', 'cat_binary__np_04', 'cat_binary__np_05', 'cat_binary__np_07', 'cat_binary__np_08', 'cat_binary__np_09', 'cat_binary__np_10', 'cat_binary__endocr_01', 'cat_binary__endocr_02', 'cat_binary__endocr_03', 'cat_binary__zab_leg_01', 'cat_binary__zab_leg_02', 'cat_binary__zab_leg_03', 'cat_binary__zab_leg_04', 'cat_binary__zab_leg_06', 'cat_binary__O_L_POST', 'cat_binary__K_SH_POST', 'cat_binary__MP_TP_POST', 'cat_binary__SVT_POST', 'cat_binary__GT_POST', 'cat_binary__FIB_G_POST', 'cat_binary__IM_PG_P', 'cat_binary__ritm_ecg_p_01', 'cat_binary__ritm_ecg_p_02', 'cat_binary__ritm_ecg_p_04', 'cat_binary__ritm_ecg_p_06', 'cat_binary__ritm_ecg_p_07', 'cat_binary__ritm_ecg_p_08', 'cat_binary__n_r_ecg_p_01', 'cat_binary__n_r_ecg_p_02', 'cat_binary__n_r_ecg_p_03', 'cat_binary__n_r_ecg_p_04', 'cat_binary__n_r_ecg_p_05', 'cat_binary__n_r_ecg_p_06', 'cat_binary__n_r_ecg_p_08', 'cat_binary__n_r_ecg_p_09', 'cat_binary__n_r_ecg_p_10', 'cat_binary__n_p_ecg_p_01', 'cat_binary__n_p_ecg_p_03', 'cat_binary__n_p_ecg_p_04', 'cat_binary__n_p_ecg_p_05', 'cat_binary__n_p_ecg_p_06', 'cat_binary__n_p_ecg_p_07', 'cat_binary__n_p_ecg_p_08', 'cat_binary__n_p_ecg_p_09', 'cat_binary__n_p_ecg_p_10', 'cat_binary__n_p_ecg_p_11', 'cat_binary__n_p_ecg_p_12', 'cat_binary__fibr_ter_01', 'cat_binary__fibr_ter_02', 'cat_binary__fibr_ter_03', 'cat_binary__fibr_ter_05', 'cat_binary__fibr_ter_06', 'cat_binary__fibr_ter_07', 'cat_binary__fibr_ter_08', 'cat_binary__GIPO_K', 'cat_binary__GIPER_NA', 'cat_binary__NITR_S', 'cat_binary__LID_S_n', 'cat_binary__B_BLOK_S_n', 'cat_binary__ANT_CA_S_n', 'cat_binary__GEPAR_S_n', 'cat_binary__ASP_S_n', 'cat_binary__TIKL_S_n', 'cat_binary__TRENT_S_n']"
baseline__standard,8,10,StackingClassifier,generalization,9,128,4,16,0.8726114649681529,0.6923076923076923,0.36,0.47368421052631576,0.9696969696969697,0.030303030303030276,0.6648484848484848,0.5908391567007971,0.43774279162397595,0.4093303235515424,0.8545454545454545,0.627073029825392,1.0445859872611465,0.11861753463745117,157,"['num_log1p_standard_scaler__L_BLOOD', 'num_log1p_standard_scaler__AST_BLOOD', 'num_log1p_standard_scaler__ROE', 'num_standard_scaler__AGE', 'num_standard_scaler__S_AD_ORIT', 'num_standard_scaler__D_AD_ORIT', 'num_standard_scaler__NA_BLOOD', 'cat_nominal__IBS_POST_0.0', 'cat_ordinal__INF_ANAM', 'cat_ordinal__STENOK_AN', 'cat_ordinal__FK_STENOK', 'cat_ordinal__DLIT_AG', 'cat_ordinal__TIME_B_S', 'cat_ordinal__ant_im', 'cat_ordinal__inf_im', 'cat_partial_ordinal__HF_right_line', 'cat_binary__SEX', 'cat_binary__SIM_GIPERT', 'cat_binary__nr_11', 'cat_binary__nr_03', 'cat_binary__nr_04', 'cat_binary__nr_07', 'cat_binary__nr_08', 'cat_binary__np_07', 'cat_binary__endocr_01', 'cat_binary__endocr_02', 'cat_binary__zab_leg_01', 'cat_binary__zab_leg_02', 'cat_binary__zab_leg_03', 'cat_binary__zab_leg_04', 'cat_binary__zab_leg_06', 'cat_binary__O_L_POST', 'cat_binary__K_SH_POST', 'cat_binary__MP_TP_POST', 'cat_binary__FIB_G_POST', 'cat_binary__IM_PG_P', 'cat_binary__ritm_ecg_p_01', 'cat_binary__ritm_ecg_p_02', 'cat_binary__ritm_ecg_p_04', 'cat_binary__ritm_ecg_p_07', 'cat_binary__n_r_ecg_p_02', 'cat_binary__n_r_ecg_p_06', 'cat_binary__n_p_ecg_p_01', 'cat_binary__n_p_ecg_p_04', 'cat_binary__n_p_ecg_p_05', 'cat_binary__n_p_ecg_p_06', 'cat_binary__n_p_ecg_p_07', 'cat_binary__n_p_ecg_p_09', 'cat_binary__n_p_ecg_p_10', 'cat_binary__n_p_ecg_p_11', 'cat_binary__n_p_ecg_p_12', 'cat_binary__fibr_ter_03', 'cat_binary__fibr_ter_05', 'cat_binary__GIPO_K', 'cat_binary__GIPER_NA', 'cat_binary__NITR_S', 'cat_binary__LID_S_n', 'cat_binary__ANT_CA_S_n', 'cat_binary__GEPAR_S_n', 'cat_binary__ASP_S_n']"
baseline__standard,9,1,StackingClassifier,generalization,11,132,1,14,0.9050632911392406,0.9166666666666666,0.44,0.5945945945945946,0.9924812030075187,0.007518796992481258,0.7162406015037593,0.6608265501047217,0.5957938422546006,0.5482272207396112,0.912781954887218,0.7602382826950334,0.8924050632911392,0.1702408790588379,158,"['num_log1p_standard_scaler__L_BLOOD', 'num_log1p_standard_scaler__AST_BLOOD', 'num_log1p_standard_scaler__K_BLOOD', 'num_standard_scaler__AGE', 'num_standard_scaler__S_AD_ORIT', 'num_standard_scaler__D_AD_ORIT', 'num_standard_scaler__NA_BLOOD', 'cat_nominal__IBS_POST_0.0', 'cat_nominal__IBS_POST_1.0', 'cat_ordinal__INF_ANAM', 'cat_ordinal__FK_STENOK', 'cat_ordinal__GB', 'cat_ordinal__DLIT_AG', 'cat_ordinal__ant_im', 'cat_ordinal__lat_im', 'cat_ordinal__inf_im', 'cat_partial_ordinal__HF_right_line', 'cat_partial_ordinal__HF_left_line', 'cat_binary__nr_11', 'cat_binary__nr_01', 'cat_binary__nr_07', 'cat_binary__np_01', 'cat_binary__np_07', 'cat_binary__np_10', 'cat_binary__endocr_01', 'cat_binary__endocr_02', 'cat_binary__endocr_03', 'cat_binary__zab_leg_02', 'cat_binary__zab_leg_03', 'cat_binary__zab_leg_04', 'cat_binary__O_L_POST', 'cat_binary__K_SH_POST', 'cat_binary__MP_TP_POST', 'cat_binary__GT_POST', 'cat_binary__ritm_ecg_p_01', 'cat_binary__ritm_ecg_p_02', 'cat_binary__ritm_ecg_p_04', 'cat_binary__ritm_ecg_p_08', 'cat_binary__n_r_ecg_p_01', 'cat_binary__n_r_ecg_p_02', 'cat_binary__n_r_ecg_p_03', 'cat_binary__n_r_ecg_p_04', 'cat_binary__n_r_ecg_p_05', 'cat_binary__n_r_ecg_p_06', 'cat_binary__n_r_ecg_p_08', 'cat_binary__n_r_ecg_p_09', 'cat_binary__n_r_ecg_p_10', 'cat_binary__n_p_ecg_p_01', 'cat_binary__n_p_ecg_p_03', 'cat_binary__n_p_ecg_p_04', 'cat_binary__n_p_ecg_p_05', 'cat_binary__n_p_ecg_p_06', 'cat_binary__n_p_ecg_p_07', 'cat_binary__n_p_ecg_p_08', 'cat_binary__n_p_ecg_p_09', 'cat_binary__n_p_ecg_p_10', 'cat_binary__n_p_ecg_p_11', 'cat_binary__n_p_ecg_p_12', 'cat_binary__fibr_ter_01', 'cat_binary__fibr_ter_02', 'cat_binary__fibr_ter_03', 'cat_binary__fibr_ter_05', 'cat_binary__fibr_ter_06', 'cat_binary__fibr_ter_07', 'cat_binary__fibr_ter_08', 'cat_binary__GIPO_K', 'cat_binary__GIPER_NA', 'cat_binary__NITR_S', 'cat_binary__LID_S_n', 'cat_binary__B_BLOK_S_n', 'cat_binary__ANT_CA_S_n', 'cat_binary__GEPAR_S_n', 'cat_binary__ASP_S_n', 'cat_binary__TIKL_S_n', 'cat_binary__TRENT_S_n']"
baseline__standard,9,2,StackingClassifier,generalization,9,125,7,17,0.8481012658227848,0.5625,0.34615384615384615,0.42857142857142855,0.946969696969697,0.05303030303030298,0.6465617715617715,0.5725357655179306,0.360263428402489,0.346657477601654,0.7674825174825174,0.5002398104233428,1.120253164556962,0.1284482479095459,158,"['num_log1p_standard_scaler__L_BLOOD', 'num_log1p_standard_scaler__AST_BLOOD', 'num_log1p_standard_scaler__ROE', 'num_log1p_standard_scaler__K_BLOOD', 'num_standard_scaler__AGE', 'num_standard_scaler__S_AD_ORIT', 'num_standard_scaler__D_AD_ORIT', 'num_standard_scaler__NA_BLOOD', 'cat_nominal__IBS_POST_0.0', 'cat_nominal__IBS_POST_1.0', 'cat_ordinal__INF_ANAM', 'cat_ordinal__FK_STENOK', 'cat_ordinal__GB', 'cat_ordinal__DLIT_AG', 'cat_ordinal__TIME_B_S', 'cat_ordinal__ant_im', 'cat_ordinal__inf_im', 'cat_partial_ordinal__HF_right_line', 'cat_partial_ordinal__HF_left_line', 'cat_binary__SEX', 'cat_binary__nr_11', 'cat_binary__nr_02', 'cat_binary__nr_04', 'cat_binary__np_04', 'cat_binary__np_08', 'cat_binary__np_10', 'cat_binary__endocr_03', 'cat_binary__zab_leg_02', 'cat_binary__zab_leg_04', 'cat_binary__zab_leg_06', 'cat_binary__K_SH_POST', 'cat_binary__MP_TP_POST', 'cat_binary__GT_POST', 'cat_binary__IM_PG_P', 'cat_binary__ritm_ecg_p_01', 'cat_binary__ritm_ecg_p_02', 'cat_binary__ritm_ecg_p_06', 'cat_binary__ritm_ecg_p_08', 'cat_binary__n_r_ecg_p_01', 'cat_binary__n_r_ecg_p_02', 'cat_binary__n_r_ecg_p_03', 'cat_binary__n_r_ecg_p_04', 'cat_binary__n_r_ecg_p_05', 'cat_binary__n_r_ecg_p_06', 'cat_binary__n_r_ecg_p_08', 'cat_binary__n_r_ecg_p_09', 'cat_binary__n_r_ecg_p_10', 'cat_binary__n_p_ecg_p_01', 'cat_binary__n_p_ecg_p_03', 'cat_binary__n_p_ecg_p_04', 'cat_binary__n_p_ecg_p_05', 'cat_binary__n_p_ecg_p_06', 'cat_binary__n_p_ecg_p_07', 'cat_binary__n_p_ecg_p_08', 'cat_binary__n_p_ecg_p_09', 'cat_binary__n_p_ecg_p_10', 'cat_binary__n_p_ecg_p_11', 'cat_binary__n_p_ecg_p_12', 'cat_binary__fibr_ter_01', 'cat_binary__fibr_ter_02', 'cat_binary__fibr_ter_03', 'cat_binary__fibr_ter_05', 'cat_binary__fibr_ter_06', 'cat_binary__fibr_ter_07', 'cat_binary__fibr_ter_08', 'cat_binary__GIPO_K', 'cat_binary__GIPER_NA', 'cat_binary__NITR_S', 'cat_binary__LID_S_n', 'cat_binary__B_BLOK_S_n', 'cat_binary__ANT_CA_S_n', 'cat_binary__GEPAR_S_n', 'cat_binary__ASP_S_n', 'cat_binary__TIKL_S_n', 'cat_binary__TRENT_S_n']"
baseline__standard,9,3,StackingClassifier,generalization,12,127,5,13,0.8853503184713376,0.7058823529411765,0.48,0.5714285714285714,0.9621212121212122,0.037878787878787845,0.7210606060606061,0.6795720578556639,0.5206068083911443,0.508008356545961,0.9109090909090909,0.7137417592679823,0.8598726114649682,0.1036226749420166,157,"['num_log1p_standard_scaler__L_BLOOD', 'num_log1p_standard_scaler__AST_BLOOD', 'num_log1p_standard_scaler__ROE', 'num_log1p_standard_scaler__K_BLOOD', 'num_standard_scaler__AGE', 'num_standard_scaler__S_AD_ORIT', 'num_standard_scaler__D_AD_ORIT', 'num_standard_scaler__NA_BLOOD', 'cat_nominal__IBS_POST_2.0', 'cat_ordinal__INF_ANAM', 'cat_ordinal__STENOK_AN', 'cat_ordinal__DLIT_AG', 'cat_ordinal__TIME_B_S', 'cat_ordinal__ant_im', 'cat_ordinal__lat_im', 'cat_ordinal__inf_im', 'cat_partial_ordinal__HF_right_line', 'cat_partial_ordinal__HF_left_line', 'cat_binary__SEX', 'cat_binary__SIM_GIPERT', 'cat_binary__nr_03', 'cat_binary__nr_04', 'cat_binary__np_01', 'cat_binary__np_04', 'cat_binary__np_08', 'cat_binary__np_09', 'cat_binary__np_10', 'cat_binary__endocr_01', 'cat_binary__endocr_02', 'cat_binary__endocr_03', 'cat_binary__zab_leg_02', 'cat_binary__zab_leg_03', 'cat_binary__O_L_POST', 'cat_binary__K_SH_POST', 'cat_binary__MP_TP_POST', 'cat_binary__GT_POST', 'cat_binary__FIB_G_POST', 'cat_binary__IM_PG_P', 'cat_binary__ritm_ecg_p_01', 'cat_binary__ritm_ecg_p_02', 'cat_binary__ritm_ecg_p_04', 'cat_binary__ritm_ecg_p_06', 'cat_binary__ritm_ecg_p_07', 'cat_binary__n_r_ecg_p_01', 'cat_binary__n_r_ecg_p_02', 'cat_binary__n_r_ecg_p_03', 'cat_binary__n_r_ecg_p_04', 'cat_binary__n_r_ecg_p_05', 'cat_binary__n_r_ecg_p_06', 'cat_binary__n_r_ecg_p_08', 'cat_binary__n_r_ecg_p_09', 'cat_binary__n_r_ecg_p_10', 'cat_binary__n_p_ecg_p_01', 'cat_binary__n_p_ecg_p_03', 'cat_binary__n_p_ecg_p_04', 'cat_binary__n_p_ecg_p_05', 'cat_binary__n_p_ecg_p_06', 'cat_binary__n_p_ecg_p_07', 'cat_binary__n_p_ecg_p_08', 'cat_binary__n_p_ecg_p_09', 'cat_binary__n_p_ecg_p_10', 'cat_binary__n_p_ecg_p_11', 'cat_binary__n_p_ecg_p_12', 'cat_binary__fibr_ter_01', 'cat_binary__fibr_ter_02', 'cat_binary__fibr_ter_03', 'cat_binary__fibr_ter_05', 'cat_binary__fibr_ter_06', 'cat_binary__fibr_ter_07', 'cat_binary__fibr_ter_08', 'cat_binary__GIPO_K', 'cat_binary__GIPER_NA', 'cat_binary__NITR_S', 'cat_binary__LID_S_n', 'cat_binary__B_BLOK_S_n', 'cat_binary__ANT_CA_S_n', 'cat_binary__GEPAR_S_n', 'cat_binary__ASP_S_n', 'cat_binary__TIKL_S_n', 'cat_binary__TRENT_S_n']"
baseline__standard,9,4,StackingClassifier,generalization,11,126,6,14,0.8726114649681529,0.6470588235294118,0.44,0.5238095238095238,0.9545454545454546,0.045454545454545414,0.6972727272727273,0.6480740698407861,0.46458537664514726,0.45334261838440115,0.8833333333333333,0.6902292577137623,0.9299363057324841,0.18342304229736328,157,"['num_log1p_standard_scaler__L_BLOOD', 'num_log1p_standard_scaler__ALT_BLOOD', 'num_log1p_standard_scaler__AST_BLOOD', 'num_log1p_standard_scaler__ROE', 'num_log1p_standard_scaler__K_BLOOD', 'num_standard_scaler__AGE', 'num_standard_scaler__S_AD_ORIT', 'num_standard_scaler__D_AD_ORIT', 'num_standard_scaler__NA_BLOOD', 'cat_nominal__IBS_POST_0.0', 'cat_nominal__IBS_POST_1.0', 'cat_nominal__IBS_POST_2.0', 'cat_ordinal__INF_ANAM', 'cat_ordinal__STENOK_AN', 'cat_ordinal__FK_STENOK', 'cat_ordinal__GB', 'cat_ordinal__DLIT_AG', 'cat_ordinal__TIME_B_S', 'cat_ordinal__ant_im', 'cat_ordinal__lat_im', 'cat_ordinal__inf_im', 'cat_ordinal__post_im', 'cat_partial_ordinal__HF_right_line', 'cat_partial_ordinal__HF_left_line', 'cat_binary__SEX', 'cat_binary__SIM_GIPERT', 'cat_binary__nr_11', 'cat_binary__nr_01', 'cat_binary__nr_02', 'cat_binary__nr_03', 'cat_binary__nr_04', 'cat_binary__nr_07', 'cat_binary__nr_08', 'cat_binary__np_01', 'cat_binary__np_04', 'cat_binary__np_05', 'cat_binary__np_07', 'cat_binary__np_08', 'cat_binary__np_09', 'cat_binary__np_10', 'cat_binary__endocr_01', 'cat_binary__endocr_02', 'cat_binary__endocr_03', 'cat_binary__zab_leg_01', 'cat_binary__zab_leg_02', 'cat_binary__zab_leg_03', 'cat_binary__zab_leg_04', 'cat_binary__zab_leg_06', 'cat_binary__O_L_POST', 'cat_binary__K_SH_POST', 'cat_binary__MP_TP_POST', 'cat_binary__SVT_POST', 'cat_binary__GT_POST', 'cat_binary__FIB_G_POST', 'cat_binary__IM_PG_P', 'cat_binary__ritm_ecg_p_01', 'cat_binary__ritm_ecg_p_02', 'cat_binary__ritm_ecg_p_04', 'cat_binary__ritm_ecg_p_06', 'cat_binary__ritm_ecg_p_07', 'cat_binary__ritm_ecg_p_08', 'cat_binary__n_r_ecg_p_01', 'cat_binary__n_r_ecg_p_02', 'cat_binary__n_r_ecg_p_03', 'cat_binary__n_r_ecg_p_04', 'cat_binary__n_r_ecg_p_05', 'cat_binary__n_r_ecg_p_06', 'cat_binary__n_r_ecg_p_08', 'cat_binary__n_r_ecg_p_09', 'cat_binary__n_r_ecg_p_10', 'cat_binary__n_p_ecg_p_01', 'cat_binary__n_p_ecg_p_03', 'cat_binary__n_p_ecg_p_04', 'cat_binary__n_p_ecg_p_05', 'cat_binary__n_p_ecg_p_06', 'cat_binary__n_p_ecg_p_07', 'cat_binary__n_p_ecg_p_08', 'cat_binary__n_p_ecg_p_09', 'cat_binary__n_p_ecg_p_10', 'cat_binary__n_p_ecg_p_11', 'cat_binary__n_p_ecg_p_12', 'cat_binary__fibr_ter_01', 'cat_binary__fibr_ter_02', 'cat_binary__fibr_ter_03', 'cat_binary__fibr_ter_05', 'cat_binary__fibr_ter_06', 'cat_binary__fibr_ter_07', 'cat_binary__fibr_ter_08', 'cat_binary__GIPO_K', 'cat_binary__GIPER_NA', 'cat_binary__NITR_S', 'cat_binary__LID_S_n', 'cat_binary__B_BLOK_S_n', 'cat_binary__ANT_CA_S_n', 'cat_binary__GEPAR_S_n', 'cat_binary__ASP_S_n', 'cat_binary__TIKL_S_n', 'cat_binary__TRENT_S_n']"
baseline__standard,9,5,StackingClassifier,generalization,11,128,4,14,0.8853503184713376,0.7333333333333333,0.44,0.55,0.9696969696969697,0.030303030303030276,0.7048484848484848,0.6531972647421809,0.5099527286526038,0.4889692585895118,0.8618181818181818,0.612568124073743,0.9171974522292994,0.12415957450866699,157,"['num_log1p_standard_scaler__L_BLOOD', 'num_log1p_standard_scaler__ROE', 'num_log1p_standard_scaler__K_BLOOD', 'num_standard_scaler__AGE', 'num_standard_scaler__S_AD_ORIT', 'num_standard_scaler__D_AD_ORIT', 'num_standard_scaler__NA_BLOOD', 'cat_nominal__IBS_POST_0.0', 'cat_nominal__IBS_POST_1.0', 'cat_ordinal__STENOK_AN', 'cat_ordinal__FK_STENOK', 'cat_ordinal__TIME_B_S', 'cat_ordinal__ant_im', 'cat_ordinal__lat_im', 'cat_ordinal__inf_im', 'cat_partial_ordinal__HF_right_line', 'cat_partial_ordinal__HF_left_line', 'cat_binary__SEX', 'cat_binary__SIM_GIPERT', 'cat_binary__nr_01', 'cat_binary__nr_02', 'cat_binary__nr_03', 'cat_binary__np_04', 'cat_binary__np_07', 'cat_binary__np_09', 'cat_binary__np_10', 'cat_binary__zab_leg_01', 'cat_binary__zab_leg_02', 'cat_binary__O_L_POST', 'cat_binary__K_SH_POST', 'cat_binary__MP_TP_POST', 'cat_binary__SVT_POST', 'cat_binary__FIB_G_POST', 'cat_binary__IM_PG_P', 'cat_binary__ritm_ecg_p_01', 'cat_binary__ritm_ecg_p_02', 'cat_binary__ritm_ecg_p_04', 'cat_binary__n_r_ecg_p_01', 'cat_binary__n_r_ecg_p_02', 'cat_binary__n_r_ecg_p_03', 'cat_binary__n_r_ecg_p_05', 'cat_binary__n_r_ecg_p_06', 'cat_binary__n_r_ecg_p_08', 'cat_binary__n_p_ecg_p_01', 'cat_binary__n_p_ecg_p_03', 'cat_binary__n_p_ecg_p_04', 'cat_binary__n_p_ecg_p_05', 'cat_binary__n_p_ecg_p_07', 'cat_binary__n_p_ecg_p_10', 'cat_binary__n_p_ecg_p_11', 'cat_binary__n_p_ecg_p_12', 'cat_binary__fibr_ter_01', 'cat_binary__fibr_ter_03', 'cat_binary__fibr_ter_05', 'cat_binary__fibr_ter_06', 'cat_binary__fibr_ter_08', 'cat_binary__NITR_S', 'cat_binary__B_BLOK_S_n', 'cat_binary__GEPAR_S_n', 'cat_binary__ASP_S_n']"
baseline__standard,9,6,StackingClassifier,generalization,8,129,3,17,0.8726114649681529,0.7272727272727273,0.32,0.4444444444444444,0.9772727272727273,0.022727272727272707,0.6486363636363637,0.5592202363356255,0.42612721036246737,0.3845550764406116,0.8303030303030303,0.5572372073947495,1.1019108280254777,0.0882573127746582,157,"['num_log1p_standard_scaler__L_BLOOD', 'num_log1p_standard_scaler__ROE', 'num_log1p_standard_scaler__K_BLOOD', 'num_standard_scaler__AGE', 'num_standard_scaler__S_AD_ORIT', 'num_standard_scaler__D_AD_ORIT', 'num_standard_scaler__NA_BLOOD', 'cat_nominal__IBS_POST_1.0', 'cat_nominal__IBS_POST_2.0', 'cat_ordinal__INF_ANAM', 'cat_ordinal__STENOK_AN', 'cat_ordinal__FK_STENOK', 'cat_ordinal__GB', 'cat_ordinal__TIME_B_S', 'cat_ordinal__ant_im', 'cat_ordinal__lat_im', 'cat_ordinal__inf_im', 'cat_ordinal__post_im', 'cat_partial_ordinal__HF_right_line', 'cat_partial_ordinal__HF_left_line', 'cat_binary__SEX', 'cat_binary__nr_11', 'cat_binary__nr_01', 'cat_binary__nr_02', 'cat_binary__nr_03', 'cat_binary__nr_07', 'cat_binary__nr_08', 'cat_binary__np_01', 'cat_binary__np_10', 'cat_binary__endocr_01', 'cat_binary__endocr_02', 'cat_binary__zab_leg_01', 'cat_binary__zab_leg_02', 'cat_binary__zab_leg_04', 'cat_binary__O_L_POST', 'cat_binary__K_SH_POST', 'cat_binary__MP_TP_POST', 'cat_binary__IM_PG_P', 'cat_binary__ritm_ecg_p_01', 'cat_binary__ritm_ecg_p_04', 'cat_binary__ritm_ecg_p_06', 'cat_binary__ritm_ecg_p_07', 'cat_binary__ritm_ecg_p_08', 'cat_binary__n_r_ecg_p_01', 'cat_binary__n_r_ecg_p_02', 'cat_binary__n_r_ecg_p_03', 'cat_binary__n_r_ecg_p_04', 'cat_binary__n_r_ecg_p_05', 'cat_binary__n_r_ecg_p_06', 'cat_binary__n_r_ecg_p_08', 'cat_binary__n_r_ecg_p_09', 'cat_binary__n_r_ecg_p_10', 'cat_binary__n_p_ecg_p_01', 'cat_binary__n_p_ecg_p_03', 'cat_binary__n_p_ecg_p_04', 'cat_binary__n_p_ecg_p_05', 'cat_binary__n_p_ecg_p_06', 'cat_binary__n_p_ecg_p_07', 'cat_binary__n_p_ecg_p_08', 'cat_binary__n_p_ecg_p_09', 'cat_binary__n_p_ecg_p_10', 'cat_binary__n_p_ecg_p_11', 'cat_binary__n_p_ecg_p_12', 'cat_binary__fibr_ter_01', 'cat_binary__fibr_ter_02', 'cat_binary__fibr_ter_03', 'cat_binary__fibr_ter_05', 'cat_binary__fibr_ter_06', 'cat_binary__fibr_ter_07', 'cat_binary__fibr_ter_08', 'cat_binary__GIPO_K', 'cat_binary__GIPER_NA', 'cat_binary__NITR_S', 'cat_binary__LID_S_n', 'cat_binary__B_BLOK_S_n', 'cat_binary__ANT_CA_S_n', 'cat_binary__GEPAR_S_n', 'cat_binary__ASP_S_n', 'cat_binary__TIKL_S_n', 'cat_binary__TRENT_S_n']"
baseline__standard,9,7,StackingClassifier,generalization,12,130,2,13,0.9044585987261147,0.8571428571428571,0.48,0.6153846153846154,0.9848484848484849,0.015151515151515138,0.7324242424242424,0.6875516509523286,0.5968103595561277,0.5657385211137747,0.8845454545454545,0.6869108147324613,0.8407643312101911,0.1711263656616211,157,"['num_log1p_standard_scaler__L_BLOOD', 'num_log1p_standard_scaler__AST_BLOOD', 'num_log1p_standard_scaler__ROE', 'num_standard_scaler__AGE', 'num_standard_scaler__S_AD_ORIT', 'num_standard_scaler__D_AD_ORIT', 'num_standard_scaler__NA_BLOOD', 'cat_nominal__IBS_POST_1.0', 'cat_nominal__IBS_POST_2.0', 'cat_ordinal__INF_ANAM', 'cat_ordinal__FK_STENOK', 'cat_ordinal__GB', 'cat_ordinal__DLIT_AG', 'cat_ordinal__TIME_B_S', 'cat_ordinal__ant_im', 'cat_ordinal__inf_im', 'cat_partial_ordinal__HF_right_line', 'cat_partial_ordinal__HF_left_line', 'cat_binary__SEX', 'cat_binary__SIM_GIPERT', 'cat_binary__nr_01', 'cat_binary__nr_02', 'cat_binary__nr_03', 'cat_binary__nr_04', 'cat_binary__nr_07', 'cat_binary__nr_08', 'cat_binary__np_04', 'cat_binary__np_09', 'cat_binary__np_10', 'cat_binary__endocr_01', 'cat_binary__zab_leg_01', 'cat_binary__zab_leg_02', 'cat_binary__zab_leg_03', 'cat_binary__zab_leg_04', 'cat_binary__zab_leg_06', 'cat_binary__O_L_POST', 'cat_binary__K_SH_POST', 'cat_binary__MP_TP_POST', 'cat_binary__SVT_POST', 'cat_binary__GT_POST', 'cat_binary__FIB_G_POST', 'cat_binary__IM_PG_P', 'cat_binary__ritm_ecg_p_01', 'cat_binary__ritm_ecg_p_02', 'cat_binary__ritm_ecg_p_04', 'cat_binary__ritm_ecg_p_06', 'cat_binary__ritm_ecg_p_07', 'cat_binary__ritm_ecg_p_08', 'cat_binary__n_r_ecg_p_01', 'cat_binary__n_r_ecg_p_02', 'cat_binary__n_r_ecg_p_03', 'cat_binary__n_r_ecg_p_04', 'cat_binary__n_r_ecg_p_05', 'cat_binary__n_r_ecg_p_06', 'cat_binary__n_r_ecg_p_08', 'cat_binary__n_r_ecg_p_09', 'cat_binary__n_r_ecg_p_10', 'cat_binary__n_p_ecg_p_01', 'cat_binary__n_p_ecg_p_03', 'cat_binary__n_p_ecg_p_04', 'cat_binary__n_p_ecg_p_05', 'cat_binary__n_p_ecg_p_06', 'cat_binary__n_p_ecg_p_07', 'cat_binary__n_p_ecg_p_08', 'cat_binary__n_p_ecg_p_09', 'cat_binary__n_p_ecg_p_10', 'cat_binary__n_p_ecg_p_11', 'cat_binary__n_p_ecg_p_12', 'cat_binary__fibr_ter_01', 'cat_binary__fibr_ter_02', 'cat_binary__fibr_ter_03', 'cat_binary__fibr_ter_05', 'cat_binary__fibr_ter_06', 'cat_binary__fibr_ter_07', 'cat_binary__fibr_ter_08', 'cat_binary__GIPO_K', 'cat_binary__GIPER_NA', 'cat_binary__NITR_S', 'cat_binary__LID_S_n', 'cat_binary__B_BLOK_S_n', 'cat_binary__ANT_CA_S_n', 'cat_binary__GEPAR_S_n', 'cat_binary__ASP_S_n', 'cat_binary__TIKL_S_n', 'cat_binary__TRENT_S_n']"
baseline__standard,9,8,StackingClassifier,generalization,11,126,6,14,0.8726114649681529,0.6470588235294118,0.44,0.5238095238095238,0.9545454545454546,0.045454545454545414,0.6972727272727273,0.6480740698407861,0.46458537664514726,0.45334261838440115,0.8890909090909092,0.719862092229359,0.9299363057324841,0.15214109420776367,157,"['num_log1p_standard_scaler__L_BLOOD', 'num_log1p_standard_scaler__ALT_BLOOD', 'num_log1p_standard_scaler__AST_BLOOD', 'num_log1p_standard_scaler__ROE', 'num_log1p_standard_scaler__K_BLOOD', 'num_standard_scaler__AGE', 'num_standard_scaler__S_AD_ORIT', 'num_standard_scaler__D_AD_ORIT', 'num_standard_scaler__NA_BLOOD', 'cat_nominal__IBS_POST_0.0', 'cat_nominal__IBS_POST_1.0', 'cat_nominal__IBS_POST_2.0', 'cat_ordinal__INF_ANAM', 'cat_ordinal__STENOK_AN', 'cat_ordinal__FK_STENOK', 'cat_ordinal__GB', 'cat_ordinal__DLIT_AG', 'cat_ordinal__TIME_B_S', 'cat_ordinal__ant_im', 'cat_ordinal__lat_im', 'cat_ordinal__inf_im', 'cat_ordinal__post_im', 'cat_partial_ordinal__HF_right_line', 'cat_partial_ordinal__HF_left_line', 'cat_binary__SEX', 'cat_binary__SIM_GIPERT', 'cat_binary__nr_11', 'cat_binary__nr_01', 'cat_binary__nr_02', 'cat_binary__nr_03', 'cat_binary__nr_04', 'cat_binary__nr_07', 'cat_binary__nr_08', 'cat_binary__np_01', 'cat_binary__np_04', 'cat_binary__np_05', 'cat_binary__np_07', 'cat_binary__np_08', 'cat_binary__np_09', 'cat_binary__np_10', 'cat_binary__endocr_01', 'cat_binary__endocr_02', 'cat_binary__endocr_03', 'cat_binary__zab_leg_01', 'cat_binary__zab_leg_02', 'cat_binary__zab_leg_03', 'cat_binary__zab_leg_04', 'cat_binary__zab_leg_06', 'cat_binary__O_L_POST', 'cat_binary__K_SH_POST', 'cat_binary__MP_TP_POST', 'cat_binary__SVT_POST', 'cat_binary__GT_POST', 'cat_binary__FIB_G_POST', 'cat_binary__IM_PG_P', 'cat_binary__ritm_ecg_p_01', 'cat_binary__ritm_ecg_p_02', 'cat_binary__ritm_ecg_p_04', 'cat_binary__ritm_ecg_p_06', 'cat_binary__ritm_ecg_p_07', 'cat_binary__ritm_ecg_p_08', 'cat_binary__n_r_ecg_p_01', 'cat_binary__n_r_ecg_p_02', 'cat_binary__n_r_ecg_p_03', 'cat_binary__n_r_ecg_p_04', 'cat_binary__n_r_ecg_p_05', 'cat_binary__n_r_ecg_p_06', 'cat_binary__n_r_ecg_p_08', 'cat_binary__n_r_ecg_p_09', 'cat_binary__n_r_ecg_p_10', 'cat_binary__n_p_ecg_p_01', 'cat_binary__n_p_ecg_p_03', 'cat_binary__n_p_ecg_p_04', 'cat_binary__n_p_ecg_p_05', 'cat_binary__n_p_ecg_p_06', 'cat_binary__n_p_ecg_p_07', 'cat_binary__n_p_ecg_p_08', 'cat_binary__n_p_ecg_p_09', 'cat_binary__n_p_ecg_p_10', 'cat_binary__n_p_ecg_p_11', 'cat_binary__n_p_ecg_p_12', 'cat_binary__fibr_ter_01', 'cat_binary__fibr_ter_02', 'cat_binary__fibr_ter_03', 'cat_binary__fibr_ter_05', 'cat_binary__fibr_ter_06', 'cat_binary__fibr_ter_07', 'cat_binary__fibr_ter_08', 'cat_binary__GIPO_K', 'cat_binary__GIPER_NA', 'cat_binary__NITR_S', 'cat_binary__LID_S_n', 'cat_binary__B_BLOK_S_n', 'cat_binary__ANT_CA_S_n', 'cat_binary__GEPAR_S_n', 'cat_binary__ASP_S_n', 'cat_binary__TIKL_S_n', 'cat_binary__TRENT_S_n']"
baseline__standard,9,9,StackingClassifier,generalization,6,130,2,19,0.8662420382165605,0.75,0.24,0.36363636363636365,0.9848484848484849,0.015151515151515138,0.6124242424242424,0.4861724348043977,0.37411817543738385,0.3103953147877012,0.8090909090909091,0.538699310329736,1.2229299363057324,0.08201479911804199,157,"['num_log1p_standard_scaler__L_BLOOD', 'num_log1p_standard_scaler__ROE', 'num_log1p_standard_scaler__K_BLOOD', 'num_standard_scaler__AGE', 'num_standard_scaler__S_AD_ORIT', 'num_standard_scaler__D_AD_ORIT', 'num_standard_scaler__NA_BLOOD', 'cat_nominal__IBS_POST_0.0', 'cat_ordinal__INF_ANAM', 'cat_ordinal__STENOK_AN', 'cat_ordinal__FK_STENOK', 'cat_ordinal__DLIT_AG', 'cat_ordinal__TIME_B_S', 'cat_ordinal__ant_im', 'cat_ordinal__lat_im', 'cat_ordinal__inf_im', 'cat_ordinal__post_im', 'cat_partial_ordinal__HF_right_line', 'cat_partial_ordinal__HF_left_line', 'cat_binary__SEX', 'cat_binary__nr_11', 'cat_binary__nr_03', 'cat_binary__nr_04', 'cat_binary__nr_07', 'cat_binary__nr_08', 'cat_binary__np_01', 'cat_binary__np_04', 'cat_binary__np_05', 'cat_binary__np_07', 'cat_binary__np_08', 'cat_binary__np_09', 'cat_binary__np_10', 'cat_binary__endocr_01', 'cat_binary__endocr_02', 'cat_binary__endocr_03', 'cat_binary__zab_leg_01', 'cat_binary__zab_leg_02', 'cat_binary__zab_leg_03', 'cat_binary__zab_leg_04', 'cat_binary__zab_leg_06', 'cat_binary__O_L_POST', 'cat_binary__K_SH_POST', 'cat_binary__MP_TP_POST', 'cat_binary__SVT_POST', 'cat_binary__GT_POST', 'cat_binary__FIB_G_POST', 'cat_binary__IM_PG_P', 'cat_binary__ritm_ecg_p_01', 'cat_binary__ritm_ecg_p_02', 'cat_binary__ritm_ecg_p_04', 'cat_binary__ritm_ecg_p_06', 'cat_binary__ritm_ecg_p_07', 'cat_binary__ritm_ecg_p_08', 'cat_binary__n_r_ecg_p_01', 'cat_binary__n_r_ecg_p_02', 'cat_binary__n_r_ecg_p_03', 'cat_binary__n_r_ecg_p_04', 'cat_binary__n_r_ecg_p_05', 'cat_binary__n_r_ecg_p_06', 'cat_binary__n_r_ecg_p_08', 'cat_binary__n_r_ecg_p_09', 'cat_binary__n_r_ecg_p_10', 'cat_binary__n_p_ecg_p_01', 'cat_binary__n_p_ecg_p_03', 'cat_binary__n_p_ecg_p_04', 'cat_binary__n_p_ecg_p_05', 'cat_binary__n_p_ecg_p_06', 'cat_binary__n_p_ecg_p_07', 'cat_binary__n_p_ecg_p_08', 'cat_binary__n_p_ecg_p_09', 'cat_binary__n_p_ecg_p_10', 'cat_binary__n_p_ecg_p_11', 'cat_binary__n_p_ecg_p_12', 'cat_binary__fibr_ter_01', 'cat_binary__fibr_ter_02', 'cat_binary__fibr_ter_03', 'cat_binary__fibr_ter_05', 'cat_binary__fibr_ter_06', 'cat_binary__fibr_ter_07', 'cat_binary__fibr_ter_08', 'cat_binary__GIPO_K', 'cat_binary__GIPER_NA', 'cat_binary__NITR_S', 'cat_binary__LID_S_n', 'cat_binary__B_BLOK_S_n', 'cat_binary__ANT_CA_S_n', 'cat_binary__GEPAR_S_n', 'cat_binary__ASP_S_n', 'cat_binary__TIKL_S_n', 'cat_binary__TRENT_S_n']"
baseline__standard,9,10,StackingClassifier,generalization,8,130,2,17,0.8789808917197452,0.8,0.32,0.45714285714285713,0.9848484848484849,0.015151515151515138,0.6524242424242425,0.5613835722137897,0.45675398322907895,0.4028028028028028,0.8821212121212121,0.6301893865065206,1.0955414012738853,0.0906989574432373,157,"['num_log1p_standard_scaler__L_BLOOD', 'num_log1p_standard_scaler__ROE', 'num_standard_scaler__AGE', 'num_standard_scaler__S_AD_ORIT', 'num_standard_scaler__D_AD_ORIT', 'num_standard_scaler__NA_BLOOD', 'cat_nominal__IBS_POST_2.0', 'cat_ordinal__INF_ANAM', 'cat_ordinal__STENOK_AN', 'cat_ordinal__FK_STENOK', 'cat_ordinal__GB', 'cat_ordinal__DLIT_AG', 'cat_ordinal__TIME_B_S', 'cat_ordinal__ant_im', 'cat_ordinal__inf_im', 'cat_partial_ordinal__HF_right_line', 'cat_partial_ordinal__HF_left_line', 'cat_binary__SEX', 'cat_binary__SIM_GIPERT', 'cat_binary__nr_02', 'cat_binary__nr_04', 'cat_binary__np_04', 'cat_binary__np_05', 'cat_binary__np_07', 'cat_binary__np_08', 'cat_binary__np_09', 'cat_binary__np_10', 'cat_binary__endocr_01', 'cat_binary__endocr_02', 'cat_binary__endocr_03', 'cat_binary__zab_leg_01', 'cat_binary__zab_leg_02', 'cat_binary__zab_leg_03', 'cat_binary__zab_leg_04', 'cat_binary__zab_leg_06', 'cat_binary__O_L_POST', 'cat_binary__K_SH_POST', 'cat_binary__MP_TP_POST', 'cat_binary__SVT_POST', 'cat_binary__GT_POST', 'cat_binary__FIB_G_POST', 'cat_binary__IM_PG_P', 'cat_binary__ritm_ecg_p_01', 'cat_binary__ritm_ecg_p_02', 'cat_binary__ritm_ecg_p_04', 'cat_binary__ritm_ecg_p_06', 'cat_binary__ritm_ecg_p_07', 'cat_binary__ritm_ecg_p_08', 'cat_binary__n_r_ecg_p_01', 'cat_binary__n_r_ecg_p_02', 'cat_binary__n_r_ecg_p_03', 'cat_binary__n_r_ecg_p_04', 'cat_binary__n_r_ecg_p_05', 'cat_binary__n_r_ecg_p_06', 'cat_binary__n_r_ecg_p_08', 'cat_binary__n_r_ecg_p_09', 'cat_binary__n_r_ecg_p_10', 'cat_binary__n_p_ecg_p_01', 'cat_binary__n_p_ecg_p_03', 'cat_binary__n_p_ecg_p_04', 'cat_binary__n_p_ecg_p_05', 'cat_binary__n_p_ecg_p_06', 'cat_binary__n_p_ecg_p_07', 'cat_binary__n_p_ecg_p_08', 'cat_binary__n_p_ecg_p_09', 'cat_binary__n_p_ecg_p_10', 'cat_binary__n_p_ecg_p_11', 'cat_binary__n_p_ecg_p_12', 'cat_binary__fibr_ter_01', 'cat_binary__fibr_ter_02', 'cat_binary__fibr_ter_03', 'cat_binary__fibr_ter_05', 'cat_binary__fibr_ter_06', 'cat_binary__fibr_ter_07', 'cat_binary__fibr_ter_08', 'cat_binary__GIPO_K', 'cat_binary__GIPER_NA', 'cat_binary__NITR_S', 'cat_binary__LID_S_n', 'cat_binary__B_BLOK_S_n', 'cat_binary__ANT_CA_S_n', 'cat_binary__GEPAR_S_n', 'cat_binary__ASP_S_n', 'cat_binary__TIKL_S_n', 'cat_binary__TRENT_S_n']"
baseline__standard,10,1,StackingClassifier,generalization,10,132,1,15,0.8987341772151899,0.9090909090909091,0.4,0.5555555555555556,0.9924812030075187,0.007518796992481258,0.6962406015037594,0.6300733935050801,0.5628072416871455,0.5079797586609576,0.8643609022556391,0.6870198983146665,0.9556962025316456,0.12785100936889648,158,"['num_log1p_standard_scaler__L_BLOOD', 'num_log1p_standard_scaler__ROE', 'num_log1p_standard_scaler__K_BLOOD', 'num_standard_scaler__AGE', 'num_standard_scaler__S_AD_ORIT', 'num_standard_scaler__D_AD_ORIT', 'num_standard_scaler__NA_BLOOD', 'cat_nominal__IBS_POST_0.0', 'cat_nominal__IBS_POST_1.0', 'cat_nominal__IBS_POST_2.0', 'cat_ordinal__INF_ANAM', 'cat_ordinal__STENOK_AN', 'cat_ordinal__FK_STENOK', 'cat_ordinal__DLIT_AG', 'cat_ordinal__TIME_B_S', 'cat_ordinal__ant_im', 'cat_ordinal__lat_im', 'cat_partial_ordinal__HF_right_line', 'cat_binary__nr_11', 'cat_binary__nr_01', 'cat_binary__nr_04', 'cat_binary__np_01', 'cat_binary__np_05', 'cat_binary__np_07', 'cat_binary__np_08', 'cat_binary__np_09', 'cat_binary__np_10', 'cat_binary__endocr_01', 'cat_binary__endocr_02', 'cat_binary__endocr_03', 'cat_binary__zab_leg_01', 'cat_binary__zab_leg_02', 'cat_binary__zab_leg_03', 'cat_binary__zab_leg_04', 'cat_binary__zab_leg_06', 'cat_binary__O_L_POST', 'cat_binary__K_SH_POST', 'cat_binary__MP_TP_POST', 'cat_binary__SVT_POST', 'cat_binary__GT_POST', 'cat_binary__FIB_G_POST', 'cat_binary__IM_PG_P', 'cat_binary__ritm_ecg_p_01', 'cat_binary__ritm_ecg_p_02', 'cat_binary__ritm_ecg_p_04', 'cat_binary__ritm_ecg_p_06', 'cat_binary__ritm_ecg_p_07', 'cat_binary__ritm_ecg_p_08', 'cat_binary__n_r_ecg_p_01', 'cat_binary__n_r_ecg_p_02', 'cat_binary__n_r_ecg_p_03', 'cat_binary__n_r_ecg_p_04', 'cat_binary__n_r_ecg_p_05', 'cat_binary__n_r_ecg_p_06', 'cat_binary__n_r_ecg_p_08', 'cat_binary__n_r_ecg_p_09', 'cat_binary__n_r_ecg_p_10', 'cat_binary__n_p_ecg_p_01', 'cat_binary__n_p_ecg_p_03', 'cat_binary__n_p_ecg_p_04', 'cat_binary__n_p_ecg_p_05', 'cat_binary__n_p_ecg_p_06', 'cat_binary__n_p_ecg_p_07', 'cat_binary__n_p_ecg_p_08', 'cat_binary__n_p_ecg_p_09', 'cat_binary__n_p_ecg_p_10', 'cat_binary__n_p_ecg_p_11', 'cat_binary__n_p_ecg_p_12', 'cat_binary__fibr_ter_01', 'cat_binary__fibr_ter_02', 'cat_binary__fibr_ter_03', 'cat_binary__fibr_ter_05', 'cat_binary__fibr_ter_06', 'cat_binary__fibr_ter_07', 'cat_binary__fibr_ter_08', 'cat_binary__GIPO_K', 'cat_binary__GIPER_NA', 'cat_binary__NITR_S', 'cat_binary__LID_S_n', 'cat_binary__B_BLOK_S_n', 'cat_binary__ANT_CA_S_n', 'cat_binary__GEPAR_S_n', 'cat_binary__ASP_S_n', 'cat_binary__TIKL_S_n', 'cat_binary__TRENT_S_n']"
baseline__standard,10,2,StackingClassifier,generalization,15,127,5,11,0.8987341772151899,0.75,0.5769230769230769,0.6521739130434783,0.9621212121212122,0.037878787878787845,0.7695221445221445,0.745030153799113,0.6010955983711208,0.5940912010276171,0.8438228438228438,0.6833025387503127,0.7278481012658228,0.14296483993530273,158,"['num_log1p_standard_scaler__L_BLOOD', 'num_log1p_standard_scaler__ROE', 'num_log1p_standard_scaler__K_BLOOD', 'num_standard_scaler__AGE', 'num_standard_scaler__S_AD_ORIT', 'num_standard_scaler__D_AD_ORIT', 'num_standard_scaler__NA_BLOOD', 'cat_nominal__IBS_POST_0.0', 'cat_nominal__IBS_POST_1.0', 'cat_nominal__IBS_POST_2.0', 'cat_ordinal__INF_ANAM', 'cat_ordinal__STENOK_AN', 'cat_ordinal__GB', 'cat_ordinal__DLIT_AG', 'cat_ordinal__TIME_B_S', 'cat_ordinal__ant_im', 'cat_ordinal__lat_im', 'cat_ordinal__inf_im', 'cat_ordinal__post_im', 'cat_partial_ordinal__HF_right_line', 'cat_partial_ordinal__HF_left_line', 'cat_binary__SEX', 'cat_binary__SIM_GIPERT', 'cat_binary__nr_01', 'cat_binary__nr_02', 'cat_binary__nr_03', 'cat_binary__nr_04', 'cat_binary__nr_07', 'cat_binary__nr_08', 'cat_binary__np_01', 'cat_binary__np_04', 'cat_binary__np_05', 'cat_binary__np_07', 'cat_binary__np_09', 'cat_binary__np_10', 'cat_binary__endocr_01', 'cat_binary__zab_leg_01', 'cat_binary__zab_leg_02', 'cat_binary__zab_leg_06', 'cat_binary__O_L_POST', 'cat_binary__K_SH_POST', 'cat_binary__GT_POST', 'cat_binary__FIB_G_POST', 'cat_binary__IM_PG_P', 'cat_binary__ritm_ecg_p_01', 'cat_binary__ritm_ecg_p_06', 'cat_binary__ritm_ecg_p_07', 'cat_binary__ritm_ecg_p_08', 'cat_binary__n_r_ecg_p_01', 'cat_binary__n_r_ecg_p_02', 'cat_binary__n_r_ecg_p_03', 'cat_binary__n_r_ecg_p_04', 'cat_binary__n_r_ecg_p_05', 'cat_binary__n_r_ecg_p_06', 'cat_binary__n_r_ecg_p_08', 'cat_binary__n_r_ecg_p_09', 'cat_binary__n_r_ecg_p_10', 'cat_binary__n_p_ecg_p_01', 'cat_binary__n_p_ecg_p_03', 'cat_binary__n_p_ecg_p_04', 'cat_binary__n_p_ecg_p_05', 'cat_binary__n_p_ecg_p_06', 'cat_binary__n_p_ecg_p_07', 'cat_binary__n_p_ecg_p_08', 'cat_binary__n_p_ecg_p_09', 'cat_binary__n_p_ecg_p_10', 'cat_binary__n_p_ecg_p_11', 'cat_binary__n_p_ecg_p_12', 'cat_binary__fibr_ter_01', 'cat_binary__fibr_ter_02', 'cat_binary__fibr_ter_03', 'cat_binary__fibr_ter_05', 'cat_binary__fibr_ter_06', 'cat_binary__fibr_ter_07', 'cat_binary__fibr_ter_08', 'cat_binary__GIPO_K', 'cat_binary__GIPER_NA', 'cat_binary__NITR_S', 'cat_binary__LID_S_n', 'cat_binary__B_BLOK_S_n', 'cat_binary__ANT_CA_S_n', 'cat_binary__GEPAR_S_n', 'cat_binary__ASP_S_n', 'cat_binary__TIKL_S_n', 'cat_binary__TRENT_S_n']"
baseline__standard,10,3,StackingClassifier,generalization,8,127,5,17,0.8598726114649682,0.6153846153846154,0.32,0.42105263157894735,0.9621212121212122,0.037878787878787845,0.6410606060606061,0.5548682617331684,0.37457586305323676,0.35026335590669666,0.8815151515151515,0.6260325277655137,1.1146496815286624,0.18559575080871582,157,"['num_log1p_standard_scaler__L_BLOOD', 'num_log1p_standard_scaler__ROE', 'num_standard_scaler__AGE', 'num_standard_scaler__S_AD_ORIT', 'num_standard_scaler__D_AD_ORIT', 'num_standard_scaler__NA_BLOOD', 'cat_nominal__IBS_POST_0.0', 'cat_nominal__IBS_POST_1.0', 'cat_nominal__IBS_POST_2.0', 'cat_ordinal__STENOK_AN', 'cat_ordinal__FK_STENOK', 'cat_ordinal__GB', 'cat_ordinal__DLIT_AG', 'cat_ordinal__TIME_B_S', 'cat_ordinal__ant_im', 'cat_ordinal__lat_im', 'cat_partial_ordinal__HF_right_line', 'cat_partial_ordinal__HF_left_line', 'cat_binary__SIM_GIPERT', 'cat_binary__nr_03', 'cat_binary__nr_04', 'cat_binary__nr_08', 'cat_binary__np_07', 'cat_binary__np_08', 'cat_binary__np_09', 'cat_binary__np_10', 'cat_binary__endocr_03', 'cat_binary__zab_leg_02', 'cat_binary__zab_leg_06', 'cat_binary__O_L_POST', 'cat_binary__K_SH_POST', 'cat_binary__MP_TP_POST', 'cat_binary__SVT_POST', 'cat_binary__IM_PG_P', 'cat_binary__ritm_ecg_p_01', 'cat_binary__ritm_ecg_p_02', 'cat_binary__ritm_ecg_p_06', 'cat_binary__n_r_ecg_p_01', 'cat_binary__n_r_ecg_p_02', 'cat_binary__n_r_ecg_p_03', 'cat_binary__n_r_ecg_p_06', 'cat_binary__n_r_ecg_p_08', 'cat_binary__n_r_ecg_p_10', 'cat_binary__n_p_ecg_p_03', 'cat_binary__n_p_ecg_p_04', 'cat_binary__n_p_ecg_p_05', 'cat_binary__n_p_ecg_p_06', 'cat_binary__n_p_ecg_p_07', 'cat_binary__n_p_ecg_p_08', 'cat_binary__n_p_ecg_p_09', 'cat_binary__n_p_ecg_p_10', 'cat_binary__n_p_ecg_p_11', 'cat_binary__n_p_ecg_p_12', 'cat_binary__fibr_ter_01', 'cat_binary__fibr_ter_02', 'cat_binary__fibr_ter_03', 'cat_binary__fibr_ter_05', 'cat_binary__fibr_ter_06', 'cat_binary__fibr_ter_07', 'cat_binary__fibr_ter_08', 'cat_binary__GIPO_K', 'cat_binary__GIPER_NA', 'cat_binary__NITR_S', 'cat_binary__LID_S_n', 'cat_binary__B_BLOK_S_n', 'cat_binary__ANT_CA_S_n', 'cat_binary__GEPAR_S_n', 'cat_binary__ASP_S_n', 'cat_binary__TIKL_S_n', 'cat_binary__TRENT_S_n']"
baseline__standard,10,4,StackingClassifier,generalization,10,131,1,15,0.8980891719745223,0.9090909090909091,0.4,0.5555555555555556,0.9924242424242424,0.007575757575757569,0.6962121212121213,0.630055312627151,0.5625226681135528,0.5076440611524893,0.8687878787878788,0.6644031267335155,0.9617834394904459,0.1500718593597412,157,"['num_log1p_standard_scaler__L_BLOOD', 'num_log1p_standard_scaler__ROE', 'num_log1p_standard_scaler__K_BLOOD', 'num_standard_scaler__AGE', 'num_standard_scaler__S_AD_ORIT', 'num_standard_scaler__D_AD_ORIT', 'num_standard_scaler__NA_BLOOD', 'cat_nominal__IBS_POST_1.0', 'cat_nominal__IBS_POST_2.0', 'cat_ordinal__INF_ANAM', 'cat_ordinal__STENOK_AN', 'cat_ordinal__FK_STENOK', 'cat_ordinal__GB', 'cat_ordinal__DLIT_AG', 'cat_ordinal__TIME_B_S', 'cat_ordinal__ant_im', 'cat_partial_ordinal__HF_right_line', 'cat_partial_ordinal__HF_left_line', 'cat_binary__SEX', 'cat_binary__nr_01', 'cat_binary__nr_04', 'cat_binary__np_01', 'cat_binary__np_05', 'cat_binary__np_07', 'cat_binary__np_08', 'cat_binary__np_09', 'cat_binary__np_10', 'cat_binary__endocr_01', 'cat_binary__endocr_02', 'cat_binary__endocr_03', 'cat_binary__zab_leg_01', 'cat_binary__zab_leg_02', 'cat_binary__zab_leg_03', 'cat_binary__zab_leg_04', 'cat_binary__zab_leg_06', 'cat_binary__O_L_POST', 'cat_binary__K_SH_POST', 'cat_binary__MP_TP_POST', 'cat_binary__SVT_POST', 'cat_binary__GT_POST', 'cat_binary__FIB_G_POST', 'cat_binary__IM_PG_P', 'cat_binary__ritm_ecg_p_01', 'cat_binary__ritm_ecg_p_02', 'cat_binary__ritm_ecg_p_04', 'cat_binary__ritm_ecg_p_06', 'cat_binary__ritm_ecg_p_07', 'cat_binary__ritm_ecg_p_08', 'cat_binary__n_r_ecg_p_01', 'cat_binary__n_r_ecg_p_02', 'cat_binary__n_r_ecg_p_03', 'cat_binary__n_r_ecg_p_04', 'cat_binary__n_r_ecg_p_05', 'cat_binary__n_r_ecg_p_06', 'cat_binary__n_r_ecg_p_08', 'cat_binary__n_r_ecg_p_09', 'cat_binary__n_r_ecg_p_10', 'cat_binary__n_p_ecg_p_01', 'cat_binary__n_p_ecg_p_03', 'cat_binary__n_p_ecg_p_04', 'cat_binary__n_p_ecg_p_05', 'cat_binary__n_p_ecg_p_06', 'cat_binary__n_p_ecg_p_07', 'cat_binary__n_p_ecg_p_08', 'cat_binary__n_p_ecg_p_09', 'cat_binary__n_p_ecg_p_10', 'cat_binary__n_p_ecg_p_11', 'cat_binary__n_p_ecg_p_12', 'cat_binary__fibr_ter_01', 'cat_binary__fibr_ter_02', 'cat_binary__fibr_ter_03', 'cat_binary__fibr_ter_05', 'cat_binary__fibr_ter_06', 'cat_binary__fibr_ter_07', 'cat_binary__fibr_ter_08', 'cat_binary__GIPO_K', 'cat_binary__GIPER_NA', 'cat_binary__NITR_S', 'cat_binary__LID_S_n', 'cat_binary__B_BLOK_S_n', 'cat_binary__ANT_CA_S_n', 'cat_binary__GEPAR_S_n', 'cat_binary__ASP_S_n', 'cat_binary__TIKL_S_n', 'cat_binary__TRENT_S_n']"
baseline__standard,10,5,StackingClassifier,generalization,8,130,2,17,0.8789808917197452,0.8,0.32,0.45714285714285713,0.9848484848484849,0.015151515151515138,0.6524242424242425,0.5613835722137897,0.45675398322907895,0.4028028028028028,0.8681818181818182,0.598550861738485,1.0955414012738853,0.17125797271728516,157,"['num_log1p_standard_scaler__L_BLOOD', 'num_log1p_standard_scaler__ROE', 'num_standard_scaler__AGE', 'num_standard_scaler__S_AD_ORIT', 'num_standard_scaler__D_AD_ORIT', 'num_standard_scaler__NA_BLOOD', 'cat_nominal__IBS_POST_0.0', 'cat_nominal__IBS_POST_1.0', 'cat_nominal__IBS_POST_2.0', 'cat_ordinal__STENOK_AN', 'cat_ordinal__FK_STENOK', 'cat_ordinal__ant_im', 'cat_ordinal__lat_im', 'cat_ordinal__post_im', 'cat_partial_ordinal__HF_right_line', 'cat_partial_ordinal__HF_left_line', 'cat_binary__SEX', 'cat_binary__SIM_GIPERT', 'cat_binary__nr_11', 'cat_binary__nr_01', 'cat_binary__nr_03', 'cat_binary__nr_04', 'cat_binary__np_05', 'cat_binary__np_10', 'cat_binary__endocr_01', 'cat_binary__endocr_03', 'cat_binary__zab_leg_04', 'cat_binary__zab_leg_06', 'cat_binary__K_SH_POST', 'cat_binary__MP_TP_POST', 'cat_binary__IM_PG_P', 'cat_binary__ritm_ecg_p_01', 'cat_binary__ritm_ecg_p_02', 'cat_binary__ritm_ecg_p_07', 'cat_binary__ritm_ecg_p_08', 'cat_binary__n_r_ecg_p_05', 'cat_binary__n_r_ecg_p_06', 'cat_binary__n_r_ecg_p_09', 'cat_binary__n_r_ecg_p_10', 'cat_binary__n_p_ecg_p_07', 'cat_binary__n_p_ecg_p_09', 'cat_binary__n_p_ecg_p_11', 'cat_binary__n_p_ecg_p_12', 'cat_binary__fibr_ter_05', 'cat_binary__fibr_ter_06', 'cat_binary__NITR_S', 'cat_binary__B_BLOK_S_n', 'cat_binary__ANT_CA_S_n', 'cat_binary__GEPAR_S_n', 'cat_binary__ASP_S_n']"
baseline__standard,10,6,StackingClassifier,generalization,9,130,2,16,0.8853503184713376,0.8181818181818182,0.36,0.5,0.9848484848484849,0.015151515151515138,0.6724242424242424,0.5954371961386479,0.4943249392380101,0.44609956879655044,0.8978787878787878,0.7108256424690133,1.0318471337579618,0.17323970794677734,157,"['num_log1p_standard_scaler__L_BLOOD', 'num_log1p_standard_scaler__AST_BLOOD', 'num_log1p_standard_scaler__ROE', 'num_log1p_standard_scaler__K_BLOOD', 'num_standard_scaler__AGE', 'num_standard_scaler__S_AD_ORIT', 'num_standard_scaler__D_AD_ORIT', 'num_standard_scaler__NA_BLOOD', 'cat_nominal__IBS_POST_0.0', 'cat_nominal__IBS_POST_2.0', 'cat_ordinal__INF_ANAM', 'cat_ordinal__STENOK_AN', 'cat_ordinal__FK_STENOK', 'cat_ordinal__GB', 'cat_ordinal__TIME_B_S', 'cat_ordinal__ant_im', 'cat_ordinal__inf_im', 'cat_ordinal__post_im', 'cat_partial_ordinal__HF_right_line', 'cat_partial_ordinal__HF_left_line', 'cat_binary__SEX', 'cat_binary__SIM_GIPERT', 'cat_binary__nr_04', 'cat_binary__nr_08', 'cat_binary__np_01', 'cat_binary__np_05', 'cat_binary__np_08', 'cat_binary__np_09', 'cat_binary__np_10', 'cat_binary__endocr_01', 'cat_binary__endocr_02', 'cat_binary__endocr_03', 'cat_binary__zab_leg_01', 'cat_binary__zab_leg_02', 'cat_binary__O_L_POST', 'cat_binary__K_SH_POST', 'cat_binary__SVT_POST', 'cat_binary__GT_POST', 'cat_binary__IM_PG_P', 'cat_binary__ritm_ecg_p_01', 'cat_binary__ritm_ecg_p_02', 'cat_binary__ritm_ecg_p_04', 'cat_binary__ritm_ecg_p_06', 'cat_binary__ritm_ecg_p_07', 'cat_binary__n_r_ecg_p_02', 'cat_binary__n_r_ecg_p_03', 'cat_binary__n_r_ecg_p_04', 'cat_binary__n_r_ecg_p_05', 'cat_binary__n_r_ecg_p_10', 'cat_binary__n_p_ecg_p_03', 'cat_binary__n_p_ecg_p_04', 'cat_binary__n_p_ecg_p_05', 'cat_binary__n_p_ecg_p_06', 'cat_binary__n_p_ecg_p_07', 'cat_binary__n_p_ecg_p_09', 'cat_binary__n_p_ecg_p_10', 'cat_binary__n_p_ecg_p_11', 'cat_binary__n_p_ecg_p_12', 'cat_binary__fibr_ter_01', 'cat_binary__fibr_ter_02', 'cat_binary__fibr_ter_03', 'cat_binary__fibr_ter_05', 'cat_binary__fibr_ter_06', 'cat_binary__fibr_ter_07', 'cat_binary__fibr_ter_08', 'cat_binary__GIPO_K', 'cat_binary__GIPER_NA', 'cat_binary__NITR_S', 'cat_binary__LID_S_n', 'cat_binary__B_BLOK_S_n', 'cat_binary__ANT_CA_S_n', 'cat_binary__GEPAR_S_n', 'cat_binary__ASP_S_n', 'cat_binary__TIKL_S_n', 'cat_binary__TRENT_S_n']"
baseline__standard,10,7,StackingClassifier,generalization,11,129,3,14,0.89171974522293,0.7857142857142857,0.44,0.5641025641025641,0.9772727272727273,0.022727272727272707,0.7086363636363636,0.6557438524302001,0.5357287256250246,0.5078369905956113,0.8806060606060606,0.5735099731322656,0.910828025477707,0.15604591369628906,157,"['num_log1p_standard_scaler__L_BLOOD', 'num_log1p_standard_scaler__ALT_BLOOD', 'num_log1p_standard_scaler__AST_BLOOD', 'num_log1p_standard_scaler__ROE', 'num_log1p_standard_scaler__K_BLOOD', 'num_standard_scaler__AGE', 'num_standard_scaler__S_AD_ORIT', 'num_standard_scaler__D_AD_ORIT', 'num_standard_scaler__NA_BLOOD', 'cat_nominal__IBS_POST_0.0', 'cat_nominal__IBS_POST_1.0', 'cat_nominal__IBS_POST_2.0', 'cat_ordinal__INF_ANAM', 'cat_ordinal__STENOK_AN', 'cat_ordinal__FK_STENOK', 'cat_ordinal__GB', 'cat_ordinal__DLIT_AG', 'cat_ordinal__TIME_B_S', 'cat_ordinal__ant_im', 'cat_ordinal__lat_im', 'cat_ordinal__inf_im', 'cat_ordinal__post_im', 'cat_partial_ordinal__HF_right_line', 'cat_partial_ordinal__HF_left_line', 'cat_binary__SEX', 'cat_binary__SIM_GIPERT', 'cat_binary__nr_11', 'cat_binary__nr_01', 'cat_binary__nr_02', 'cat_binary__nr_03', 'cat_binary__nr_04', 'cat_binary__nr_07', 'cat_binary__nr_08', 'cat_binary__np_01', 'cat_binary__np_04', 'cat_binary__np_05', 'cat_binary__np_07', 'cat_binary__np_08', 'cat_binary__np_09', 'cat_binary__np_10', 'cat_binary__endocr_01', 'cat_binary__endocr_02', 'cat_binary__endocr_03', 'cat_binary__zab_leg_01', 'cat_binary__zab_leg_02', 'cat_binary__zab_leg_03', 'cat_binary__zab_leg_04', 'cat_binary__zab_leg_06', 'cat_binary__O_L_POST', 'cat_binary__K_SH_POST', 'cat_binary__MP_TP_POST', 'cat_binary__SVT_POST', 'cat_binary__GT_POST', 'cat_binary__FIB_G_POST', 'cat_binary__IM_PG_P', 'cat_binary__ritm_ecg_p_01', 'cat_binary__ritm_ecg_p_02', 'cat_binary__ritm_ecg_p_04', 'cat_binary__ritm_ecg_p_06', 'cat_binary__ritm_ecg_p_07', 'cat_binary__ritm_ecg_p_08', 'cat_binary__n_r_ecg_p_01', 'cat_binary__n_r_ecg_p_02', 'cat_binary__n_r_ecg_p_03', 'cat_binary__n_r_ecg_p_04', 'cat_binary__n_r_ecg_p_05', 'cat_binary__n_r_ecg_p_06', 'cat_binary__n_r_ecg_p_08', 'cat_binary__n_r_ecg_p_09', 'cat_binary__n_r_ecg_p_10', 'cat_binary__n_p_ecg_p_01', 'cat_binary__n_p_ecg_p_03', 'cat_binary__n_p_ecg_p_04', 'cat_binary__n_p_ecg_p_05', 'cat_binary__n_p_ecg_p_06', 'cat_binary__n_p_ecg_p_07', 'cat_binary__n_p_ecg_p_08', 'cat_binary__n_p_ecg_p_09', 'cat_binary__n_p_ecg_p_10', 'cat_binary__n_p_ecg_p_11', 'cat_binary__n_p_ecg_p_12', 'cat_binary__fibr_ter_01', 'cat_binary__fibr_ter_02', 'cat_binary__fibr_ter_03', 'cat_binary__fibr_ter_05', 'cat_binary__fibr_ter_06', 'cat_binary__fibr_ter_07', 'cat_binary__fibr_ter_08', 'cat_binary__GIPO_K', 'cat_binary__GIPER_NA', 'cat_binary__NITR_S', 'cat_binary__LID_S_n', 'cat_binary__B_BLOK_S_n', 'cat_binary__ANT_CA_S_n', 'cat_binary__GEPAR_S_n', 'cat_binary__ASP_S_n', 'cat_binary__TIKL_S_n', 'cat_binary__TRENT_S_n']"
baseline__standard,10,8,StackingClassifier,generalization,8,130,2,17,0.8789808917197452,0.8,0.32,0.45714285714285713,0.9848484848484849,0.015151515151515138,0.6524242424242425,0.5613835722137897,0.45675398322907895,0.4028028028028028,0.8518181818181818,0.6208094317784012,1.0955414012738853,0.16015958786010742,157,"['num_log1p_standard_scaler__L_BLOOD', 'num_log1p_standard_scaler__K_BLOOD', 'num_standard_scaler__AGE', 'num_standard_scaler__S_AD_ORIT', 'num_standard_scaler__D_AD_ORIT', 'num_standard_scaler__NA_BLOOD', 'cat_nominal__IBS_POST_0.0', 'cat_nominal__IBS_POST_2.0', 'cat_ordinal__INF_ANAM', 'cat_ordinal__STENOK_AN', 'cat_ordinal__FK_STENOK', 'cat_ordinal__DLIT_AG', 'cat_ordinal__TIME_B_S', 'cat_ordinal__ant_im', 'cat_ordinal__lat_im', 'cat_ordinal__inf_im', 'cat_binary__nr_01', 'cat_binary__nr_04', 'cat_binary__nr_08', 'cat_binary__np_04', 'cat_binary__np_05', 'cat_binary__np_07', 'cat_binary__np_10', 'cat_binary__zab_leg_01', 'cat_binary__O_L_POST', 'cat_binary__K_SH_POST', 'cat_binary__MP_TP_POST', 'cat_binary__GT_POST', 'cat_binary__IM_PG_P', 'cat_binary__ritm_ecg_p_01', 'cat_binary__ritm_ecg_p_02', 'cat_binary__ritm_ecg_p_07', 'cat_binary__n_r_ecg_p_01', 'cat_binary__n_r_ecg_p_02', 'cat_binary__n_r_ecg_p_04', 'cat_binary__n_r_ecg_p_05', 'cat_binary__n_r_ecg_p_08', 'cat_binary__n_r_ecg_p_09', 'cat_binary__n_p_ecg_p_03', 'cat_binary__n_p_ecg_p_05', 'cat_binary__n_p_ecg_p_10', 'cat_binary__n_p_ecg_p_12', 'cat_binary__fibr_ter_02', 'cat_binary__fibr_ter_08', 'cat_binary__GIPO_K', 'cat_binary__GIPER_NA', 'cat_binary__NITR_S', 'cat_binary__ANT_CA_S_n', 'cat_binary__GEPAR_S_n', 'cat_binary__ASP_S_n']"
baseline__standard,10,9,StackingClassifier,generalization,10,129,3,15,0.8853503184713376,0.7692307692307693,0.4,0.5263157894736842,0.9772727272727273,0.022727272727272707,0.6886363636363637,0.6252272314199782,0.5009097201947151,0.4683972911963882,0.8839393939393939,0.6928783475880012,0.9745222929936306,0.13690805435180664,157,"['num_log1p_standard_scaler__L_BLOOD', 'num_standard_scaler__AGE', 'num_standard_scaler__S_AD_ORIT', 'num_standard_scaler__D_AD_ORIT', 'num_standard_scaler__NA_BLOOD', 'cat_nominal__IBS_POST_1.0', 'cat_ordinal__INF_ANAM', 'cat_ordinal__STENOK_AN', 'cat_ordinal__FK_STENOK', 'cat_ordinal__GB', 'cat_ordinal__DLIT_AG', 'cat_ordinal__TIME_B_S', 'cat_ordinal__ant_im', 'cat_ordinal__lat_im', 'cat_ordinal__inf_im', 'cat_partial_ordinal__HF_right_line', 'cat_partial_ordinal__HF_left_line', 'cat_binary__SEX', 'cat_binary__SIM_GIPERT', 'cat_binary__nr_11', 'cat_binary__nr_03', 'cat_binary__nr_04', 'cat_binary__nr_07', 'cat_binary__nr_08', 'cat_binary__np_01', 'cat_binary__np_04', 'cat_binary__np_05', 'cat_binary__np_09', 'cat_binary__np_10', 'cat_binary__endocr_01', 'cat_binary__endocr_02', 'cat_binary__endocr_03', 'cat_binary__zab_leg_06', 'cat_binary__O_L_POST', 'cat_binary__K_SH_POST', 'cat_binary__MP_TP_POST', 'cat_binary__SVT_POST', 'cat_binary__IM_PG_P', 'cat_binary__ritm_ecg_p_01', 'cat_binary__ritm_ecg_p_02', 'cat_binary__ritm_ecg_p_07', 'cat_binary__ritm_ecg_p_08', 'cat_binary__n_r_ecg_p_04', 'cat_binary__n_r_ecg_p_05', 'cat_binary__n_r_ecg_p_06', 'cat_binary__n_r_ecg_p_08', 'cat_binary__n_r_ecg_p_09', 'cat_binary__n_r_ecg_p_10', 'cat_binary__n_p_ecg_p_01', 'cat_binary__n_p_ecg_p_04', 'cat_binary__n_p_ecg_p_05', 'cat_binary__n_p_ecg_p_07', 'cat_binary__n_p_ecg_p_09', 'cat_binary__n_p_ecg_p_11', 'cat_binary__fibr_ter_03', 'cat_binary__fibr_ter_05', 'cat_binary__fibr_ter_06', 'cat_binary__fibr_ter_07', 'cat_binary__fibr_ter_08', 'cat_binary__NITR_S', 'cat_binary__ANT_CA_S_n', 'cat_binary__GEPAR_S_n', 'cat_binary__ASP_S_n', 'cat_binary__TIKL_S_n', 'cat_binary__TRENT_S_n']"
baseline__standard,10,10,StackingClassifier,generalization,12,127,5,13,0.8853503184713376,0.7058823529411765,0.48,0.5714285714285714,0.9621212121212122,0.037878787878787845,0.7210606060606061,0.6795720578556639,0.5206068083911443,0.508008356545961,0.9015151515151515,0.7045570370805845,0.8598726114649682,0.18333888053894043,157,"['num_log1p_standard_scaler__L_BLOOD', 'num_log1p_standard_scaler__AST_BLOOD', 'num_log1p_standard_scaler__ROE', 'num_standard_scaler__AGE', 'num_standard_scaler__S_AD_ORIT', 'num_standard_scaler__D_AD_ORIT', 'num_standard_scaler__NA_BLOOD', 'cat_nominal__IBS_POST_1.0', 'cat_nominal__IBS_POST_2.0', 'cat_ordinal__INF_ANAM', 'cat_ordinal__STENOK_AN', 'cat_ordinal__FK_STENOK', 'cat_ordinal__GB', 'cat_ordinal__DLIT_AG', 'cat_ordinal__TIME_B_S', 'cat_ordinal__ant_im', 'cat_partial_ordinal__HF_right_line', 'cat_partial_ordinal__HF_left_line', 'cat_binary__nr_01', 'cat_binary__nr_03', 'cat_binary__nr_04', 'cat_binary__nr_08', 'cat_binary__np_09', 'cat_binary__endocr_01', 'cat_binary__endocr_02', 'cat_binary__endocr_03', 'cat_binary__zab_leg_01', 'cat_binary__zab_leg_02', 'cat_binary__O_L_POST', 'cat_binary__K_SH_POST', 'cat_binary__MP_TP_POST', 'cat_binary__GT_POST', 'cat_binary__IM_PG_P', 'cat_binary__ritm_ecg_p_01', 'cat_binary__ritm_ecg_p_02', 'cat_binary__ritm_ecg_p_04', 'cat_binary__ritm_ecg_p_07', 'cat_binary__ritm_ecg_p_08', 'cat_binary__n_r_ecg_p_06', 'cat_binary__n_r_ecg_p_08', 'cat_binary__n_p_ecg_p_04', 'cat_binary__n_p_ecg_p_06', 'cat_binary__n_p_ecg_p_10', 'cat_binary__n_p_ecg_p_12', 'cat_binary__fibr_ter_03', 'cat_binary__fibr_ter_07', 'cat_binary__fibr_ter_08', 'cat_binary__LID_S_n', 'cat_binary__ANT_CA_S_n', 'cat_binary__ASP_S_n']"
