experiment_name,iteration,fold,model,split,tp,tn,fp,fn,accuracy,precision,recall,f1,specificity,fpr,balanced_accuracy,geometric_mean,mcc,kappa,roc_auc,average_precision,average_cost,fold_size,cv_tuning_mean_train_score,cv_tuning_std_train_score,cv_tuning_mean_val_score,cv_tuning_std_val_score,best_params,tuning_time,selected_features_names
smote_auto__mec_fp1_fn10,1,1,Exponential,resubstitution,169,0,891,0,0.15943396226415094,0.15943396226415094,1.0,0.27502034174125306,0.0,1.0,0.5,0.0,0.0,0.0,0.7772929824211874,0.4982013237335895,0.840566037735849,1414,0.7346698113207547,0.050114456039801365,0.8273584905660376,0.13363632951157306,"{'classifier__estimator__ccp_alpha': np.float64(0.008773730719279555), 'classifier__estimator__max_depth': 19, 'classifier__estimator__max_features': 'log2', 'classifier__estimator__max_leaf_nodes': 2, 'classifier__estimator__min_impurity_decrease': np.float64(0.013662133144202882), 'classifier__estimator__min_samples_leaf': 6, 'classifier__estimator__min_samples_split': 9, 'classifier__max_features': np.float64(0.7764099884539539), 'classifier__max_samples': np.float64(0.6482550718238993), 'classifier__n_estimators': 637, 'feature_selection_filter__k': 15}",83.96808004379272,"['num_log1p_standard_scaler__L_BLOOD', 'num_log1p_standard_scaler__ROE', 'num_standard_scaler__S_AD_ORIT', 'num_standard_scaler__D_AD_ORIT', 'num_standard_scaler__NA_BLOOD', 'cat_ordinal__TIME_B_S', 'cat_binary__nr_11', 'cat_binary__nr_02', 'cat_binary__K_SH_POST', 'cat_binary__MP_TP_POST', 'cat_binary__ritm_ecg_p_07', 'cat_binary__n_p_ecg_p_06', 'cat_binary__n_p_ecg_p_12', 'cat_binary__LID_S_n', 'cat_binary__B_BLOK_S_n']"
smote_auto__mec_fp1_fn10,1,2,Exponential,resubstitution,169,0,891,0,0.15943396226415094,0.15943396226415094,1.0,0.27502034174125306,0.0,1.0,0.5,0.0,0.0,0.0,0.83432284714336,0.5583079156592108,0.840566037735849,1414,0.7299528301886793,0.044512409220145564,0.7584905660377359,0.28187504711455263,"{'classifier__estimator__ccp_alpha': np.float64(0.0023023930115326175), 'classifier__estimator__max_depth': 3, 'classifier__estimator__max_features': 'log2', 'classifier__estimator__max_leaf_nodes': 4, 'classifier__estimator__min_impurity_decrease': np.float64(0.026230482259638144), 'classifier__estimator__min_samples_leaf': 1, 'classifier__estimator__min_samples_split': 8, 'classifier__max_features': np.float64(0.7377981835036266), 'classifier__max_samples': np.float64(0.8181868387857614), 'classifier__n_estimators': 633, 'feature_selection_filter__k': 45}",48.28542423248291,"['num_log1p_standard_scaler__L_BLOOD', 'num_log1p_standard_scaler__ROE', 'num_log1p_standard_scaler__K_BLOOD', 'num_standard_scaler__AGE', 'num_standard_scaler__S_AD_ORIT', 'num_standard_scaler__D_AD_ORIT', 'num_standard_scaler__NA_BLOOD', 'cat_ordinal__STENOK_AN', 'cat_ordinal__FK_STENOK', 'cat_ordinal__DLIT_AG', 'cat_ordinal__TIME_B_S', 'cat_ordinal__ant_im', 'cat_ordinal__inf_im', 'cat_ordinal__post_im', 'cat_partial_ordinal__HF_right_line', 'cat_binary__nr_11', 'cat_binary__nr_02', 'cat_binary__nr_03', 'cat_binary__np_01', 'cat_binary__zab_leg_03', 'cat_binary__zab_leg_04', 'cat_binary__zab_leg_06', 'cat_binary__O_L_POST', 'cat_binary__K_SH_POST', 'cat_binary__MP_TP_POST', 'cat_binary__ritm_ecg_p_01', 'cat_binary__ritm_ecg_p_02', 'cat_binary__ritm_ecg_p_07', 'cat_binary__ritm_ecg_p_08', 'cat_binary__n_r_ecg_p_01', 'cat_binary__n_r_ecg_p_02', 'cat_binary__n_r_ecg_p_03', 'cat_binary__n_r_ecg_p_04', 'cat_binary__n_r_ecg_p_05', 'cat_binary__n_r_ecg_p_08', 'cat_binary__n_r_ecg_p_10', 'cat_binary__n_p_ecg_p_06', 'cat_binary__n_p_ecg_p_12', 'cat_binary__fibr_ter_01', 'cat_binary__fibr_ter_03', 'cat_binary__fibr_ter_05', 'cat_binary__fibr_ter_07', 'cat_binary__NITR_S', 'cat_binary__ANT_CA_S_n', 'cat_binary__ASP_S_n']"
smote_auto__mec_fp1_fn10,1,3,Exponential,resubstitution,169,0,892,0,0.15928369462770972,0.15928369462770972,1.0,0.27479674796747966,0.0,1.0,0.5,0.0,0.0,0.0,0.7908363626714782,0.4716385046777314,0.8407163053722903,1415,0.7054661977465164,0.03431854507772458,0.7435955354770131,0.20379550391140108,"{'classifier__estimator__ccp_alpha': np.float64(0.007619575672550097), 'classifier__estimator__max_depth': 11, 'classifier__estimator__max_features': 'log2', 'classifier__estimator__max_leaf_nodes': 9, 'classifier__estimator__min_impurity_decrease': np.float64(0.03022386698231242), 'classifier__estimator__min_samples_leaf': 3, 'classifier__estimator__min_samples_split': 2, 'classifier__max_features': np.float64(0.5264588067918066), 'classifier__max_samples': np.float64(0.9848973172523425), 'classifier__n_estimators': 404, 'feature_selection_filter__k': 10}",53.401400566101074,"['num_log1p_standard_scaler__L_BLOOD', 'num_standard_scaler__AGE', 'num_standard_scaler__S_AD_ORIT', 'num_standard_scaler__D_AD_ORIT', 'cat_nominal__IBS_POST_0.0', 'cat_ordinal__GB', 'cat_binary__nr_08', 'cat_binary__O_L_POST', 'cat_binary__n_r_ecg_p_09', 'cat_binary__n_r_ecg_p_10']"
smote_auto__mec_fp1_fn10,1,4,Exponential,resubstitution,169,0,892,0,0.15928369462770972,0.15928369462770972,1.0,0.27479674796747966,0.0,1.0,0.5,0.0,0.0,0.0,0.8145481200413935,0.546435480097215,0.8407163053722903,1415,0.7547197590950508,0.03009228359024739,0.7614757728762512,0.08507185938090991,"{'classifier__estimator__ccp_alpha': np.float64(0.0040046995465349315), 'classifier__estimator__max_depth': 8, 'classifier__estimator__max_features': 'sqrt', 'classifier__estimator__max_leaf_nodes': 10, 'classifier__estimator__min_impurity_decrease': np.float64(0.0545862619279059), 'classifier__estimator__min_samples_leaf': 2, 'classifier__estimator__min_samples_split': 4, 'classifier__max_features': np.float64(0.9861173518940201), 'classifier__max_samples': np.float64(0.6580187119714668), 'classifier__n_estimators': 789, 'feature_selection_filter__k': 65}",52.40621614456177,"['num_log1p_standard_scaler__L_BLOOD', 'num_log1p_standard_scaler__K_BLOOD', 'num_standard_scaler__AGE', 'num_standard_scaler__S_AD_ORIT', 'num_standard_scaler__D_AD_ORIT', 'num_standard_scaler__NA_BLOOD', 'cat_nominal__IBS_POST_1.0', 'cat_nominal__IBS_POST_2.0', 'cat_ordinal__INF_ANAM', 'cat_ordinal__STENOK_AN', 'cat_ordinal__FK_STENOK', 'cat_ordinal__GB', 'cat_ordinal__DLIT_AG', 'cat_ordinal__TIME_B_S', 'cat_ordinal__ant_im', 'cat_ordinal__lat_im', 'cat_ordinal__inf_im', 'cat_partial_ordinal__HF_right_line', 'cat_partial_ordinal__HF_left_line', 'cat_binary__SEX', 'cat_binary__nr_11', 'cat_binary__nr_01', 'cat_binary__nr_02', 'cat_binary__nr_03', 'cat_binary__nr_04', 'cat_binary__np_01', 'cat_binary__np_05', 'cat_binary__np_09', 'cat_binary__np_10', 'cat_binary__zab_leg_01', 'cat_binary__zab_leg_04', 'cat_binary__zab_leg_06', 'cat_binary__O_L_POST', 'cat_binary__K_SH_POST', 'cat_binary__MP_TP_POST', 'cat_binary__SVT_POST', 'cat_binary__FIB_G_POST', 'cat_binary__ritm_ecg_p_01', 'cat_binary__ritm_ecg_p_06', 'cat_binary__ritm_ecg_p_07', 'cat_binary__ritm_ecg_p_08', 'cat_binary__n_r_ecg_p_01', 'cat_binary__n_r_ecg_p_02', 'cat_binary__n_r_ecg_p_03', 'cat_binary__n_r_ecg_p_05', 'cat_binary__n_r_ecg_p_06', 'cat_binary__n_r_ecg_p_09', 'cat_binary__n_r_ecg_p_10', 'cat_binary__n_p_ecg_p_03', 'cat_binary__n_p_ecg_p_04', 'cat_binary__n_p_ecg_p_05', 'cat_binary__n_p_ecg_p_06', 'cat_binary__n_p_ecg_p_07', 'cat_binary__n_p_ecg_p_08', 'cat_binary__n_p_ecg_p_11', 'cat_binary__n_p_ecg_p_12', 'cat_binary__fibr_ter_01', 'cat_binary__fibr_ter_02', 'cat_binary__fibr_ter_08', 'cat_binary__GIPER_NA', 'cat_binary__NITR_S', 'cat_binary__LID_S_n', 'cat_binary__ANT_CA_S_n', 'cat_binary__ASP_S_n', 'cat_binary__TIKL_S_n']"
smote_auto__mec_fp1_fn10,1,5,Exponential,resubstitution,169,0,892,0,0.15928369462770972,0.15928369462770972,1.0,0.27479674796747966,0.0,1.0,0.5,0.0,0.0,0.0,0.792508026640486,0.42566492841487596,0.8407163053722903,1415,0.7714233726692891,0.04052687991634778,0.7343033041013375,0.12922136279204766,"{'classifier__estimator__ccp_alpha': np.float64(0.0023274440122166597), 'classifier__estimator__max_depth': 4, 'classifier__estimator__max_features': 'log2', 'classifier__estimator__max_leaf_nodes': 6, 'classifier__estimator__min_impurity_decrease': np.float64(0.0448385693659916), 'classifier__estimator__min_samples_leaf': 6, 'classifier__estimator__min_samples_split': 9, 'classifier__max_features': np.float64(0.9723616750988042), 'classifier__max_samples': np.float64(0.8177631761541613), 'classifier__n_estimators': 897, 'feature_selection_filter__k': 15}",51.43191647529602,"['num_standard_scaler__AGE', 'num_standard_scaler__S_AD_ORIT', 'num_standard_scaler__D_AD_ORIT', 'cat_ordinal__FK_STENOK', 'cat_ordinal__TIME_B_S', 'cat_ordinal__ant_im', 'cat_partial_ordinal__HF_right_line', 'cat_binary__SEX', 'cat_binary__nr_11', 'cat_binary__np_07', 'cat_binary__ritm_ecg_p_01', 'cat_binary__ritm_ecg_p_04', 'cat_binary__NITR_S', 'cat_binary__B_BLOK_S_n', 'cat_binary__ASP_S_n']"
smote_auto__mec_fp1_fn10,1,6,Exponential,resubstitution,169,0,892,0,0.15928369462770972,0.15928369462770972,1.0,0.27479674796747966,0.0,1.0,0.5,0.0,0.0,0.0,0.8436198158516199,0.5552549009112437,0.8407163053722903,1415,0.7375244460741828,0.06436252503196112,0.8040437594118167,0.0487542330498092,"{'classifier__estimator__ccp_alpha': np.float64(0.007972221223035406), 'classifier__estimator__max_depth': 6, 'classifier__estimator__max_features': 'log2', 'classifier__estimator__max_leaf_nodes': 15, 'classifier__estimator__min_impurity_decrease': np.float64(0.02149495614503194), 'classifier__estimator__min_samples_leaf': 8, 'classifier__estimator__min_samples_split': 7, 'classifier__max_features': np.float64(0.991848489057992), 'classifier__max_samples': np.float64(0.6225021857222311), 'classifier__n_estimators': 418, 'feature_selection_filter__k': 15}",41.728442430496216,"['num_log1p_standard_scaler__L_BLOOD', 'num_log1p_standard_scaler__ROE', 'num_standard_scaler__AGE', 'num_standard_scaler__S_AD_ORIT', 'num_standard_scaler__D_AD_ORIT', 'cat_nominal__IBS_POST_2.0', 'cat_ordinal__FK_STENOK', 'cat_ordinal__GB', 'cat_ordinal__TIME_B_S', 'cat_ordinal__ant_im', 'cat_partial_ordinal__HF_right_line', 'cat_partial_ordinal__HF_left_line', 'cat_binary__K_SH_POST', 'cat_binary__MP_TP_POST', 'cat_binary__n_p_ecg_p_03']"
smote_auto__mec_fp1_fn10,1,7,Exponential,resubstitution,169,0,892,0,0.15928369462770972,0.15928369462770972,1.0,0.27479674796747966,0.0,1.0,0.5,0.0,0.0,0.0,0.8333510228991429,0.5438520552444788,0.8407163053722903,1415,0.7622522057026024,0.027123554471806696,0.7803702719461423,0.1077989751190194,"{'classifier__estimator__ccp_alpha': np.float64(0.001812233475613011), 'classifier__estimator__max_depth': 18, 'classifier__estimator__max_features': 'log2', 'classifier__estimator__max_leaf_nodes': 3, 'classifier__estimator__min_impurity_decrease': np.float64(0.00359942548554979), 'classifier__estimator__min_samples_leaf': 9, 'classifier__estimator__min_samples_split': 2, 'classifier__max_features': np.float64(0.5131803077205654), 'classifier__max_samples': np.float64(0.758063965740031), 'classifier__n_estimators': 961, 'feature_selection_filter__k': 30}",50.73373317718506,"['num_log1p_standard_scaler__L_BLOOD', 'num_log1p_standard_scaler__AST_BLOOD', 'num_log1p_standard_scaler__K_BLOOD', 'num_standard_scaler__AGE', 'num_standard_scaler__S_AD_ORIT', 'num_standard_scaler__D_AD_ORIT', 'num_standard_scaler__NA_BLOOD', 'cat_nominal__IBS_POST_1.0', 'cat_ordinal__TIME_B_S', 'cat_ordinal__ant_im', 'cat_ordinal__lat_im', 'cat_ordinal__inf_im', 'cat_binary__SEX', 'cat_binary__endocr_02', 'cat_binary__zab_leg_01', 'cat_binary__zab_leg_02', 'cat_binary__K_SH_POST', 'cat_binary__MP_TP_POST', 'cat_binary__ritm_ecg_p_01', 'cat_binary__ritm_ecg_p_04', 'cat_binary__ritm_ecg_p_07', 'cat_binary__n_r_ecg_p_04', 'cat_binary__n_r_ecg_p_06', 'cat_binary__n_p_ecg_p_09', 'cat_binary__fibr_ter_07', 'cat_binary__GIPO_K', 'cat_binary__NITR_S', 'cat_binary__B_BLOK_S_n', 'cat_binary__ANT_CA_S_n', 'cat_binary__TIKL_S_n']"
smote_auto__mec_fp1_fn10,1,8,Exponential,resubstitution,169,0,892,0,0.15928369462770972,0.15928369462770972,1.0,0.27479674796747966,0.0,1.0,0.5,0.0,0.0,0.0,0.8329861756043198,0.5749301755451357,0.8407163053722903,1415,0.6658988377002911,0.059809714815751126,0.8067366462928515,0.131351019565672,"{'classifier__estimator__ccp_alpha': np.float64(0.0030292043869342977), 'classifier__estimator__max_depth': 6, 'classifier__estimator__max_features': 'log2', 'classifier__estimator__max_leaf_nodes': 18, 'classifier__estimator__min_impurity_decrease': np.float64(0.020477630876478237), 'classifier__estimator__min_samples_leaf': 8, 'classifier__estimator__min_samples_split': 5, 'classifier__max_features': np.float64(0.900097291879755), 'classifier__max_samples': np.float64(0.9822060538080317), 'classifier__n_estimators': 615, 'feature_selection_filter__k': 15}",55.20364332199097,"['num_log1p_standard_scaler__L_BLOOD', 'num_standard_scaler__AGE', 'num_standard_scaler__D_AD_ORIT', 'num_standard_scaler__NA_BLOOD', 'cat_ordinal__STENOK_AN', 'cat_ordinal__TIME_B_S', 'cat_ordinal__ant_im', 'cat_ordinal__inf_im', 'cat_partial_ordinal__HF_right_line', 'cat_binary__O_L_POST', 'cat_binary__K_SH_POST', 'cat_binary__n_p_ecg_p_06', 'cat_binary__fibr_ter_07', 'cat_binary__NITR_S', 'cat_binary__GEPAR_S_n']"
smote_auto__mec_fp1_fn10,1,9,Exponential,resubstitution,169,0,892,0,0.15928369462770972,0.15928369462770972,1.0,0.27479674796747966,0.0,1.0,0.5,0.0,0.0,0.0,0.8255466075835168,0.5878901202240656,0.8407163053722903,1415,0.6918069537969198,0.04389948658441338,0.7974311276463814,0.14445361036382287,"{'classifier__estimator__ccp_alpha': np.float64(0.002858071735269877), 'classifier__estimator__max_depth': 18, 'classifier__estimator__max_features': 'log2', 'classifier__estimator__max_leaf_nodes': 19, 'classifier__estimator__min_impurity_decrease': np.float64(0.042062449986350975), 'classifier__estimator__min_samples_leaf': 6, 'classifier__estimator__min_samples_split': 3, 'classifier__max_features': np.float64(0.9075678797830886), 'classifier__max_samples': np.float64(0.6645536148415727), 'classifier__n_estimators': 794, 'feature_selection_filter__k': 45}",52.20486044883728,"['num_log1p_standard_scaler__L_BLOOD', 'num_log1p_standard_scaler__ROE', 'num_standard_scaler__AGE', 'num_standard_scaler__S_AD_ORIT', 'num_standard_scaler__D_AD_ORIT', 'num_standard_scaler__NA_BLOOD', 'cat_nominal__IBS_POST_0.0', 'cat_ordinal__INF_ANAM', 'cat_ordinal__STENOK_AN', 'cat_ordinal__GB', 'cat_ordinal__DLIT_AG', 'cat_ordinal__TIME_B_S', 'cat_ordinal__ant_im', 'cat_partial_ordinal__HF_right_line', 'cat_partial_ordinal__HF_left_line', 'cat_binary__SEX', 'cat_binary__nr_01', 'cat_binary__nr_02', 'cat_binary__nr_03', 'cat_binary__nr_08', 'cat_binary__np_01', 'cat_binary__np_08', 'cat_binary__endocr_01', 'cat_binary__endocr_02', 'cat_binary__O_L_POST', 'cat_binary__K_SH_POST', 'cat_binary__MP_TP_POST', 'cat_binary__FIB_G_POST', 'cat_binary__ritm_ecg_p_01', 'cat_binary__ritm_ecg_p_04', 'cat_binary__ritm_ecg_p_07', 'cat_binary__n_r_ecg_p_01', 'cat_binary__n_r_ecg_p_02', 'cat_binary__n_r_ecg_p_05', 'cat_binary__n_r_ecg_p_08', 'cat_binary__n_r_ecg_p_10', 'cat_binary__n_p_ecg_p_03', 'cat_binary__n_p_ecg_p_05', 'cat_binary__n_p_ecg_p_09', 'cat_binary__n_p_ecg_p_10', 'cat_binary__n_p_ecg_p_12', 'cat_binary__fibr_ter_07', 'cat_binary__NITR_S', 'cat_binary__B_BLOK_S_n', 'cat_binary__ASP_S_n']"
smote_auto__mec_fp1_fn10,1,10,Exponential,resubstitution,169,0,892,0,0.15928369462770972,0.15928369462770972,1.0,0.27479674796747966,0.0,1.0,0.5,0.0,0.0,0.0,0.8220971422506435,0.5631502141510664,0.8407163053722903,1415,0.8051422872635954,0.07850966162838695,0.8245903091505007,0.18158665958765757,"{'classifier__estimator__ccp_alpha': np.float64(0.0034874550072325817), 'classifier__estimator__max_depth': 9, 'classifier__estimator__max_features': 'log2', 'classifier__estimator__max_leaf_nodes': 8, 'classifier__estimator__min_impurity_decrease': np.float64(0.020997069110713498), 'classifier__estimator__min_samples_leaf': 9, 'classifier__estimator__min_samples_split': 2, 'classifier__max_features': np.float64(0.6656935754411869), 'classifier__max_samples': np.float64(0.8704136417124333), 'classifier__n_estimators': 469, 'feature_selection_filter__k': 10}",51.13609981536865,"['num_log1p_standard_scaler__L_BLOOD', 'num_standard_scaler__AGE', 'num_standard_scaler__S_AD_ORIT', 'num_standard_scaler__D_AD_ORIT', 'num_standard_scaler__NA_BLOOD', 'cat_ordinal__STENOK_AN', 'cat_ordinal__FK_STENOK', 'cat_ordinal__ant_im', 'cat_binary__K_SH_POST', 'cat_binary__ASP_S_n']"
smote_auto__mec_fp1_fn10,2,1,Exponential,resubstitution,169,0,891,0,0.15943396226415094,0.15943396226415094,1.0,0.27502034174125306,0.0,1.0,0.5,0.0,0.0,0.0,0.8179460615358052,0.5746944864068634,0.840566037735849,1414,0.7981132075471699,0.014736320143220134,0.8566037735849056,0.15184283906397728,"{'classifier__estimator__ccp_alpha': np.float64(0.0071529248392151945), 'classifier__estimator__max_depth': 17, 'classifier__estimator__max_features': 'log2', 'classifier__estimator__max_leaf_nodes': 14, 'classifier__estimator__min_impurity_decrease': np.float64(0.03348156564151846), 'classifier__estimator__min_samples_leaf': 1, 'classifier__estimator__min_samples_split': 8, 'classifier__max_features': np.float64(0.5787168734666316), 'classifier__max_samples': np.float64(0.8936926458183965), 'classifier__n_estimators': 667, 'feature_selection_filter__k': 85}",55.46285271644592,"['num_log1p_standard_scaler__L_BLOOD', 'num_log1p_standard_scaler__AST_BLOOD', 'num_log1p_standard_scaler__ROE', 'num_log1p_standard_scaler__K_BLOOD', 'num_standard_scaler__AGE', 'num_standard_scaler__S_AD_ORIT', 'num_standard_scaler__D_AD_ORIT', 'num_standard_scaler__NA_BLOOD', 'cat_nominal__IBS_POST_0.0', 'cat_nominal__IBS_POST_2.0', 'cat_ordinal__STENOK_AN', 'cat_ordinal__FK_STENOK', 'cat_ordinal__GB', 'cat_ordinal__DLIT_AG', 'cat_ordinal__TIME_B_S', 'cat_ordinal__ant_im', 'cat_ordinal__lat_im', 'cat_ordinal__inf_im', 'cat_partial_ordinal__HF_right_line', 'cat_partial_ordinal__HF_left_line', 'cat_binary__SEX', 'cat_binary__nr_01', 'cat_binary__nr_03', 'cat_binary__nr_07', 'cat_binary__np_05', 'cat_binary__np_08', 'cat_binary__np_10', 'cat_binary__endocr_01', 'cat_binary__endocr_02', 'cat_binary__endocr_03', 'cat_binary__zab_leg_01', 'cat_binary__zab_leg_02', 'cat_binary__zab_leg_03', 'cat_binary__zab_leg_04', 'cat_binary__zab_leg_06', 'cat_binary__O_L_POST', 'cat_binary__K_SH_POST', 'cat_binary__MP_TP_POST', 'cat_binary__SVT_POST', 'cat_binary__GT_POST', 'cat_binary__FIB_G_POST', 'cat_binary__IM_PG_P', 'cat_binary__ritm_ecg_p_01', 'cat_binary__ritm_ecg_p_02', 'cat_binary__ritm_ecg_p_04', 'cat_binary__ritm_ecg_p_06', 'cat_binary__ritm_ecg_p_07', 'cat_binary__ritm_ecg_p_08', 'cat_binary__n_r_ecg_p_01', 'cat_binary__n_r_ecg_p_02', 'cat_binary__n_r_ecg_p_03', 'cat_binary__n_r_ecg_p_04', 'cat_binary__n_r_ecg_p_05', 'cat_binary__n_r_ecg_p_06', 'cat_binary__n_r_ecg_p_08', 'cat_binary__n_r_ecg_p_09', 'cat_binary__n_r_ecg_p_10', 'cat_binary__n_p_ecg_p_01', 'cat_binary__n_p_ecg_p_03', 'cat_binary__n_p_ecg_p_04', 'cat_binary__n_p_ecg_p_05', 'cat_binary__n_p_ecg_p_06', 'cat_binary__n_p_ecg_p_07', 'cat_binary__n_p_ecg_p_08', 'cat_binary__n_p_ecg_p_09', 'cat_binary__n_p_ecg_p_10', 'cat_binary__n_p_ecg_p_11', 'cat_binary__n_p_ecg_p_12', 'cat_binary__fibr_ter_01', 'cat_binary__fibr_ter_02', 'cat_binary__fibr_ter_03', 'cat_binary__fibr_ter_05', 'cat_binary__fibr_ter_06', 'cat_binary__fibr_ter_07', 'cat_binary__fibr_ter_08', 'cat_binary__GIPO_K', 'cat_binary__GIPER_NA', 'cat_binary__NITR_S', 'cat_binary__LID_S_n', 'cat_binary__B_BLOK_S_n', 'cat_binary__ANT_CA_S_n', 'cat_binary__GEPAR_S_n', 'cat_binary__ASP_S_n', 'cat_binary__TIKL_S_n', 'cat_binary__TRENT_S_n']"
smote_auto__mec_fp1_fn10,2,2,Exponential,resubstitution,169,0,891,0,0.15943396226415094,0.15943396226415094,1.0,0.27502034174125306,0.0,1.0,0.5,0.0,0.0,0.0,0.8561021125123688,0.5915977969891556,0.840566037735849,1414,0.6589622641509434,0.018320477816923055,0.7971698113207547,0.09053655180384965,"{'classifier__estimator__ccp_alpha': np.float64(0.007407203696260145), 'classifier__estimator__max_depth': 6, 'classifier__estimator__max_features': 'sqrt', 'classifier__estimator__max_leaf_nodes': 15, 'classifier__estimator__min_impurity_decrease': np.float64(0.005329222232724307), 'classifier__estimator__min_samples_leaf': 1, 'classifier__estimator__min_samples_split': 8, 'classifier__max_features': np.float64(0.8327965493948), 'classifier__max_samples': np.float64(0.5482455514755838), 'classifier__n_estimators': 288, 'feature_selection_filter__k': 15}",49.27255892753601,"['num_log1p_standard_scaler__L_BLOOD', 'num_standard_scaler__AGE', 'num_standard_scaler__S_AD_ORIT', 'num_standard_scaler__D_AD_ORIT', 'cat_ordinal__STENOK_AN', 'cat_ordinal__FK_STENOK', 'cat_ordinal__ant_im', 'cat_ordinal__inf_im', 'cat_binary__endocr_01', 'cat_binary__O_L_POST', 'cat_binary__K_SH_POST', 'cat_binary__ritm_ecg_p_01', 'cat_binary__n_r_ecg_p_08', 'cat_binary__n_p_ecg_p_12', 'cat_binary__NITR_S']"
smote_auto__mec_fp1_fn10,2,3,Exponential,resubstitution,169,0,892,0,0.15928369462770972,0.15928369462770972,1.0,0.27479674796747966,0.0,1.0,0.5,0.0,0.0,0.0,0.7643119643378353,0.46345439448138775,0.8407163053722903,1415,0.8088989265951063,0.04355615681501555,0.8499601381876163,0.10537684204878628,"{'classifier__estimator__ccp_alpha': np.float64(0.0089441366238673), 'classifier__estimator__max_depth': 18, 'classifier__estimator__max_features': 'log2', 'classifier__estimator__max_leaf_nodes': 11, 'classifier__estimator__min_impurity_decrease': np.float64(0.061740428410472184), 'classifier__estimator__min_samples_leaf': 3, 'classifier__estimator__min_samples_split': 4, 'classifier__max_features': np.float64(0.912835936770182), 'classifier__max_samples': np.float64(0.6098108214479985), 'classifier__n_estimators': 980, 'feature_selection_filter__k': 55}",49.58228945732117,"['num_log1p_standard_scaler__L_BLOOD', 'num_log1p_standard_scaler__ALT_BLOOD', 'num_log1p_standard_scaler__AST_BLOOD', 'num_log1p_standard_scaler__ROE', 'num_log1p_standard_scaler__K_BLOOD', 'num_standard_scaler__AGE', 'num_standard_scaler__S_AD_ORIT', 'num_standard_scaler__D_AD_ORIT', 'num_standard_scaler__NA_BLOOD', 'cat_nominal__IBS_POST_0.0', 'cat_nominal__IBS_POST_2.0', 'cat_ordinal__INF_ANAM', 'cat_ordinal__STENOK_AN', 'cat_ordinal__GB', 'cat_ordinal__TIME_B_S', 'cat_ordinal__ant_im', 'cat_partial_ordinal__HF_right_line', 'cat_partial_ordinal__HF_left_line', 'cat_binary__nr_11', 'cat_binary__nr_02', 'cat_binary__nr_03', 'cat_binary__nr_07', 'cat_binary__nr_08', 'cat_binary__np_04', 'cat_binary__np_07', 'cat_binary__np_10', 'cat_binary__endocr_02', 'cat_binary__zab_leg_02', 'cat_binary__zab_leg_03', 'cat_binary__zab_leg_04', 'cat_binary__O_L_POST', 'cat_binary__K_SH_POST', 'cat_binary__MP_TP_POST', 'cat_binary__ritm_ecg_p_01', 'cat_binary__ritm_ecg_p_07', 'cat_binary__n_r_ecg_p_01', 'cat_binary__n_r_ecg_p_05', 'cat_binary__n_r_ecg_p_06', 'cat_binary__n_r_ecg_p_10', 'cat_binary__n_p_ecg_p_06', 'cat_binary__n_p_ecg_p_08', 'cat_binary__n_p_ecg_p_11', 'cat_binary__n_p_ecg_p_12', 'cat_binary__fibr_ter_02', 'cat_binary__fibr_ter_03', 'cat_binary__fibr_ter_06', 'cat_binary__fibr_ter_07', 'cat_binary__fibr_ter_08', 'cat_binary__GIPO_K', 'cat_binary__LID_S_n', 'cat_binary__B_BLOK_S_n', 'cat_binary__ANT_CA_S_n', 'cat_binary__GEPAR_S_n', 'cat_binary__ASP_S_n', 'cat_binary__TRENT_S_n']"
smote_auto__mec_fp1_fn10,2,4,Exponential,resubstitution,169,0,892,0,0.15928369462770972,0.15928369462770972,1.0,0.27479674796747966,0.0,1.0,0.5,0.0,0.0,0.0,0.8231386154376841,0.5264372259881854,0.8407163053722903,1415,0.7441118296775341,0.050349285678299896,0.840915935866773,0.2403845172563904,"{'classifier__estimator__ccp_alpha': np.float64(0.005102063610091926), 'classifier__estimator__max_depth': 9, 'classifier__estimator__max_features': 'log2', 'classifier__estimator__max_leaf_nodes': 4, 'classifier__estimator__min_impurity_decrease': np.float64(0.007646551867205354), 'classifier__estimator__min_samples_leaf': 8, 'classifier__estimator__min_samples_split': 3, 'classifier__max_features': np.float64(0.5301201750811912), 'classifier__max_samples': np.float64(0.8295485636606319), 'classifier__n_estimators': 552, 'feature_selection_filter__k': 25}",55.26887488365173,"['num_log1p_standard_scaler__L_BLOOD', 'num_log1p_standard_scaler__ROE', 'num_log1p_standard_scaler__K_BLOOD', 'num_standard_scaler__AGE', 'num_standard_scaler__S_AD_ORIT', 'num_standard_scaler__D_AD_ORIT', 'num_standard_scaler__NA_BLOOD', 'cat_nominal__IBS_POST_0.0', 'cat_ordinal__INF_ANAM', 'cat_ordinal__FK_STENOK', 'cat_ordinal__TIME_B_S', 'cat_ordinal__ant_im', 'cat_partial_ordinal__HF_right_line', 'cat_binary__nr_11', 'cat_binary__nr_04', 'cat_binary__np_01', 'cat_binary__zab_leg_03', 'cat_binary__K_SH_POST', 'cat_binary__ritm_ecg_p_01', 'cat_binary__ritm_ecg_p_07', 'cat_binary__n_r_ecg_p_04', 'cat_binary__n_p_ecg_p_08', 'cat_binary__n_p_ecg_p_09', 'cat_binary__n_p_ecg_p_10', 'cat_binary__GIPER_NA']"
smote_auto__mec_fp1_fn10,2,5,Exponential,resubstitution,169,0,892,0,0.15928369462770972,0.15928369462770972,1.0,0.27479674796747966,0.0,1.0,0.5,0.0,0.0,0.0,0.8202928065380635,0.5471939145803747,0.8407163053722903,1415,0.7747185923506011,0.04789658462186137,0.8058508282398794,0.1093710343470042,"{'classifier__estimator__ccp_alpha': np.float64(0.008493574108773813), 'classifier__estimator__max_depth': 6, 'classifier__estimator__max_features': 'sqrt', 'classifier__estimator__max_leaf_nodes': 7, 'classifier__estimator__min_impurity_decrease': np.float64(0.023875393527315738), 'classifier__estimator__min_samples_leaf': 8, 'classifier__estimator__min_samples_split': 3, 'classifier__max_features': np.float64(0.9067079570587324), 'classifier__max_samples': np.float64(0.926421363733587), 'classifier__n_estimators': 471, 'feature_selection_filter__k': 40}",54.30878019332886,"['num_log1p_standard_scaler__L_BLOOD', 'num_log1p_standard_scaler__ROE', 'num_log1p_standard_scaler__K_BLOOD', 'num_standard_scaler__AGE', 'num_standard_scaler__S_AD_ORIT', 'num_standard_scaler__D_AD_ORIT', 'num_standard_scaler__NA_BLOOD', 'cat_nominal__IBS_POST_2.0', 'cat_ordinal__FK_STENOK', 'cat_ordinal__TIME_B_S', 'cat_ordinal__ant_im', 'cat_binary__nr_07', 'cat_binary__np_07', 'cat_binary__np_09', 'cat_binary__np_10', 'cat_binary__endocr_01', 'cat_binary__endocr_02', 'cat_binary__zab_leg_04', 'cat_binary__zab_leg_06', 'cat_binary__O_L_POST', 'cat_binary__K_SH_POST', 'cat_binary__FIB_G_POST', 'cat_binary__IM_PG_P', 'cat_binary__ritm_ecg_p_01', 'cat_binary__ritm_ecg_p_07', 'cat_binary__n_r_ecg_p_01', 'cat_binary__n_r_ecg_p_06', 'cat_binary__n_r_ecg_p_10', 'cat_binary__n_p_ecg_p_07', 'cat_binary__n_p_ecg_p_08', 'cat_binary__n_p_ecg_p_09', 'cat_binary__n_p_ecg_p_10', 'cat_binary__fibr_ter_01', 'cat_binary__fibr_ter_06', 'cat_binary__fibr_ter_07', 'cat_binary__LID_S_n', 'cat_binary__ANT_CA_S_n', 'cat_binary__ASP_S_n', 'cat_binary__TIKL_S_n', 'cat_binary__TRENT_S_n']"
smote_auto__mec_fp1_fn10,2,6,Exponential,resubstitution,169,0,892,0,0.15928369462770972,0.15928369462770972,1.0,0.27479674796747966,0.0,1.0,0.5,0.0,0.0,0.0,0.7843188632685011,0.436631985405858,0.8407163053722903,1415,0.7624891659443963,0.04090931646691267,0.823691203826734,0.04365335406814762,"{'classifier__estimator__ccp_alpha': np.float64(0.008181082755255628), 'classifier__estimator__max_depth': 3, 'classifier__estimator__max_features': 'sqrt', 'classifier__estimator__max_leaf_nodes': 7, 'classifier__estimator__min_impurity_decrease': np.float64(0.06246817893311614), 'classifier__estimator__min_samples_leaf': 8, 'classifier__estimator__min_samples_split': 9, 'classifier__max_features': np.float64(0.5104178356961553), 'classifier__max_samples': np.float64(0.673752481491416), 'classifier__n_estimators': 869, 'feature_selection_filter__k': 35}",54.692302942276,"['num_log1p_standard_scaler__L_BLOOD', 'num_log1p_standard_scaler__ROE', 'num_standard_scaler__AGE', 'num_standard_scaler__S_AD_ORIT', 'num_standard_scaler__D_AD_ORIT', 'num_standard_scaler__NA_BLOOD', 'cat_nominal__IBS_POST_1.0', 'cat_ordinal__INF_ANAM', 'cat_ordinal__GB', 'cat_ordinal__TIME_B_S', 'cat_ordinal__ant_im', 'cat_ordinal__lat_im', 'cat_partial_ordinal__HF_right_line', 'cat_partial_ordinal__HF_left_line', 'cat_binary__nr_11', 'cat_binary__nr_04', 'cat_binary__nr_07', 'cat_binary__np_08', 'cat_binary__np_10', 'cat_binary__endocr_02', 'cat_binary__zab_leg_03', 'cat_binary__zab_leg_04', 'cat_binary__K_SH_POST', 'cat_binary__MP_TP_POST', 'cat_binary__IM_PG_P', 'cat_binary__ritm_ecg_p_02', 'cat_binary__ritm_ecg_p_07', 'cat_binary__n_r_ecg_p_06', 'cat_binary__n_r_ecg_p_10', 'cat_binary__n_p_ecg_p_04', 'cat_binary__n_p_ecg_p_06', 'cat_binary__n_p_ecg_p_12', 'cat_binary__NITR_S', 'cat_binary__ANT_CA_S_n', 'cat_binary__ASP_S_n']"
smote_auto__mec_fp1_fn10,2,7,Exponential,resubstitution,169,0,892,0,0.15928369462770972,0.15928369462770972,1.0,0.27479674796747966,0.0,1.0,0.5,0.0,0.0,0.0,0.8234636612094357,0.5387651574440605,0.8407163053722903,1415,0.731866013289775,0.06379996123428726,0.7954867570201081,0.12632555099476675,"{'classifier__estimator__ccp_alpha': np.float64(0.00906066438390634), 'classifier__estimator__max_depth': 9, 'classifier__estimator__max_features': 'sqrt', 'classifier__estimator__max_leaf_nodes': 7, 'classifier__estimator__min_impurity_decrease': np.float64(0.031383644117965064), 'classifier__estimator__min_samples_leaf': 2, 'classifier__estimator__min_samples_split': 4, 'classifier__max_features': np.float64(0.7085394383237117), 'classifier__max_samples': np.float64(0.9404936659811236), 'classifier__n_estimators': 308, 'feature_selection_filter__k': 20}",45.74207019805908,"['num_log1p_standard_scaler__L_BLOOD', 'num_log1p_standard_scaler__K_BLOOD', 'num_standard_scaler__AGE', 'num_standard_scaler__S_AD_ORIT', 'num_standard_scaler__D_AD_ORIT', 'cat_ordinal__STENOK_AN', 'cat_ordinal__FK_STENOK', 'cat_ordinal__ant_im', 'cat_partial_ordinal__HF_right_line', 'cat_partial_ordinal__HF_left_line', 'cat_binary__nr_08', 'cat_binary__K_SH_POST', 'cat_binary__ritm_ecg_p_01', 'cat_binary__n_p_ecg_p_07', 'cat_binary__n_p_ecg_p_09', 'cat_binary__n_p_ecg_p_11', 'cat_binary__n_p_ecg_p_12', 'cat_binary__NITR_S', 'cat_binary__B_BLOK_S_n', 'cat_binary__ASP_S_n']"
smote_auto__mec_fp1_fn10,2,8,Exponential,resubstitution,169,0,892,0,0.15928369462770972,0.15928369462770972,1.0,0.27479674796747966,0.0,1.0,0.5,0.0,0.0,0.0,0.8598986387879111,0.6109983958515502,0.8407163053722903,1415,0.7137306375980621,0.058948311814848144,0.7746168836920896,0.1700473688344589,"{'classifier__estimator__ccp_alpha': np.float64(0.00615678941863718), 'classifier__estimator__max_depth': 3, 'classifier__estimator__max_features': 'log2', 'classifier__estimator__max_leaf_nodes': 3, 'classifier__estimator__min_impurity_decrease': np.float64(0.0049576348554155715), 'classifier__estimator__min_samples_leaf': 5, 'classifier__estimator__min_samples_split': 8, 'classifier__max_features': np.float64(0.8910092368197188), 'classifier__max_samples': np.float64(0.6060790717274231), 'classifier__n_estimators': 959, 'feature_selection_filter__k': 80}",51.55050611495972,"['num_log1p_standard_scaler__L_BLOOD', 'num_log1p_standard_scaler__ROE', 'num_standard_scaler__AGE', 'num_standard_scaler__S_AD_ORIT', 'num_standard_scaler__D_AD_ORIT', 'num_standard_scaler__NA_BLOOD', 'cat_nominal__IBS_POST_1.0', 'cat_nominal__IBS_POST_2.0', 'cat_ordinal__INF_ANAM', 'cat_ordinal__STENOK_AN', 'cat_ordinal__FK_STENOK', 'cat_ordinal__GB', 'cat_ordinal__DLIT_AG', 'cat_ordinal__TIME_B_S', 'cat_ordinal__ant_im', 'cat_ordinal__inf_im', 'cat_partial_ordinal__HF_right_line', 'cat_partial_ordinal__HF_left_line', 'cat_binary__SEX', 'cat_binary__nr_11', 'cat_binary__nr_03', 'cat_binary__nr_04', 'cat_binary__nr_07', 'cat_binary__nr_08', 'cat_binary__np_01', 'cat_binary__np_07', 'cat_binary__np_08', 'cat_binary__endocr_02', 'cat_binary__zab_leg_01', 'cat_binary__zab_leg_02', 'cat_binary__zab_leg_03', 'cat_binary__zab_leg_04', 'cat_binary__zab_leg_06', 'cat_binary__K_SH_POST', 'cat_binary__MP_TP_POST', 'cat_binary__GT_POST', 'cat_binary__FIB_G_POST', 'cat_binary__IM_PG_P', 'cat_binary__ritm_ecg_p_01', 'cat_binary__ritm_ecg_p_02', 'cat_binary__ritm_ecg_p_04', 'cat_binary__ritm_ecg_p_07', 'cat_binary__ritm_ecg_p_08', 'cat_binary__n_r_ecg_p_01', 'cat_binary__n_r_ecg_p_02', 'cat_binary__n_r_ecg_p_03', 'cat_binary__n_r_ecg_p_04', 'cat_binary__n_r_ecg_p_05', 'cat_binary__n_r_ecg_p_06', 'cat_binary__n_r_ecg_p_08', 'cat_binary__n_r_ecg_p_09', 'cat_binary__n_r_ecg_p_10', 'cat_binary__n_p_ecg_p_01', 'cat_binary__n_p_ecg_p_03', 'cat_binary__n_p_ecg_p_04', 'cat_binary__n_p_ecg_p_05', 'cat_binary__n_p_ecg_p_06', 'cat_binary__n_p_ecg_p_07', 'cat_binary__n_p_ecg_p_08', 'cat_binary__n_p_ecg_p_09', 'cat_binary__n_p_ecg_p_10', 'cat_binary__n_p_ecg_p_11', 'cat_binary__n_p_ecg_p_12', 'cat_binary__fibr_ter_01', 'cat_binary__fibr_ter_02', 'cat_binary__fibr_ter_03', 'cat_binary__fibr_ter_05', 'cat_binary__fibr_ter_06', 'cat_binary__fibr_ter_07', 'cat_binary__fibr_ter_08', 'cat_binary__GIPO_K', 'cat_binary__GIPER_NA', 'cat_binary__NITR_S', 'cat_binary__LID_S_n', 'cat_binary__B_BLOK_S_n', 'cat_binary__ANT_CA_S_n', 'cat_binary__GEPAR_S_n', 'cat_binary__ASP_S_n', 'cat_binary__TIKL_S_n', 'cat_binary__TRENT_S_n']"
smote_auto__mec_fp1_fn10,2,9,Exponential,resubstitution,169,0,892,0,0.15928369462770972,0.15928369462770972,1.0,0.27479674796747966,0.0,1.0,0.5,0.0,0.0,0.0,0.847241754451137,0.6171446292937721,0.8407163053722903,1415,0.6870846945351913,0.007299945462519487,0.7653423686774736,0.024014502909839374,"{'classifier__estimator__ccp_alpha': np.float64(0.001035000920518292), 'classifier__estimator__max_depth': 15, 'classifier__estimator__max_features': 'sqrt', 'classifier__estimator__max_leaf_nodes': 3, 'classifier__estimator__min_impurity_decrease': np.float64(0.025333216231507128), 'classifier__estimator__min_samples_leaf': 7, 'classifier__estimator__min_samples_split': 6, 'classifier__max_features': np.float64(0.9469752748846227), 'classifier__max_samples': np.float64(0.6016423785042492), 'classifier__n_estimators': 399, 'feature_selection_filter__k': 'all'}",53.16311454772949,"['num_log1p_standard_scaler__L_BLOOD', 'num_log1p_standard_scaler__ALT_BLOOD', 'num_log1p_standard_scaler__AST_BLOOD', 'num_log1p_standard_scaler__ROE', 'num_log1p_standard_scaler__K_BLOOD', 'num_standard_scaler__AGE', 'num_standard_scaler__S_AD_ORIT', 'num_standard_scaler__D_AD_ORIT', 'num_standard_scaler__NA_BLOOD', 'cat_nominal__IBS_POST_0.0', 'cat_nominal__IBS_POST_1.0', 'cat_nominal__IBS_POST_2.0', 'cat_ordinal__INF_ANAM', 'cat_ordinal__STENOK_AN', 'cat_ordinal__FK_STENOK', 'cat_ordinal__GB', 'cat_ordinal__DLIT_AG', 'cat_ordinal__TIME_B_S', 'cat_ordinal__ant_im', 'cat_ordinal__lat_im', 'cat_ordinal__inf_im', 'cat_ordinal__post_im', 'cat_partial_ordinal__HF_right_line', 'cat_partial_ordinal__HF_left_line', 'cat_binary__SEX', 'cat_binary__SIM_GIPERT', 'cat_binary__nr_11', 'cat_binary__nr_01', 'cat_binary__nr_02', 'cat_binary__nr_03', 'cat_binary__nr_04', 'cat_binary__nr_07', 'cat_binary__nr_08', 'cat_binary__np_01', 'cat_binary__np_04', 'cat_binary__np_05', 'cat_binary__np_07', 'cat_binary__np_08', 'cat_binary__np_09', 'cat_binary__np_10', 'cat_binary__endocr_01', 'cat_binary__endocr_02', 'cat_binary__endocr_03', 'cat_binary__zab_leg_01', 'cat_binary__zab_leg_02', 'cat_binary__zab_leg_03', 'cat_binary__zab_leg_04', 'cat_binary__zab_leg_06', 'cat_binary__O_L_POST', 'cat_binary__K_SH_POST', 'cat_binary__MP_TP_POST', 'cat_binary__SVT_POST', 'cat_binary__GT_POST', 'cat_binary__FIB_G_POST', 'cat_binary__IM_PG_P', 'cat_binary__ritm_ecg_p_01', 'cat_binary__ritm_ecg_p_02', 'cat_binary__ritm_ecg_p_04', 'cat_binary__ritm_ecg_p_06', 'cat_binary__ritm_ecg_p_07', 'cat_binary__ritm_ecg_p_08', 'cat_binary__n_r_ecg_p_01', 'cat_binary__n_r_ecg_p_02', 'cat_binary__n_r_ecg_p_03', 'cat_binary__n_r_ecg_p_04', 'cat_binary__n_r_ecg_p_05', 'cat_binary__n_r_ecg_p_06', 'cat_binary__n_r_ecg_p_08', 'cat_binary__n_r_ecg_p_09', 'cat_binary__n_r_ecg_p_10', 'cat_binary__n_p_ecg_p_01', 'cat_binary__n_p_ecg_p_03', 'cat_binary__n_p_ecg_p_04', 'cat_binary__n_p_ecg_p_05', 'cat_binary__n_p_ecg_p_06', 'cat_binary__n_p_ecg_p_07', 'cat_binary__n_p_ecg_p_08', 'cat_binary__n_p_ecg_p_09', 'cat_binary__n_p_ecg_p_10', 'cat_binary__n_p_ecg_p_11', 'cat_binary__n_p_ecg_p_12', 'cat_binary__fibr_ter_01', 'cat_binary__fibr_ter_02', 'cat_binary__fibr_ter_03', 'cat_binary__fibr_ter_05', 'cat_binary__fibr_ter_06', 'cat_binary__fibr_ter_07', 'cat_binary__fibr_ter_08', 'cat_binary__GIPO_K', 'cat_binary__GIPER_NA', 'cat_binary__NITR_S', 'cat_binary__LID_S_n', 'cat_binary__B_BLOK_S_n', 'cat_binary__ANT_CA_S_n', 'cat_binary__GEPAR_S_n', 'cat_binary__ASP_S_n', 'cat_binary__TIKL_S_n', 'cat_binary__TRENT_S_n']"
smote_auto__mec_fp1_fn10,2,10,Exponential,resubstitution,169,0,892,0,0.15928369462770972,0.15928369462770972,1.0,0.27479674796747966,0.0,1.0,0.5,0.0,0.0,0.0,0.8477558574574787,0.591426742872784,0.8407163053722903,1415,0.7101806787119141,0.04046298258636681,0.8173310302063955,0.10828714173837917,"{'classifier__estimator__ccp_alpha': np.float64(0.007667905079459611), 'classifier__estimator__max_depth': 3, 'classifier__estimator__max_features': 'log2', 'classifier__estimator__max_leaf_nodes': 13, 'classifier__estimator__min_impurity_decrease': np.float64(0.00729421324873123), 'classifier__estimator__min_samples_leaf': 7, 'classifier__estimator__min_samples_split': 9, 'classifier__max_features': np.float64(0.7200266784050313), 'classifier__max_samples': np.float64(0.5732731717027921), 'classifier__n_estimators': 869, 'feature_selection_filter__k': 30}",54.5346884727478,"['num_log1p_standard_scaler__L_BLOOD', 'num_standard_scaler__AGE', 'num_standard_scaler__S_AD_ORIT', 'num_standard_scaler__D_AD_ORIT', 'cat_nominal__IBS_POST_2.0', 'cat_ordinal__INF_ANAM', 'cat_ordinal__TIME_B_S', 'cat_ordinal__ant_im', 'cat_ordinal__inf_im', 'cat_partial_ordinal__HF_right_line', 'cat_binary__nr_08', 'cat_binary__np_08', 'cat_binary__np_09', 'cat_binary__endocr_03', 'cat_binary__zab_leg_04', 'cat_binary__O_L_POST', 'cat_binary__K_SH_POST', 'cat_binary__MP_TP_POST', 'cat_binary__FIB_G_POST', 'cat_binary__ritm_ecg_p_01', 'cat_binary__ritm_ecg_p_04', 'cat_binary__ritm_ecg_p_07', 'cat_binary__n_r_ecg_p_02', 'cat_binary__n_p_ecg_p_05', 'cat_binary__n_p_ecg_p_11', 'cat_binary__fibr_ter_05', 'cat_binary__fibr_ter_06', 'cat_binary__GIPO_K', 'cat_binary__LID_S_n', 'cat_binary__TIKL_S_n']"
smote_auto__mec_fp1_fn10,3,1,Exponential,resubstitution,169,0,891,0,0.15943396226415094,0.15943396226415094,1.0,0.27502034174125306,0.0,1.0,0.5,0.0,0.0,0.0,0.7717543614979512,0.4730544359865274,0.840566037735849,1414,0.7018867924528303,0.046923887228097684,0.7971698113207547,0.20750428373382787,"{'classifier__estimator__ccp_alpha': np.float64(0.0024317388835211028), 'classifier__estimator__max_depth': 18, 'classifier__estimator__max_features': 'sqrt', 'classifier__estimator__max_leaf_nodes': 17, 'classifier__estimator__min_impurity_decrease': np.float64(0.02397027700941523), 'classifier__estimator__min_samples_leaf': 9, 'classifier__estimator__min_samples_split': 4, 'classifier__max_features': np.float64(0.6273713729880425), 'classifier__max_samples': np.float64(0.7572774633053003), 'classifier__n_estimators': 949, 'feature_selection_filter__k': 10}",54.02578401565552,"['num_log1p_standard_scaler__ALT_BLOOD', 'num_standard_scaler__AGE', 'num_standard_scaler__S_AD_ORIT', 'num_standard_scaler__D_AD_ORIT', 'cat_ordinal__GB', 'cat_partial_ordinal__HF_right_line', 'cat_binary__nr_08', 'cat_binary__O_L_POST', 'cat_binary__K_SH_POST', 'cat_binary__fibr_ter_05']"
smote_auto__mec_fp1_fn10,3,2,Exponential,resubstitution,169,0,891,0,0.15943396226415094,0.15943396226415094,1.0,0.27502034174125306,0.0,1.0,0.5,0.0,0.0,0.0,0.7861189143240426,0.5072817848731316,0.840566037735849,1414,0.8160377358490566,0.04852418810874297,0.9037735849056604,0.10775385634131975,"{'classifier__estimator__ccp_alpha': np.float64(0.00287071840732263), 'classifier__estimator__max_depth': 10, 'classifier__estimator__max_features': 'sqrt', 'classifier__estimator__max_leaf_nodes': 4, 'classifier__estimator__min_impurity_decrease': np.float64(0.034687864778266485), 'classifier__estimator__min_samples_leaf': 9, 'classifier__estimator__min_samples_split': 8, 'classifier__max_features': np.float64(0.7008312302044898), 'classifier__max_samples': np.float64(0.6309336191856457), 'classifier__n_estimators': 655, 'feature_selection_filter__k': 20}",58.290618896484375,"['num_log1p_standard_scaler__L_BLOOD', 'num_log1p_standard_scaler__ROE', 'num_log1p_standard_scaler__K_BLOOD', 'num_standard_scaler__AGE', 'num_standard_scaler__S_AD_ORIT', 'num_standard_scaler__D_AD_ORIT', 'cat_ordinal__INF_ANAM', 'cat_ordinal__FK_STENOK', 'cat_ordinal__DLIT_AG', 'cat_ordinal__TIME_B_S', 'cat_partial_ordinal__HF_left_line', 'cat_binary__nr_08', 'cat_binary__np_08', 'cat_binary__K_SH_POST', 'cat_binary__SVT_POST', 'cat_binary__ritm_ecg_p_07', 'cat_binary__n_r_ecg_p_04', 'cat_binary__n_r_ecg_p_08', 'cat_binary__NITR_S', 'cat_binary__ASP_S_n']"
smote_auto__mec_fp1_fn10,3,3,Exponential,resubstitution,169,0,892,0,0.15928369462770972,0.15928369462770972,1.0,0.27479674796747966,0.0,1.0,0.5,0.0,0.0,0.0,0.7872542255950328,0.5123700957439414,0.8407163053722903,1415,0.8079546969797986,0.024873917642430507,0.7860217911241032,0.1075548342611368,"{'classifier__estimator__ccp_alpha': np.float64(0.002583466080713043), 'classifier__estimator__max_depth': 8, 'classifier__estimator__max_features': 'sqrt', 'classifier__estimator__max_leaf_nodes': 15, 'classifier__estimator__min_impurity_decrease': np.float64(0.06473755349884441), 'classifier__estimator__min_samples_leaf': 4, 'classifier__estimator__min_samples_split': 2, 'classifier__max_features': np.float64(0.806893558273969), 'classifier__max_samples': np.float64(0.7158121536692579), 'classifier__n_estimators': 207, 'feature_selection_filter__k': 55}",52.025434255599976,"['num_log1p_standard_scaler__L_BLOOD', 'num_log1p_standard_scaler__AST_BLOOD', 'num_log1p_standard_scaler__ROE', 'num_log1p_standard_scaler__K_BLOOD', 'num_standard_scaler__AGE', 'num_standard_scaler__S_AD_ORIT', 'num_standard_scaler__D_AD_ORIT', 'num_standard_scaler__NA_BLOOD', 'cat_nominal__IBS_POST_0.0', 'cat_nominal__IBS_POST_1.0', 'cat_nominal__IBS_POST_2.0', 'cat_ordinal__STENOK_AN', 'cat_ordinal__FK_STENOK', 'cat_ordinal__DLIT_AG', 'cat_ordinal__TIME_B_S', 'cat_ordinal__lat_im', 'cat_ordinal__inf_im', 'cat_partial_ordinal__HF_right_line', 'cat_partial_ordinal__HF_left_line', 'cat_binary__SEX', 'cat_binary__nr_11', 'cat_binary__np_01', 'cat_binary__np_09', 'cat_binary__endocr_03', 'cat_binary__zab_leg_01', 'cat_binary__O_L_POST', 'cat_binary__K_SH_POST', 'cat_binary__MP_TP_POST', 'cat_binary__SVT_POST', 'cat_binary__GT_POST', 'cat_binary__ritm_ecg_p_01', 'cat_binary__ritm_ecg_p_02', 'cat_binary__ritm_ecg_p_07', 'cat_binary__n_r_ecg_p_01', 'cat_binary__n_r_ecg_p_03', 'cat_binary__n_r_ecg_p_04', 'cat_binary__n_r_ecg_p_05', 'cat_binary__n_r_ecg_p_06', 'cat_binary__n_r_ecg_p_08', 'cat_binary__n_r_ecg_p_10', 'cat_binary__n_p_ecg_p_01', 'cat_binary__n_p_ecg_p_03', 'cat_binary__n_p_ecg_p_07', 'cat_binary__n_p_ecg_p_12', 'cat_binary__fibr_ter_01', 'cat_binary__fibr_ter_02', 'cat_binary__fibr_ter_08', 'cat_binary__GIPO_K', 'cat_binary__GIPER_NA', 'cat_binary__NITR_S', 'cat_binary__B_BLOK_S_n', 'cat_binary__ANT_CA_S_n', 'cat_binary__GEPAR_S_n', 'cat_binary__ASP_S_n', 'cat_binary__TRENT_S_n']"
smote_auto__mec_fp1_fn10,3,4,Exponential,resubstitution,169,0,892,0,0.15928369462770972,0.15928369462770972,1.0,0.27479674796747966,0.0,1.0,0.5,0.0,0.0,0.0,0.5,0.15928369462770972,0.8407163053722903,1415,0.8159813432006577,0.049335366489053005,0.8595845513331563,0.03723007391554109,"{'classifier__estimator__ccp_alpha': np.float64(0.004106564273648407), 'classifier__estimator__max_depth': 14, 'classifier__estimator__max_features': 'sqrt', 'classifier__estimator__max_leaf_nodes': 11, 'classifier__estimator__min_impurity_decrease': np.float64(0.09355849135956262), 'classifier__estimator__min_samples_leaf': 2, 'classifier__estimator__min_samples_split': 2, 'classifier__max_features': np.float64(0.5312583568488007), 'classifier__max_samples': np.float64(0.7282376329348843), 'classifier__n_estimators': 742, 'feature_selection_filter__k': 5}",52.25868105888367,"['num_log1p_standard_scaler__L_BLOOD', 'num_standard_scaler__AGE', 'num_standard_scaler__S_AD_ORIT', 'num_standard_scaler__D_AD_ORIT', 'cat_binary__ASP_S_n']"
smote_auto__mec_fp1_fn10,3,5,Exponential,resubstitution,169,0,892,0,0.15928369462770972,0.15928369462770972,1.0,0.27479674796747966,0.0,1.0,0.5,0.0,0.0,0.0,0.8037983920184679,0.5164253025713943,0.8407163053722903,1415,0.7655752050136677,0.05488632014101646,0.8369474709894588,0.12024305931239536,"{'classifier__estimator__ccp_alpha': np.float64(0.00814308848165749), 'classifier__estimator__max_depth': 9, 'classifier__estimator__max_features': 'sqrt', 'classifier__estimator__max_leaf_nodes': 4, 'classifier__estimator__min_impurity_decrease': np.float64(0.044099260361036535), 'classifier__estimator__min_samples_leaf': 3, 'classifier__estimator__min_samples_split': 9, 'classifier__max_features': np.float64(0.5625509191431323), 'classifier__max_samples': np.float64(0.6171687070692478), 'classifier__n_estimators': 251, 'feature_selection_filter__k': 20}",53.4216947555542,"['num_log1p_standard_scaler__L_BLOOD', 'num_log1p_standard_scaler__ALT_BLOOD', 'num_log1p_standard_scaler__K_BLOOD', 'num_standard_scaler__AGE', 'num_standard_scaler__S_AD_ORIT', 'num_standard_scaler__D_AD_ORIT', 'cat_ordinal__GB', 'cat_ordinal__DLIT_AG', 'cat_ordinal__TIME_B_S', 'cat_partial_ordinal__HF_left_line', 'cat_binary__zab_leg_06', 'cat_binary__K_SH_POST', 'cat_binary__ritm_ecg_p_04', 'cat_binary__n_r_ecg_p_05', 'cat_binary__n_p_ecg_p_12', 'cat_binary__fibr_ter_08', 'cat_binary__NITR_S', 'cat_binary__B_BLOK_S_n', 'cat_binary__ASP_S_n', 'cat_binary__TIKL_S_n']"
smote_auto__mec_fp1_fn10,3,6,Exponential,resubstitution,169,0,892,0,0.15928369462770972,0.15928369462770972,1.0,0.27479674796747966,0.0,1.0,0.5,0.0,0.0,0.0,0.8334306259452862,0.5758705206525324,0.8407163053722903,1415,0.7422294819654643,0.02981617808603192,0.8209584551333157,0.1019256982138918,"{'classifier__estimator__ccp_alpha': np.float64(0.0012985103713158753), 'classifier__estimator__max_depth': 19, 'classifier__estimator__max_features': 'log2', 'classifier__estimator__max_leaf_nodes': 7, 'classifier__estimator__min_impurity_decrease': np.float64(0.04102735384219052), 'classifier__estimator__min_samples_leaf': 4, 'classifier__estimator__min_samples_split': 8, 'classifier__max_features': np.float64(0.5425553056305583), 'classifier__max_samples': np.float64(0.7937870048140214), 'classifier__n_estimators': 866, 'feature_selection_filter__k': 60}",55.55147051811218,"['num_log1p_standard_scaler__L_BLOOD', 'num_log1p_standard_scaler__ROE', 'num_log1p_standard_scaler__K_BLOOD', 'num_standard_scaler__AGE', 'num_standard_scaler__S_AD_ORIT', 'num_standard_scaler__D_AD_ORIT', 'num_standard_scaler__NA_BLOOD', 'cat_nominal__IBS_POST_0.0', 'cat_nominal__IBS_POST_2.0', 'cat_ordinal__FK_STENOK', 'cat_ordinal__TIME_B_S', 'cat_ordinal__ant_im', 'cat_ordinal__lat_im', 'cat_ordinal__inf_im', 'cat_ordinal__post_im', 'cat_partial_ordinal__HF_right_line', 'cat_partial_ordinal__HF_left_line', 'cat_binary__nr_02', 'cat_binary__nr_04', 'cat_binary__nr_07', 'cat_binary__nr_08', 'cat_binary__np_05', 'cat_binary__np_10', 'cat_binary__endocr_01', 'cat_binary__endocr_02', 'cat_binary__endocr_03', 'cat_binary__zab_leg_02', 'cat_binary__zab_leg_03', 'cat_binary__zab_leg_06', 'cat_binary__O_L_POST', 'cat_binary__K_SH_POST', 'cat_binary__SVT_POST', 'cat_binary__FIB_G_POST', 'cat_binary__IM_PG_P', 'cat_binary__ritm_ecg_p_01', 'cat_binary__ritm_ecg_p_02', 'cat_binary__ritm_ecg_p_04', 'cat_binary__ritm_ecg_p_07', 'cat_binary__ritm_ecg_p_08', 'cat_binary__n_r_ecg_p_05', 'cat_binary__n_r_ecg_p_06', 'cat_binary__n_r_ecg_p_08', 'cat_binary__n_r_ecg_p_09', 'cat_binary__n_r_ecg_p_10', 'cat_binary__n_p_ecg_p_01', 'cat_binary__n_p_ecg_p_04', 'cat_binary__n_p_ecg_p_06', 'cat_binary__n_p_ecg_p_07', 'cat_binary__n_p_ecg_p_08', 'cat_binary__n_p_ecg_p_10', 'cat_binary__n_p_ecg_p_11', 'cat_binary__n_p_ecg_p_12', 'cat_binary__fibr_ter_01', 'cat_binary__fibr_ter_05', 'cat_binary__GIPO_K', 'cat_binary__NITR_S', 'cat_binary__B_BLOK_S_n', 'cat_binary__GEPAR_S_n', 'cat_binary__ASP_S_n', 'cat_binary__TRENT_S_n']"
smote_auto__mec_fp1_fn10,3,7,Exponential,resubstitution,169,0,892,0,0.15928369462770972,0.15928369462770972,1.0,0.27479674796747966,0.0,1.0,0.5,0.0,0.0,0.0,0.8329762252235519,0.5567426972105439,0.8407163053722903,1415,0.755888725915061,0.02443751254208734,0.8011737089201878,0.10398911373847429,"{'classifier__estimator__ccp_alpha': np.float64(0.001810445149989879), 'classifier__estimator__max_depth': 9, 'classifier__estimator__max_features': 'log2', 'classifier__estimator__max_leaf_nodes': 14, 'classifier__estimator__min_impurity_decrease': np.float64(0.041962873218990115), 'classifier__estimator__min_samples_leaf': 5, 'classifier__estimator__min_samples_split': 9, 'classifier__max_features': np.float64(0.6404637137367868), 'classifier__max_samples': np.float64(0.7946154858660975), 'classifier__n_estimators': 144, 'feature_selection_filter__k': 55}",52.91219401359558,"['num_log1p_standard_scaler__L_BLOOD', 'num_log1p_standard_scaler__K_BLOOD', 'num_standard_scaler__AGE', 'num_standard_scaler__S_AD_ORIT', 'num_standard_scaler__D_AD_ORIT', 'num_standard_scaler__NA_BLOOD', 'cat_nominal__IBS_POST_0.0', 'cat_nominal__IBS_POST_1.0', 'cat_ordinal__FK_STENOK', 'cat_ordinal__DLIT_AG', 'cat_ordinal__TIME_B_S', 'cat_ordinal__ant_im', 'cat_ordinal__lat_im', 'cat_ordinal__inf_im', 'cat_partial_ordinal__HF_right_line', 'cat_binary__SEX', 'cat_binary__SIM_GIPERT', 'cat_binary__nr_11', 'cat_binary__nr_02', 'cat_binary__nr_03', 'cat_binary__nr_04', 'cat_binary__nr_07', 'cat_binary__np_07', 'cat_binary__np_09', 'cat_binary__np_10', 'cat_binary__endocr_01', 'cat_binary__zab_leg_02', 'cat_binary__zab_leg_04', 'cat_binary__zab_leg_06', 'cat_binary__O_L_POST', 'cat_binary__K_SH_POST', 'cat_binary__MP_TP_POST', 'cat_binary__GT_POST', 'cat_binary__IM_PG_P', 'cat_binary__ritm_ecg_p_01', 'cat_binary__ritm_ecg_p_04', 'cat_binary__ritm_ecg_p_06', 'cat_binary__ritm_ecg_p_08', 'cat_binary__n_r_ecg_p_05', 'cat_binary__n_r_ecg_p_06', 'cat_binary__n_r_ecg_p_08', 'cat_binary__n_p_ecg_p_05', 'cat_binary__n_p_ecg_p_07', 'cat_binary__n_p_ecg_p_12', 'cat_binary__fibr_ter_01', 'cat_binary__fibr_ter_02', 'cat_binary__fibr_ter_03', 'cat_binary__fibr_ter_05', 'cat_binary__GIPO_K', 'cat_binary__GIPER_NA', 'cat_binary__NITR_S', 'cat_binary__ANT_CA_S_n', 'cat_binary__GEPAR_S_n', 'cat_binary__ASP_S_n', 'cat_binary__TIKL_S_n']"
smote_auto__mec_fp1_fn10,3,8,Exponential,resubstitution,169,0,892,0,0.15928369462770972,0.15928369462770972,1.0,0.27479674796747966,0.0,1.0,0.5,0.0,0.0,0.0,0.8387839307984185,0.5719597837913004,0.8407163053722903,1415,0.7530871502544614,0.07147578060734217,0.8332004606253876,0.07867816423967992,"{'classifier__estimator__ccp_alpha': np.float64(0.00909034112340112), 'classifier__estimator__max_depth': 9, 'classifier__estimator__max_features': 'log2', 'classifier__estimator__max_leaf_nodes': 3, 'classifier__estimator__min_impurity_decrease': np.float64(0.0025185538057022616), 'classifier__estimator__min_samples_leaf': 1, 'classifier__estimator__min_samples_split': 7, 'classifier__max_features': np.float64(0.6242524458135832), 'classifier__max_samples': np.float64(0.8617875222988873), 'classifier__n_estimators': 226, 'feature_selection_filter__k': 90}",52.88578534126282,"['num_log1p_standard_scaler__L_BLOOD', 'num_log1p_standard_scaler__ALT_BLOOD', 'num_log1p_standard_scaler__ROE', 'num_log1p_standard_scaler__K_BLOOD', 'num_standard_scaler__AGE', 'num_standard_scaler__S_AD_ORIT', 'num_standard_scaler__D_AD_ORIT', 'num_standard_scaler__NA_BLOOD', 'cat_nominal__IBS_POST_0.0', 'cat_nominal__IBS_POST_1.0', 'cat_nominal__IBS_POST_2.0', 'cat_ordinal__STENOK_AN', 'cat_ordinal__FK_STENOK', 'cat_ordinal__GB', 'cat_ordinal__DLIT_AG', 'cat_ordinal__TIME_B_S', 'cat_ordinal__ant_im', 'cat_ordinal__lat_im', 'cat_ordinal__inf_im', 'cat_partial_ordinal__HF_right_line', 'cat_partial_ordinal__HF_left_line', 'cat_binary__SEX', 'cat_binary__SIM_GIPERT', 'cat_binary__nr_11', 'cat_binary__nr_01', 'cat_binary__nr_02', 'cat_binary__nr_03', 'cat_binary__nr_07', 'cat_binary__nr_08', 'cat_binary__np_08', 'cat_binary__np_09', 'cat_binary__np_10', 'cat_binary__endocr_01', 'cat_binary__endocr_02', 'cat_binary__endocr_03', 'cat_binary__zab_leg_01', 'cat_binary__zab_leg_02', 'cat_binary__zab_leg_03', 'cat_binary__zab_leg_04', 'cat_binary__zab_leg_06', 'cat_binary__O_L_POST', 'cat_binary__K_SH_POST', 'cat_binary__MP_TP_POST', 'cat_binary__SVT_POST', 'cat_binary__GT_POST', 'cat_binary__FIB_G_POST', 'cat_binary__IM_PG_P', 'cat_binary__ritm_ecg_p_01', 'cat_binary__ritm_ecg_p_02', 'cat_binary__ritm_ecg_p_04', 'cat_binary__ritm_ecg_p_06', 'cat_binary__ritm_ecg_p_07', 'cat_binary__ritm_ecg_p_08', 'cat_binary__n_r_ecg_p_01', 'cat_binary__n_r_ecg_p_02', 'cat_binary__n_r_ecg_p_03', 'cat_binary__n_r_ecg_p_04', 'cat_binary__n_r_ecg_p_05', 'cat_binary__n_r_ecg_p_06', 'cat_binary__n_r_ecg_p_08', 'cat_binary__n_r_ecg_p_09', 'cat_binary__n_r_ecg_p_10', 'cat_binary__n_p_ecg_p_01', 'cat_binary__n_p_ecg_p_03', 'cat_binary__n_p_ecg_p_04', 'cat_binary__n_p_ecg_p_05', 'cat_binary__n_p_ecg_p_06', 'cat_binary__n_p_ecg_p_07', 'cat_binary__n_p_ecg_p_08', 'cat_binary__n_p_ecg_p_09', 'cat_binary__n_p_ecg_p_10', 'cat_binary__n_p_ecg_p_11', 'cat_binary__n_p_ecg_p_12', 'cat_binary__fibr_ter_01', 'cat_binary__fibr_ter_02', 'cat_binary__fibr_ter_03', 'cat_binary__fibr_ter_05', 'cat_binary__fibr_ter_06', 'cat_binary__fibr_ter_07', 'cat_binary__fibr_ter_08', 'cat_binary__GIPO_K', 'cat_binary__GIPER_NA', 'cat_binary__NITR_S', 'cat_binary__LID_S_n', 'cat_binary__B_BLOK_S_n', 'cat_binary__ANT_CA_S_n', 'cat_binary__GEPAR_S_n', 'cat_binary__ASP_S_n', 'cat_binary__TIKL_S_n', 'cat_binary__TRENT_S_n']"
smote_auto__mec_fp1_fn10,3,9,Exponential,resubstitution,169,0,892,0,0.15928369462770972,0.15928369462770972,1.0,0.27479674796747966,0.0,1.0,0.5,0.0,0.0,0.0,0.8605056120147531,0.5903995580133574,0.8407163053722903,1415,0.6844928550792275,0.0266392128214002,0.7435202409425103,0.1146945319528305,"{'classifier__estimator__ccp_alpha': np.float64(0.00634821444872845), 'classifier__estimator__max_depth': 4, 'classifier__estimator__max_features': 'log2', 'classifier__estimator__max_leaf_nodes': 8, 'classifier__estimator__min_impurity_decrease': np.float64(0.021727692580712256), 'classifier__estimator__min_samples_leaf': 9, 'classifier__estimator__min_samples_split': 9, 'classifier__max_features': np.float64(0.6171458012389615), 'classifier__max_samples': np.float64(0.5008871151382285), 'classifier__n_estimators': 676, 'feature_selection_filter__k': 20}",52.992061376571655,"['num_log1p_standard_scaler__L_BLOOD', 'num_standard_scaler__AGE', 'num_standard_scaler__S_AD_ORIT', 'num_standard_scaler__D_AD_ORIT', 'num_standard_scaler__NA_BLOOD', 'cat_nominal__IBS_POST_0.0', 'cat_ordinal__STENOK_AN', 'cat_ordinal__FK_STENOK', 'cat_ordinal__TIME_B_S', 'cat_ordinal__ant_im', 'cat_partial_ordinal__HF_right_line', 'cat_binary__nr_04', 'cat_binary__np_04', 'cat_binary__np_08', 'cat_binary__np_09', 'cat_binary__zab_leg_04', 'cat_binary__K_SH_POST', 'cat_binary__ritm_ecg_p_04', 'cat_binary__n_r_ecg_p_04', 'cat_binary__ASP_S_n']"
smote_auto__mec_fp1_fn10,3,10,Exponential,resubstitution,169,0,892,0,0.15928369462770972,0.15928369462770972,1.0,0.27479674796747966,0.0,1.0,0.5,0.0,0.0,0.0,0.8582667763419747,0.6080834251834878,0.8407163053722903,1415,0.7028701913460897,0.05498675952678055,0.7897776596687041,0.1535212730679299,"{'classifier__estimator__ccp_alpha': np.float64(0.00027111796941622023), 'classifier__estimator__max_depth': 19, 'classifier__estimator__max_features': 'sqrt', 'classifier__estimator__max_leaf_nodes': 15, 'classifier__estimator__min_impurity_decrease': np.float64(0.015591581323994819), 'classifier__estimator__min_samples_leaf': 7, 'classifier__estimator__min_samples_split': 3, 'classifier__max_features': np.float64(0.5945617543254372), 'classifier__max_samples': np.float64(0.6583083386574322), 'classifier__n_estimators': 517, 'feature_selection_filter__k': 15}",54.981141328811646,"['num_log1p_standard_scaler__L_BLOOD', 'num_standard_scaler__AGE', 'num_standard_scaler__S_AD_ORIT', 'num_standard_scaler__D_AD_ORIT', 'cat_ordinal__STENOK_AN', 'cat_ordinal__TIME_B_S', 'cat_ordinal__ant_im', 'cat_partial_ordinal__HF_right_line', 'cat_partial_ordinal__HF_left_line', 'cat_binary__nr_03', 'cat_binary__np_08', 'cat_binary__K_SH_POST', 'cat_binary__n_p_ecg_p_12', 'cat_binary__NITR_S', 'cat_binary__GEPAR_S_n']"
smote_auto__mec_fp1_fn10,4,1,Exponential,resubstitution,169,0,891,0,0.15943396226415094,0.15943396226415094,1.0,0.27502034174125306,0.0,1.0,0.5,0.0,0.0,0.0,0.8324799606850889,0.5175809584917693,0.840566037735849,1414,0.7391509433962264,0.016997502591252107,0.7405660377358491,0.08495805511259945,"{'classifier__estimator__ccp_alpha': np.float64(0.00500678872676934), 'classifier__estimator__max_depth': 4, 'classifier__estimator__max_features': 'sqrt', 'classifier__estimator__max_leaf_nodes': 2, 'classifier__estimator__min_impurity_decrease': np.float64(0.04162598720764171), 'classifier__estimator__min_samples_leaf': 3, 'classifier__estimator__min_samples_split': 2, 'classifier__max_features': np.float64(0.7352715642536397), 'classifier__max_samples': np.float64(0.6078410729161027), 'classifier__n_estimators': 230, 'feature_selection_filter__k': 20}",50.791271924972534,"['num_log1p_standard_scaler__L_BLOOD', 'num_log1p_standard_scaler__ROE', 'num_standard_scaler__AGE', 'num_standard_scaler__S_AD_ORIT', 'num_standard_scaler__D_AD_ORIT', 'cat_nominal__IBS_POST_1.0', 'cat_ordinal__FK_STENOK', 'cat_ordinal__TIME_B_S', 'cat_ordinal__ant_im', 'cat_partial_ordinal__HF_right_line', 'cat_partial_ordinal__HF_left_line', 'cat_binary__endocr_02', 'cat_binary__zab_leg_02', 'cat_binary__K_SH_POST', 'cat_binary__ritm_ecg_p_07', 'cat_binary__n_r_ecg_p_01', 'cat_binary__n_r_ecg_p_04', 'cat_binary__fibr_ter_03', 'cat_binary__NITR_S', 'cat_binary__ANT_CA_S_n']"
smote_auto__mec_fp1_fn10,4,2,Exponential,resubstitution,169,0,891,0,0.15943396226415094,0.15943396226415094,1.0,0.27502034174125306,0.0,1.0,0.5,0.0,0.0,0.0,0.8429528685938943,0.5714608433635137,0.840566037735849,1414,0.7528301886792453,0.024403255273109128,0.8575471698113206,0.1452462585201338,"{'classifier__estimator__ccp_alpha': np.float64(0.001870991948084867), 'classifier__estimator__max_depth': 3, 'classifier__estimator__max_features': 'sqrt', 'classifier__estimator__max_leaf_nodes': 10, 'classifier__estimator__min_impurity_decrease': np.float64(0.016873348075517557), 'classifier__estimator__min_samples_leaf': 1, 'classifier__estimator__min_samples_split': 4, 'classifier__max_features': np.float64(0.8894848381870881), 'classifier__max_samples': np.float64(0.8500063540213886), 'classifier__n_estimators': 214, 'feature_selection_filter__k': 85}",54.89605498313904,"['num_log1p_standard_scaler__L_BLOOD', 'num_log1p_standard_scaler__ROE', 'num_log1p_standard_scaler__K_BLOOD', 'num_standard_scaler__AGE', 'num_standard_scaler__S_AD_ORIT', 'num_standard_scaler__D_AD_ORIT', 'num_standard_scaler__NA_BLOOD', 'cat_nominal__IBS_POST_0.0', 'cat_nominal__IBS_POST_2.0', 'cat_ordinal__INF_ANAM', 'cat_ordinal__STENOK_AN', 'cat_ordinal__FK_STENOK', 'cat_ordinal__GB', 'cat_ordinal__TIME_B_S', 'cat_ordinal__ant_im', 'cat_ordinal__post_im', 'cat_partial_ordinal__HF_right_line', 'cat_partial_ordinal__HF_left_line', 'cat_binary__SIM_GIPERT', 'cat_binary__nr_02', 'cat_binary__nr_03', 'cat_binary__nr_04', 'cat_binary__nr_07', 'cat_binary__np_05', 'cat_binary__np_07', 'cat_binary__np_08', 'cat_binary__np_10', 'cat_binary__endocr_01', 'cat_binary__endocr_02', 'cat_binary__endocr_03', 'cat_binary__zab_leg_01', 'cat_binary__zab_leg_02', 'cat_binary__zab_leg_03', 'cat_binary__zab_leg_04', 'cat_binary__zab_leg_06', 'cat_binary__O_L_POST', 'cat_binary__K_SH_POST', 'cat_binary__MP_TP_POST', 'cat_binary__SVT_POST', 'cat_binary__GT_POST', 'cat_binary__FIB_G_POST', 'cat_binary__IM_PG_P', 'cat_binary__ritm_ecg_p_01', 'cat_binary__ritm_ecg_p_02', 'cat_binary__ritm_ecg_p_04', 'cat_binary__ritm_ecg_p_06', 'cat_binary__ritm_ecg_p_07', 'cat_binary__ritm_ecg_p_08', 'cat_binary__n_r_ecg_p_01', 'cat_binary__n_r_ecg_p_02', 'cat_binary__n_r_ecg_p_03', 'cat_binary__n_r_ecg_p_04', 'cat_binary__n_r_ecg_p_05', 'cat_binary__n_r_ecg_p_06', 'cat_binary__n_r_ecg_p_08', 'cat_binary__n_r_ecg_p_09', 'cat_binary__n_r_ecg_p_10', 'cat_binary__n_p_ecg_p_01', 'cat_binary__n_p_ecg_p_03', 'cat_binary__n_p_ecg_p_04', 'cat_binary__n_p_ecg_p_05', 'cat_binary__n_p_ecg_p_06', 'cat_binary__n_p_ecg_p_07', 'cat_binary__n_p_ecg_p_08', 'cat_binary__n_p_ecg_p_09', 'cat_binary__n_p_ecg_p_10', 'cat_binary__n_p_ecg_p_11', 'cat_binary__n_p_ecg_p_12', 'cat_binary__fibr_ter_01', 'cat_binary__fibr_ter_02', 'cat_binary__fibr_ter_03', 'cat_binary__fibr_ter_05', 'cat_binary__fibr_ter_06', 'cat_binary__fibr_ter_07', 'cat_binary__fibr_ter_08', 'cat_binary__GIPO_K', 'cat_binary__GIPER_NA', 'cat_binary__NITR_S', 'cat_binary__LID_S_n', 'cat_binary__B_BLOK_S_n', 'cat_binary__ANT_CA_S_n', 'cat_binary__GEPAR_S_n', 'cat_binary__ASP_S_n', 'cat_binary__TIKL_S_n', 'cat_binary__TRENT_S_n']"
smote_auto__mec_fp1_fn10,4,3,Exponential,resubstitution,169,0,892,0,0.15928369462770972,0.15928369462770972,1.0,0.27479674796747966,0.0,1.0,0.5,0.0,0.0,0.0,0.8409033619019821,0.6125164916488377,0.8407163053722903,1415,0.7370338578127431,0.06636409191208789,0.7943351935512446,0.16332994154077612,"{'classifier__estimator__ccp_alpha': np.float64(0.0004027548385782398), 'classifier__estimator__max_depth': 7, 'classifier__estimator__max_features': 'sqrt', 'classifier__estimator__max_leaf_nodes': 11, 'classifier__estimator__min_impurity_decrease': np.float64(0.03358218184466224), 'classifier__estimator__min_samples_leaf': 7, 'classifier__estimator__min_samples_split': 9, 'classifier__max_features': np.float64(0.7077103614773023), 'classifier__max_samples': np.float64(0.5824740260361554), 'classifier__n_estimators': 639, 'feature_selection_filter__k': 25}",59.41167092323303,"['num_log1p_standard_scaler__L_BLOOD', 'num_standard_scaler__AGE', 'num_standard_scaler__S_AD_ORIT', 'num_standard_scaler__D_AD_ORIT', 'num_standard_scaler__NA_BLOOD', 'cat_nominal__IBS_POST_2.0', 'cat_ordinal__INF_ANAM', 'cat_ordinal__FK_STENOK', 'cat_ordinal__DLIT_AG', 'cat_ordinal__TIME_B_S', 'cat_ordinal__ant_im', 'cat_binary__SEX', 'cat_binary__SIM_GIPERT', 'cat_binary__nr_01', 'cat_binary__zab_leg_02', 'cat_binary__O_L_POST', 'cat_binary__K_SH_POST', 'cat_binary__MP_TP_POST', 'cat_binary__IM_PG_P', 'cat_binary__ritm_ecg_p_07', 'cat_binary__n_r_ecg_p_03', 'cat_binary__n_r_ecg_p_10', 'cat_binary__n_p_ecg_p_01', 'cat_binary__ASP_S_n', 'cat_binary__TRENT_S_n']"
smote_auto__mec_fp1_fn10,4,4,Exponential,resubstitution,169,0,892,0,0.15928369462770972,0.15928369462770972,1.0,0.27479674796747966,0.0,1.0,0.5,0.0,0.0,0.0,0.8036391859261813,0.53328033907154,0.8407163053722903,1415,0.7870010778496346,0.02196501118863118,0.8321861989547348,0.11729453005244339,"{'classifier__estimator__ccp_alpha': np.float64(0.003874227140917014), 'classifier__estimator__max_depth': 8, 'classifier__estimator__max_features': 'sqrt', 'classifier__estimator__max_leaf_nodes': 2, 'classifier__estimator__min_impurity_decrease': np.float64(0.04900029762934434), 'classifier__estimator__min_samples_leaf': 8, 'classifier__estimator__min_samples_split': 5, 'classifier__max_features': np.float64(0.9958112588382865), 'classifier__max_samples': np.float64(0.6554139885698926), 'classifier__n_estimators': 246, 'feature_selection_filter__k': 85}",48.06458520889282,"['num_log1p_standard_scaler__L_BLOOD', 'num_log1p_standard_scaler__ALT_BLOOD', 'num_log1p_standard_scaler__AST_BLOOD', 'num_log1p_standard_scaler__ROE', 'num_log1p_standard_scaler__K_BLOOD', 'num_standard_scaler__AGE', 'num_standard_scaler__S_AD_ORIT', 'num_standard_scaler__D_AD_ORIT', 'num_standard_scaler__NA_BLOOD', 'cat_nominal__IBS_POST_2.0', 'cat_ordinal__INF_ANAM', 'cat_ordinal__STENOK_AN', 'cat_ordinal__GB', 'cat_ordinal__DLIT_AG', 'cat_ordinal__TIME_B_S', 'cat_ordinal__ant_im', 'cat_ordinal__lat_im', 'cat_ordinal__post_im', 'cat_partial_ordinal__HF_right_line', 'cat_binary__SEX', 'cat_binary__SIM_GIPERT', 'cat_binary__nr_11', 'cat_binary__nr_01', 'cat_binary__nr_04', 'cat_binary__nr_08', 'cat_binary__np_04', 'cat_binary__np_08', 'cat_binary__np_09', 'cat_binary__np_10', 'cat_binary__endocr_02', 'cat_binary__zab_leg_01', 'cat_binary__zab_leg_02', 'cat_binary__zab_leg_03', 'cat_binary__zab_leg_04', 'cat_binary__zab_leg_06', 'cat_binary__O_L_POST', 'cat_binary__K_SH_POST', 'cat_binary__MP_TP_POST', 'cat_binary__SVT_POST', 'cat_binary__GT_POST', 'cat_binary__FIB_G_POST', 'cat_binary__IM_PG_P', 'cat_binary__ritm_ecg_p_01', 'cat_binary__ritm_ecg_p_02', 'cat_binary__ritm_ecg_p_04', 'cat_binary__ritm_ecg_p_06', 'cat_binary__ritm_ecg_p_07', 'cat_binary__ritm_ecg_p_08', 'cat_binary__n_r_ecg_p_01', 'cat_binary__n_r_ecg_p_02', 'cat_binary__n_r_ecg_p_03', 'cat_binary__n_r_ecg_p_04', 'cat_binary__n_r_ecg_p_05', 'cat_binary__n_r_ecg_p_06', 'cat_binary__n_r_ecg_p_08', 'cat_binary__n_r_ecg_p_09', 'cat_binary__n_r_ecg_p_10', 'cat_binary__n_p_ecg_p_01', 'cat_binary__n_p_ecg_p_03', 'cat_binary__n_p_ecg_p_04', 'cat_binary__n_p_ecg_p_05', 'cat_binary__n_p_ecg_p_06', 'cat_binary__n_p_ecg_p_07', 'cat_binary__n_p_ecg_p_08', 'cat_binary__n_p_ecg_p_09', 'cat_binary__n_p_ecg_p_10', 'cat_binary__n_p_ecg_p_11', 'cat_binary__n_p_ecg_p_12', 'cat_binary__fibr_ter_01', 'cat_binary__fibr_ter_02', 'cat_binary__fibr_ter_03', 'cat_binary__fibr_ter_05', 'cat_binary__fibr_ter_06', 'cat_binary__fibr_ter_07', 'cat_binary__fibr_ter_08', 'cat_binary__GIPO_K', 'cat_binary__GIPER_NA', 'cat_binary__NITR_S', 'cat_binary__LID_S_n', 'cat_binary__B_BLOK_S_n', 'cat_binary__ANT_CA_S_n', 'cat_binary__GEPAR_S_n', 'cat_binary__ASP_S_n', 'cat_binary__TIKL_S_n', 'cat_binary__TRENT_S_n']"
smote_auto__mec_fp1_fn10,4,5,Exponential,resubstitution,169,0,892,0,0.15928369462770972,0.15928369462770972,1.0,0.27479674796747966,0.0,1.0,0.5,0.0,0.0,0.0,0.8349895189322578,0.6111816639635049,0.8407163053722903,1415,0.7266778896370869,0.035433574832953,0.8344228895384888,0.21162172956910594,"{'classifier__estimator__ccp_alpha': np.float64(0.003108297997563553), 'classifier__estimator__max_depth': 10, 'classifier__estimator__max_features': 'sqrt', 'classifier__estimator__max_leaf_nodes': 12, 'classifier__estimator__min_impurity_decrease': np.float64(0.01937135186735427), 'classifier__estimator__min_samples_leaf': 3, 'classifier__estimator__min_samples_split': 7, 'classifier__max_features': np.float64(0.9811550437231105), 'classifier__max_samples': np.float64(0.9325236258690677), 'classifier__n_estimators': 832, 'feature_selection_filter__k': 45}",55.25181865692139,"['num_log1p_standard_scaler__L_BLOOD', 'num_log1p_standard_scaler__ROE', 'num_standard_scaler__AGE', 'num_standard_scaler__S_AD_ORIT', 'num_standard_scaler__D_AD_ORIT', 'num_standard_scaler__NA_BLOOD', 'cat_nominal__IBS_POST_0.0', 'cat_nominal__IBS_POST_2.0', 'cat_ordinal__STENOK_AN', 'cat_ordinal__FK_STENOK', 'cat_ordinal__TIME_B_S', 'cat_ordinal__ant_im', 'cat_ordinal__lat_im', 'cat_ordinal__inf_im', 'cat_partial_ordinal__HF_right_line', 'cat_binary__SEX', 'cat_binary__nr_04', 'cat_binary__np_01', 'cat_binary__np_05', 'cat_binary__np_10', 'cat_binary__endocr_01', 'cat_binary__zab_leg_02', 'cat_binary__zab_leg_04', 'cat_binary__zab_leg_06', 'cat_binary__K_SH_POST', 'cat_binary__MP_TP_POST', 'cat_binary__SVT_POST', 'cat_binary__GT_POST', 'cat_binary__ritm_ecg_p_01', 'cat_binary__ritm_ecg_p_02', 'cat_binary__ritm_ecg_p_07', 'cat_binary__ritm_ecg_p_08', 'cat_binary__n_r_ecg_p_06', 'cat_binary__n_r_ecg_p_09', 'cat_binary__n_p_ecg_p_01', 'cat_binary__n_p_ecg_p_04', 'cat_binary__n_p_ecg_p_07', 'cat_binary__fibr_ter_01', 'cat_binary__fibr_ter_07', 'cat_binary__GIPO_K', 'cat_binary__NITR_S', 'cat_binary__ANT_CA_S_n', 'cat_binary__GEPAR_S_n', 'cat_binary__ASP_S_n', 'cat_binary__TRENT_S_n']"
smote_auto__mec_fp1_fn10,4,6,Exponential,resubstitution,169,0,892,0,0.15928369462770972,0.15928369462770972,1.0,0.27479674796747966,0.0,1.0,0.5,0.0,0.0,0.0,0.7700599676280946,0.5029641748573013,0.8407163053722903,1415,0.8053706358201659,0.038489675576871295,0.8557666755248471,0.17518613252254486,"{'classifier__estimator__ccp_alpha': np.float64(0.009191090317991818), 'classifier__estimator__max_depth': 14, 'classifier__estimator__max_features': 'log2', 'classifier__estimator__max_leaf_nodes': 2, 'classifier__estimator__min_impurity_decrease': np.float64(0.034115110179783435), 'classifier__estimator__min_samples_leaf': 6, 'classifier__estimator__min_samples_split': 6, 'classifier__max_features': np.float64(0.8769200762401067), 'classifier__max_samples': np.float64(0.8462069974848447), 'classifier__n_estimators': 840, 'feature_selection_filter__k': 25}",50.14930772781372,"['num_log1p_standard_scaler__L_BLOOD', 'num_log1p_standard_scaler__K_BLOOD', 'num_standard_scaler__AGE', 'num_standard_scaler__S_AD_ORIT', 'num_standard_scaler__D_AD_ORIT', 'num_standard_scaler__NA_BLOOD', 'cat_nominal__IBS_POST_1.0', 'cat_ordinal__ant_im', 'cat_partial_ordinal__HF_left_line', 'cat_binary__SEX', 'cat_binary__nr_04', 'cat_binary__np_05', 'cat_binary__np_07', 'cat_binary__np_08', 'cat_binary__zab_leg_03', 'cat_binary__O_L_POST', 'cat_binary__K_SH_POST', 'cat_binary__SVT_POST', 'cat_binary__IM_PG_P', 'cat_binary__ritm_ecg_p_01', 'cat_binary__ritm_ecg_p_07', 'cat_binary__n_r_ecg_p_03', 'cat_binary__n_r_ecg_p_10', 'cat_binary__NITR_S', 'cat_binary__ASP_S_n']"
smote_auto__mec_fp1_fn10,4,7,Exponential,resubstitution,169,0,892,0,0.15928369462770972,0.15928369462770972,1.0,0.27479674796747966,0.0,1.0,0.5,0.0,0.0,0.0,0.8313675803327407,0.5465436396149099,0.8407163053722903,1415,0.7118116207747185,0.05220641705881382,0.8349898130923907,0.05373471061215868,"{'classifier__estimator__ccp_alpha': np.float64(0.005248742000821544), 'classifier__estimator__max_depth': 19, 'classifier__estimator__max_features': 'log2', 'classifier__estimator__max_leaf_nodes': 7, 'classifier__estimator__min_impurity_decrease': np.float64(0.020529386334338685), 'classifier__estimator__min_samples_leaf': 7, 'classifier__estimator__min_samples_split': 6, 'classifier__max_features': np.float64(0.8093619123606446), 'classifier__max_samples': np.float64(0.9276149473475382), 'classifier__n_estimators': 909, 'feature_selection_filter__k': 50}",53.9465537071228,"['num_log1p_standard_scaler__L_BLOOD', 'num_log1p_standard_scaler__ROE', 'num_log1p_standard_scaler__K_BLOOD', 'num_standard_scaler__AGE', 'num_standard_scaler__S_AD_ORIT', 'num_standard_scaler__D_AD_ORIT', 'num_standard_scaler__NA_BLOOD', 'cat_nominal__IBS_POST_0.0', 'cat_nominal__IBS_POST_2.0', 'cat_ordinal__STENOK_AN', 'cat_ordinal__FK_STENOK', 'cat_ordinal__GB', 'cat_ordinal__DLIT_AG', 'cat_ordinal__TIME_B_S', 'cat_ordinal__ant_im', 'cat_ordinal__lat_im', 'cat_partial_ordinal__HF_right_line', 'cat_binary__SEX', 'cat_binary__SIM_GIPERT', 'cat_binary__nr_04', 'cat_binary__nr_07', 'cat_binary__np_05', 'cat_binary__np_07', 'cat_binary__np_09', 'cat_binary__endocr_01', 'cat_binary__endocr_03', 'cat_binary__zab_leg_03', 'cat_binary__O_L_POST', 'cat_binary__K_SH_POST', 'cat_binary__SVT_POST', 'cat_binary__GT_POST', 'cat_binary__FIB_G_POST', 'cat_binary__ritm_ecg_p_01', 'cat_binary__ritm_ecg_p_02', 'cat_binary__ritm_ecg_p_04', 'cat_binary__ritm_ecg_p_06', 'cat_binary__ritm_ecg_p_07', 'cat_binary__n_r_ecg_p_02', 'cat_binary__n_p_ecg_p_04', 'cat_binary__n_p_ecg_p_08', 'cat_binary__n_p_ecg_p_09', 'cat_binary__n_p_ecg_p_11', 'cat_binary__fibr_ter_01', 'cat_binary__fibr_ter_06', 'cat_binary__GIPER_NA', 'cat_binary__NITR_S', 'cat_binary__B_BLOK_S_n', 'cat_binary__ANT_CA_S_n', 'cat_binary__GEPAR_S_n', 'cat_binary__ASP_S_n']"
smote_auto__mec_fp1_fn10,4,8,Exponential,resubstitution,169,0,892,0,0.15928369462770972,0.15928369462770972,1.0,0.27479674796747966,0.0,1.0,0.5,0.0,0.0,0.0,0.8208566614482448,0.5049402836724219,0.8407163053722903,1415,0.7478879147498723,0.026592737671560635,0.8162016121888562,0.118483936832192,"{'classifier__estimator__ccp_alpha': np.float64(0.0037262834670198385), 'classifier__estimator__max_depth': 10, 'classifier__estimator__max_features': 'sqrt', 'classifier__estimator__max_leaf_nodes': 17, 'classifier__estimator__min_impurity_decrease': np.float64(0.040708534050724866), 'classifier__estimator__min_samples_leaf': 2, 'classifier__estimator__min_samples_split': 3, 'classifier__max_features': np.float64(0.7558516756838516), 'classifier__max_samples': np.float64(0.5403621407078556), 'classifier__n_estimators': 998, 'feature_selection_filter__k': 80}",54.75657916069031,"['num_log1p_standard_scaler__L_BLOOD', 'num_log1p_standard_scaler__ALT_BLOOD', 'num_log1p_standard_scaler__ROE', 'num_log1p_standard_scaler__K_BLOOD', 'num_standard_scaler__AGE', 'num_standard_scaler__S_AD_ORIT', 'num_standard_scaler__D_AD_ORIT', 'num_standard_scaler__NA_BLOOD', 'cat_nominal__IBS_POST_0.0', 'cat_ordinal__INF_ANAM', 'cat_ordinal__FK_STENOK', 'cat_ordinal__GB', 'cat_ordinal__DLIT_AG', 'cat_ordinal__TIME_B_S', 'cat_ordinal__ant_im', 'cat_ordinal__lat_im', 'cat_ordinal__inf_im', 'cat_partial_ordinal__HF_right_line', 'cat_partial_ordinal__HF_left_line', 'cat_binary__SEX', 'cat_binary__SIM_GIPERT', 'cat_binary__nr_01', 'cat_binary__nr_03', 'cat_binary__nr_04', 'cat_binary__nr_07', 'cat_binary__np_01', 'cat_binary__np_10', 'cat_binary__endocr_01', 'cat_binary__endocr_02', 'cat_binary__zab_leg_02', 'cat_binary__zab_leg_04', 'cat_binary__O_L_POST', 'cat_binary__K_SH_POST', 'cat_binary__MP_TP_POST', 'cat_binary__GT_POST', 'cat_binary__FIB_G_POST', 'cat_binary__IM_PG_P', 'cat_binary__ritm_ecg_p_01', 'cat_binary__ritm_ecg_p_02', 'cat_binary__ritm_ecg_p_04', 'cat_binary__ritm_ecg_p_06', 'cat_binary__ritm_ecg_p_07', 'cat_binary__ritm_ecg_p_08', 'cat_binary__n_r_ecg_p_01', 'cat_binary__n_r_ecg_p_02', 'cat_binary__n_r_ecg_p_03', 'cat_binary__n_r_ecg_p_04', 'cat_binary__n_r_ecg_p_05', 'cat_binary__n_r_ecg_p_06', 'cat_binary__n_r_ecg_p_08', 'cat_binary__n_r_ecg_p_09', 'cat_binary__n_r_ecg_p_10', 'cat_binary__n_p_ecg_p_01', 'cat_binary__n_p_ecg_p_03', 'cat_binary__n_p_ecg_p_04', 'cat_binary__n_p_ecg_p_05', 'cat_binary__n_p_ecg_p_06', 'cat_binary__n_p_ecg_p_07', 'cat_binary__n_p_ecg_p_08', 'cat_binary__n_p_ecg_p_09', 'cat_binary__n_p_ecg_p_10', 'cat_binary__n_p_ecg_p_11', 'cat_binary__n_p_ecg_p_12', 'cat_binary__fibr_ter_01', 'cat_binary__fibr_ter_02', 'cat_binary__fibr_ter_03', 'cat_binary__fibr_ter_05', 'cat_binary__fibr_ter_06', 'cat_binary__fibr_ter_07', 'cat_binary__fibr_ter_08', 'cat_binary__GIPO_K', 'cat_binary__GIPER_NA', 'cat_binary__NITR_S', 'cat_binary__LID_S_n', 'cat_binary__B_BLOK_S_n', 'cat_binary__ANT_CA_S_n', 'cat_binary__GEPAR_S_n', 'cat_binary__ASP_S_n', 'cat_binary__TIKL_S_n', 'cat_binary__TRENT_S_n']"
smote_auto__mec_fp1_fn10,4,9,Exponential,resubstitution,169,0,892,0,0.15928369462770972,0.15928369462770972,1.0,0.27479674796747966,0.0,1.0,0.5,0.0,0.0,0.0,0.8677329052458407,0.6115203209633688,0.8407163053722903,1415,0.7163169211280752,0.03173323106122243,0.7944104880857472,0.09752524736710758,"{'classifier__estimator__ccp_alpha': np.float64(0.005311529119798308), 'classifier__estimator__max_depth': 6, 'classifier__estimator__max_features': 'sqrt', 'classifier__estimator__max_leaf_nodes': 16, 'classifier__estimator__min_impurity_decrease': np.float64(0.01739819206479194), 'classifier__estimator__min_samples_leaf': 6, 'classifier__estimator__min_samples_split': 2, 'classifier__max_features': np.float64(0.8189229926038599), 'classifier__max_samples': np.float64(0.5708825885291916), 'classifier__n_estimators': 756, 'feature_selection_filter__k': 80}",51.900882720947266,"['num_log1p_standard_scaler__L_BLOOD', 'num_log1p_standard_scaler__AST_BLOOD', 'num_log1p_standard_scaler__K_BLOOD', 'num_standard_scaler__AGE', 'num_standard_scaler__S_AD_ORIT', 'num_standard_scaler__D_AD_ORIT', 'num_standard_scaler__NA_BLOOD', 'cat_nominal__IBS_POST_0.0', 'cat_nominal__IBS_POST_2.0', 'cat_ordinal__INF_ANAM', 'cat_ordinal__FK_STENOK', 'cat_ordinal__GB', 'cat_ordinal__DLIT_AG', 'cat_ordinal__TIME_B_S', 'cat_ordinal__ant_im', 'cat_ordinal__lat_im', 'cat_ordinal__post_im', 'cat_partial_ordinal__HF_right_line', 'cat_partial_ordinal__HF_left_line', 'cat_binary__SEX', 'cat_binary__nr_11', 'cat_binary__nr_03', 'cat_binary__nr_04', 'cat_binary__np_10', 'cat_binary__endocr_01', 'cat_binary__endocr_02', 'cat_binary__zab_leg_01', 'cat_binary__zab_leg_02', 'cat_binary__zab_leg_04', 'cat_binary__zab_leg_06', 'cat_binary__O_L_POST', 'cat_binary__K_SH_POST', 'cat_binary__MP_TP_POST', 'cat_binary__SVT_POST', 'cat_binary__GT_POST', 'cat_binary__FIB_G_POST', 'cat_binary__IM_PG_P', 'cat_binary__ritm_ecg_p_01', 'cat_binary__ritm_ecg_p_02', 'cat_binary__ritm_ecg_p_04', 'cat_binary__ritm_ecg_p_06', 'cat_binary__ritm_ecg_p_07', 'cat_binary__ritm_ecg_p_08', 'cat_binary__n_r_ecg_p_01', 'cat_binary__n_r_ecg_p_02', 'cat_binary__n_r_ecg_p_03', 'cat_binary__n_r_ecg_p_04', 'cat_binary__n_r_ecg_p_05', 'cat_binary__n_r_ecg_p_06', 'cat_binary__n_r_ecg_p_08', 'cat_binary__n_r_ecg_p_09', 'cat_binary__n_r_ecg_p_10', 'cat_binary__n_p_ecg_p_01', 'cat_binary__n_p_ecg_p_03', 'cat_binary__n_p_ecg_p_04', 'cat_binary__n_p_ecg_p_05', 'cat_binary__n_p_ecg_p_06', 'cat_binary__n_p_ecg_p_07', 'cat_binary__n_p_ecg_p_08', 'cat_binary__n_p_ecg_p_09', 'cat_binary__n_p_ecg_p_10', 'cat_binary__n_p_ecg_p_11', 'cat_binary__n_p_ecg_p_12', 'cat_binary__fibr_ter_01', 'cat_binary__fibr_ter_02', 'cat_binary__fibr_ter_03', 'cat_binary__fibr_ter_05', 'cat_binary__fibr_ter_06', 'cat_binary__fibr_ter_07', 'cat_binary__fibr_ter_08', 'cat_binary__GIPO_K', 'cat_binary__GIPER_NA', 'cat_binary__NITR_S', 'cat_binary__LID_S_n', 'cat_binary__B_BLOK_S_n', 'cat_binary__ANT_CA_S_n', 'cat_binary__GEPAR_S_n', 'cat_binary__ASP_S_n', 'cat_binary__TIKL_S_n', 'cat_binary__TRENT_S_n']"
smote_auto__mec_fp1_fn10,4,10,Exponential,resubstitution,169,0,892,0,0.15928369462770972,0.15928369462770972,1.0,0.27479674796747966,0.0,1.0,0.5,0.0,0.0,0.0,0.8458022660333803,0.5898293604220932,0.8407163053722903,1415,0.732806353756917,0.0632380820352786,0.7953760297634866,0.1031202564017549,"{'classifier__estimator__ccp_alpha': np.float64(0.00330334076450142), 'classifier__estimator__max_depth': 4, 'classifier__estimator__max_features': 'log2', 'classifier__estimator__max_leaf_nodes': 4, 'classifier__estimator__min_impurity_decrease': np.float64(0.028947496325694266), 'classifier__estimator__min_samples_leaf': 9, 'classifier__estimator__min_samples_split': 6, 'classifier__max_features': np.float64(0.6078341567442691), 'classifier__max_samples': np.float64(0.6853189289400194), 'classifier__n_estimators': 643, 'feature_selection_filter__k': 50}",55.83421730995178,"['num_log1p_standard_scaler__L_BLOOD', 'num_log1p_standard_scaler__ROE', 'num_standard_scaler__AGE', 'num_standard_scaler__S_AD_ORIT', 'num_standard_scaler__D_AD_ORIT', 'num_standard_scaler__NA_BLOOD', 'cat_nominal__IBS_POST_0.0', 'cat_nominal__IBS_POST_1.0', 'cat_nominal__IBS_POST_2.0', 'cat_ordinal__INF_ANAM', 'cat_ordinal__STENOK_AN', 'cat_ordinal__FK_STENOK', 'cat_ordinal__GB', 'cat_ordinal__DLIT_AG', 'cat_ordinal__TIME_B_S', 'cat_ordinal__ant_im', 'cat_partial_ordinal__HF_right_line', 'cat_partial_ordinal__HF_left_line', 'cat_binary__SIM_GIPERT', 'cat_binary__nr_01', 'cat_binary__nr_03', 'cat_binary__nr_08', 'cat_binary__np_01', 'cat_binary__np_04', 'cat_binary__np_05', 'cat_binary__np_07', 'cat_binary__zab_leg_01', 'cat_binary__zab_leg_06', 'cat_binary__K_SH_POST', 'cat_binary__SVT_POST', 'cat_binary__FIB_G_POST', 'cat_binary__ritm_ecg_p_01', 'cat_binary__ritm_ecg_p_07', 'cat_binary__ritm_ecg_p_08', 'cat_binary__n_r_ecg_p_04', 'cat_binary__n_p_ecg_p_01', 'cat_binary__n_p_ecg_p_06', 'cat_binary__n_p_ecg_p_08', 'cat_binary__n_p_ecg_p_10', 'cat_binary__n_p_ecg_p_12', 'cat_binary__fibr_ter_01', 'cat_binary__fibr_ter_02', 'cat_binary__fibr_ter_03', 'cat_binary__fibr_ter_05', 'cat_binary__GIPER_NA', 'cat_binary__NITR_S', 'cat_binary__ANT_CA_S_n', 'cat_binary__GEPAR_S_n', 'cat_binary__ASP_S_n', 'cat_binary__TRENT_S_n']"
smote_auto__mec_fp1_fn10,5,1,Exponential,resubstitution,169,0,891,0,0.15943396226415094,0.15943396226415094,1.0,0.27502034174125306,0.0,1.0,0.5,0.0,0.0,0.0,0.7804076265614728,0.48250542611974007,0.840566037735849,1414,0.7681603773584906,0.038585655295573534,0.8066037735849058,0.1303116728289208,"{'classifier__estimator__ccp_alpha': np.float64(0.009423539634976549), 'classifier__estimator__max_depth': 4, 'classifier__estimator__max_features': 'sqrt', 'classifier__estimator__max_leaf_nodes': 7, 'classifier__estimator__min_impurity_decrease': np.float64(0.04565083931857139), 'classifier__estimator__min_samples_leaf': 9, 'classifier__estimator__min_samples_split': 9, 'classifier__max_features': np.float64(0.7265034766759996), 'classifier__max_samples': np.float64(0.5288663891598571), 'classifier__n_estimators': 523, 'feature_selection_filter__k': 25}",53.44538712501526,"['num_log1p_standard_scaler__L_BLOOD', 'num_standard_scaler__AGE', 'num_standard_scaler__S_AD_ORIT', 'num_standard_scaler__D_AD_ORIT', 'num_standard_scaler__NA_BLOOD', 'cat_nominal__IBS_POST_0.0', 'cat_nominal__IBS_POST_2.0', 'cat_ordinal__INF_ANAM', 'cat_ordinal__STENOK_AN', 'cat_ordinal__DLIT_AG', 'cat_ordinal__ant_im', 'cat_ordinal__lat_im', 'cat_ordinal__inf_im', 'cat_partial_ordinal__HF_right_line', 'cat_partial_ordinal__HF_left_line', 'cat_binary__nr_07', 'cat_binary__np_08', 'cat_binary__K_SH_POST', 'cat_binary__MP_TP_POST', 'cat_binary__ritm_ecg_p_01', 'cat_binary__n_r_ecg_p_01', 'cat_binary__n_r_ecg_p_05', 'cat_binary__n_p_ecg_p_05', 'cat_binary__n_p_ecg_p_09', 'cat_binary__GIPO_K']"
smote_auto__mec_fp1_fn10,5,2,Exponential,resubstitution,169,0,891,0,0.15943396226415094,0.15943396226415094,1.0,0.27502034174125306,0.0,1.0,0.5,0.0,0.0,0.0,0.8571846007743443,0.5816205459940126,0.840566037735849,1414,0.6721698113207547,0.011862996547131405,0.8,0.07250047568619189,"{'classifier__estimator__ccp_alpha': np.float64(4.105137989495633e-05), 'classifier__estimator__max_depth': 18, 'classifier__estimator__max_features': 'sqrt', 'classifier__estimator__max_leaf_nodes': 6, 'classifier__estimator__min_impurity_decrease': np.float64(0.004712445140197519), 'classifier__estimator__min_samples_leaf': 1, 'classifier__estimator__min_samples_split': 5, 'classifier__max_features': np.float64(0.76053353445442), 'classifier__max_samples': np.float64(0.5637622303590264), 'classifier__n_estimators': 916, 'feature_selection_filter__k': 35}",55.757808685302734,"['num_log1p_standard_scaler__L_BLOOD', 'num_log1p_standard_scaler__ROE', 'num_log1p_standard_scaler__K_BLOOD', 'num_standard_scaler__AGE', 'num_standard_scaler__S_AD_ORIT', 'num_standard_scaler__D_AD_ORIT', 'num_standard_scaler__NA_BLOOD', 'cat_nominal__IBS_POST_0.0', 'cat_ordinal__FK_STENOK', 'cat_ordinal__DLIT_AG', 'cat_ordinal__TIME_B_S', 'cat_ordinal__ant_im', 'cat_ordinal__lat_im', 'cat_binary__SEX', 'cat_binary__nr_11', 'cat_binary__np_01', 'cat_binary__np_07', 'cat_binary__np_08', 'cat_binary__endocr_03', 'cat_binary__zab_leg_02', 'cat_binary__zab_leg_04', 'cat_binary__zab_leg_06', 'cat_binary__K_SH_POST', 'cat_binary__ritm_ecg_p_01', 'cat_binary__ritm_ecg_p_02', 'cat_binary__ritm_ecg_p_06', 'cat_binary__n_r_ecg_p_03', 'cat_binary__n_r_ecg_p_04', 'cat_binary__n_r_ecg_p_05', 'cat_binary__n_p_ecg_p_07', 'cat_binary__n_p_ecg_p_12', 'cat_binary__fibr_ter_02', 'cat_binary__NITR_S', 'cat_binary__ANT_CA_S_n', 'cat_binary__ASP_S_n']"
smote_auto__mec_fp1_fn10,5,3,Exponential,resubstitution,169,0,892,0,0.15928369462770972,0.15928369462770972,1.0,0.27479674796747966,0.0,1.0,0.5,0.0,0.0,0.0,0.8865921935946082,0.6852393431053441,0.8407163053722903,1415,0.7092300597817632,0.039063847733590264,0.8096687040481886,0.14019799718079787,"{'classifier__estimator__ccp_alpha': np.float64(0.008130348692818895), 'classifier__estimator__max_depth': 8, 'classifier__estimator__max_features': 'sqrt', 'classifier__estimator__max_leaf_nodes': 17, 'classifier__estimator__min_impurity_decrease': np.float64(0.0015383409349923995), 'classifier__estimator__min_samples_leaf': 8, 'classifier__estimator__min_samples_split': 2, 'classifier__max_features': np.float64(0.5993895201253989), 'classifier__max_samples': np.float64(0.8962311127981374), 'classifier__n_estimators': 744, 'feature_selection_filter__k': 35}",53.89542317390442,"['num_log1p_standard_scaler__L_BLOOD', 'num_standard_scaler__AGE', 'num_standard_scaler__S_AD_ORIT', 'num_standard_scaler__D_AD_ORIT', 'num_standard_scaler__NA_BLOOD', 'cat_nominal__IBS_POST_0.0', 'cat_ordinal__INF_ANAM', 'cat_ordinal__STENOK_AN', 'cat_ordinal__GB', 'cat_ordinal__DLIT_AG', 'cat_ordinal__TIME_B_S', 'cat_ordinal__ant_im', 'cat_ordinal__inf_im', 'cat_binary__SEX', 'cat_binary__nr_11', 'cat_binary__nr_04', 'cat_binary__np_08', 'cat_binary__endocr_01', 'cat_binary__endocr_02', 'cat_binary__O_L_POST', 'cat_binary__K_SH_POST', 'cat_binary__GT_POST', 'cat_binary__ritm_ecg_p_01', 'cat_binary__ritm_ecg_p_07', 'cat_binary__n_r_ecg_p_06', 'cat_binary__n_r_ecg_p_09', 'cat_binary__n_p_ecg_p_01', 'cat_binary__n_p_ecg_p_06', 'cat_binary__n_p_ecg_p_07', 'cat_binary__n_p_ecg_p_08', 'cat_binary__GIPO_K', 'cat_binary__NITR_S', 'cat_binary__ANT_CA_S_n', 'cat_binary__ASP_S_n', 'cat_binary__TIKL_S_n']"
smote_auto__mec_fp1_fn10,5,4,Exponential,resubstitution,169,0,892,0,0.15928369462770972,0.15928369462770972,1.0,0.27479674796747966,0.0,1.0,0.5,0.0,0.0,0.0,0.8137355056120148,0.5248677214415318,0.8407163053722903,1415,0.7525887836966909,0.014346539498186841,0.8001771636105944,0.15126924765578215,"{'classifier__estimator__ccp_alpha': np.float64(0.005074980728070956), 'classifier__estimator__max_depth': 17, 'classifier__estimator__max_features': 'log2', 'classifier__estimator__max_leaf_nodes': 4, 'classifier__estimator__min_impurity_decrease': np.float64(0.049130074217223), 'classifier__estimator__min_samples_leaf': 7, 'classifier__estimator__min_samples_split': 8, 'classifier__max_features': np.float64(0.7327684058088535), 'classifier__max_samples': np.float64(0.6121318925168987), 'classifier__n_estimators': 736, 'feature_selection_filter__k': 75}",56.05087494850159,"['num_log1p_standard_scaler__L_BLOOD', 'num_log1p_standard_scaler__AST_BLOOD', 'num_log1p_standard_scaler__ROE', 'num_standard_scaler__AGE', 'num_standard_scaler__S_AD_ORIT', 'num_standard_scaler__D_AD_ORIT', 'num_standard_scaler__NA_BLOOD', 'cat_nominal__IBS_POST_0.0', 'cat_nominal__IBS_POST_1.0', 'cat_nominal__IBS_POST_2.0', 'cat_ordinal__INF_ANAM', 'cat_ordinal__GB', 'cat_ordinal__DLIT_AG', 'cat_ordinal__TIME_B_S', 'cat_ordinal__ant_im', 'cat_ordinal__lat_im', 'cat_partial_ordinal__HF_right_line', 'cat_partial_ordinal__HF_left_line', 'cat_binary__SEX', 'cat_binary__SIM_GIPERT', 'cat_binary__nr_11', 'cat_binary__nr_02', 'cat_binary__nr_04', 'cat_binary__nr_07', 'cat_binary__np_04', 'cat_binary__np_08', 'cat_binary__np_09', 'cat_binary__np_10', 'cat_binary__endocr_01', 'cat_binary__endocr_02', 'cat_binary__zab_leg_01', 'cat_binary__zab_leg_02', 'cat_binary__zab_leg_03', 'cat_binary__zab_leg_04', 'cat_binary__zab_leg_06', 'cat_binary__O_L_POST', 'cat_binary__K_SH_POST', 'cat_binary__MP_TP_POST', 'cat_binary__SVT_POST', 'cat_binary__FIB_G_POST', 'cat_binary__ritm_ecg_p_01', 'cat_binary__ritm_ecg_p_07', 'cat_binary__ritm_ecg_p_08', 'cat_binary__n_r_ecg_p_03', 'cat_binary__n_r_ecg_p_04', 'cat_binary__n_r_ecg_p_06', 'cat_binary__n_r_ecg_p_10', 'cat_binary__n_p_ecg_p_01', 'cat_binary__n_p_ecg_p_03', 'cat_binary__n_p_ecg_p_04', 'cat_binary__n_p_ecg_p_05', 'cat_binary__n_p_ecg_p_06', 'cat_binary__n_p_ecg_p_07', 'cat_binary__n_p_ecg_p_08', 'cat_binary__n_p_ecg_p_09', 'cat_binary__n_p_ecg_p_10', 'cat_binary__n_p_ecg_p_11', 'cat_binary__n_p_ecg_p_12', 'cat_binary__fibr_ter_01', 'cat_binary__fibr_ter_02', 'cat_binary__fibr_ter_03', 'cat_binary__fibr_ter_05', 'cat_binary__fibr_ter_06', 'cat_binary__fibr_ter_07', 'cat_binary__fibr_ter_08', 'cat_binary__GIPO_K', 'cat_binary__GIPER_NA', 'cat_binary__NITR_S', 'cat_binary__LID_S_n', 'cat_binary__B_BLOK_S_n', 'cat_binary__ANT_CA_S_n', 'cat_binary__GEPAR_S_n', 'cat_binary__ASP_S_n', 'cat_binary__TIKL_S_n', 'cat_binary__TRENT_S_n']"
smote_auto__mec_fp1_fn10,5,5,Exponential,resubstitution,169,0,892,0,0.15928369462770972,0.15928369462770972,1.0,0.27479674796747966,0.0,1.0,0.5,0.0,0.0,0.0,0.862969989651604,0.631150847859919,0.8407163053722903,1415,0.72618924594973,0.03688184866880577,0.8416334484896802,0.16897970008019053,"{'classifier__estimator__ccp_alpha': np.float64(0.002026069536288905), 'classifier__estimator__max_depth': 15, 'classifier__estimator__max_features': 'sqrt', 'classifier__estimator__max_leaf_nodes': 5, 'classifier__estimator__min_impurity_decrease': np.float64(0.011280624385619765), 'classifier__estimator__min_samples_leaf': 2, 'classifier__estimator__min_samples_split': 4, 'classifier__max_features': np.float64(0.9959757061899597), 'classifier__max_samples': np.float64(0.8811774085713651), 'classifier__n_estimators': 656, 'feature_selection_filter__k': 75}",51.213056564331055,"['num_log1p_standard_scaler__L_BLOOD', 'num_log1p_standard_scaler__ROE', 'num_log1p_standard_scaler__K_BLOOD', 'num_standard_scaler__AGE', 'num_standard_scaler__S_AD_ORIT', 'num_standard_scaler__D_AD_ORIT', 'num_standard_scaler__NA_BLOOD', 'cat_nominal__IBS_POST_1.0', 'cat_ordinal__STENOK_AN', 'cat_ordinal__GB', 'cat_ordinal__TIME_B_S', 'cat_ordinal__ant_im', 'cat_ordinal__lat_im', 'cat_ordinal__inf_im', 'cat_partial_ordinal__HF_right_line', 'cat_partial_ordinal__HF_left_line', 'cat_binary__SIM_GIPERT', 'cat_binary__nr_11', 'cat_binary__nr_04', 'cat_binary__np_01', 'cat_binary__np_07', 'cat_binary__np_10', 'cat_binary__endocr_01', 'cat_binary__endocr_03', 'cat_binary__zab_leg_03', 'cat_binary__zab_leg_04', 'cat_binary__zab_leg_06', 'cat_binary__O_L_POST', 'cat_binary__K_SH_POST', 'cat_binary__MP_TP_POST', 'cat_binary__FIB_G_POST', 'cat_binary__IM_PG_P', 'cat_binary__ritm_ecg_p_01', 'cat_binary__ritm_ecg_p_02', 'cat_binary__ritm_ecg_p_04', 'cat_binary__ritm_ecg_p_06', 'cat_binary__ritm_ecg_p_07', 'cat_binary__ritm_ecg_p_08', 'cat_binary__n_r_ecg_p_01', 'cat_binary__n_r_ecg_p_02', 'cat_binary__n_r_ecg_p_03', 'cat_binary__n_r_ecg_p_04', 'cat_binary__n_r_ecg_p_05', 'cat_binary__n_r_ecg_p_06', 'cat_binary__n_r_ecg_p_08', 'cat_binary__n_r_ecg_p_09', 'cat_binary__n_r_ecg_p_10', 'cat_binary__n_p_ecg_p_01', 'cat_binary__n_p_ecg_p_03', 'cat_binary__n_p_ecg_p_04', 'cat_binary__n_p_ecg_p_05', 'cat_binary__n_p_ecg_p_06', 'cat_binary__n_p_ecg_p_07', 'cat_binary__n_p_ecg_p_08', 'cat_binary__n_p_ecg_p_09', 'cat_binary__n_p_ecg_p_10', 'cat_binary__n_p_ecg_p_11', 'cat_binary__n_p_ecg_p_12', 'cat_binary__fibr_ter_01', 'cat_binary__fibr_ter_02', 'cat_binary__fibr_ter_03', 'cat_binary__fibr_ter_05', 'cat_binary__fibr_ter_06', 'cat_binary__fibr_ter_07', 'cat_binary__fibr_ter_08', 'cat_binary__GIPO_K', 'cat_binary__GIPER_NA', 'cat_binary__NITR_S', 'cat_binary__LID_S_n', 'cat_binary__B_BLOK_S_n', 'cat_binary__ANT_CA_S_n', 'cat_binary__GEPAR_S_n', 'cat_binary__ASP_S_n', 'cat_binary__TIKL_S_n', 'cat_binary__TRENT_S_n']"
smote_auto__mec_fp1_fn10,5,6,Exponential,resubstitution,169,0,892,0,0.15928369462770972,0.15928369462770972,1.0,0.27479674796747966,0.0,1.0,0.5,0.0,0.0,0.0,0.8598853716135537,0.625968682244051,0.8407163053722903,1415,0.6849484410071783,0.05767837910310122,0.8028877668526885,0.1228285669430032,"{'classifier__estimator__ccp_alpha': np.float64(0.008790878172847925), 'classifier__estimator__max_depth': 6, 'classifier__estimator__max_features': 'log2', 'classifier__estimator__max_leaf_nodes': 7, 'classifier__estimator__min_impurity_decrease': np.float64(0.017734183673021597), 'classifier__estimator__min_samples_leaf': 5, 'classifier__estimator__min_samples_split': 5, 'classifier__max_features': np.float64(0.7342032034287007), 'classifier__max_samples': np.float64(0.5045272424670539), 'classifier__n_estimators': 421, 'feature_selection_filter__k': 20}",50.56792759895325,"['num_log1p_standard_scaler__L_BLOOD', 'num_standard_scaler__AGE', 'num_standard_scaler__S_AD_ORIT', 'num_standard_scaler__D_AD_ORIT', 'cat_ordinal__DLIT_AG', 'cat_ordinal__ant_im', 'cat_ordinal__lat_im', 'cat_ordinal__inf_im', 'cat_partial_ordinal__HF_right_line', 'cat_partial_ordinal__HF_left_line', 'cat_binary__SEX', 'cat_binary__nr_03', 'cat_binary__np_01', 'cat_binary__np_05', 'cat_binary__K_SH_POST', 'cat_binary__IM_PG_P', 'cat_binary__n_r_ecg_p_04', 'cat_binary__NITR_S', 'cat_binary__B_BLOK_S_n', 'cat_binary__ASP_S_n']"
smote_auto__mec_fp1_fn10,5,7,Exponential,resubstitution,169,0,892,0,0.15928369462770972,0.15928369462770972,1.0,0.27479674796747966,0.0,1.0,0.5,0.0,0.0,0.0,0.7069811871467615,0.28025173120029645,0.8407163053722903,1415,0.7902726848456565,0.07885659853107749,0.8274825050934538,0.08420768819510037,"{'classifier__estimator__ccp_alpha': np.float64(0.006475510493530234), 'classifier__estimator__max_depth': 18, 'classifier__estimator__max_features': 'log2', 'classifier__estimator__max_leaf_nodes': 12, 'classifier__estimator__min_impurity_decrease': np.float64(0.06524178750536233), 'classifier__estimator__min_samples_leaf': 2, 'classifier__estimator__min_samples_split': 2, 'classifier__max_features': np.float64(0.8571485509355674), 'classifier__max_samples': np.float64(0.8586691910457004), 'classifier__n_estimators': 646, 'feature_selection_filter__k': 10}",55.48894190788269,"['num_log1p_standard_scaler__L_BLOOD', 'num_standard_scaler__S_AD_ORIT', 'num_standard_scaler__D_AD_ORIT', 'cat_ordinal__ant_im', 'cat_ordinal__lat_im', 'cat_binary__K_SH_POST', 'cat_binary__IM_PG_P', 'cat_binary__n_p_ecg_p_06', 'cat_binary__n_p_ecg_p_09', 'cat_binary__NITR_S']"
smote_auto__mec_fp1_fn10,5,8,Exponential,resubstitution,169,0,892,0,0.15928369462770972,0.15928369462770972,1.0,0.27479674796747966,0.0,1.0,0.5,0.0,0.0,0.0,0.8524093188632684,0.5884097701840534,0.8407163053722903,1415,0.7042936195746383,0.016198531919400665,0.8144122597218532,0.06718687393117616,"{'classifier__estimator__ccp_alpha': np.float64(0.007156689114162157), 'classifier__estimator__max_depth': 6, 'classifier__estimator__max_features': 'log2', 'classifier__estimator__max_leaf_nodes': 13, 'classifier__estimator__min_impurity_decrease': np.float64(0.01931892152801843), 'classifier__estimator__min_samples_leaf': 2, 'classifier__estimator__min_samples_split': 3, 'classifier__max_features': np.float64(0.6961861143623578), 'classifier__max_samples': np.float64(0.7596278736301924), 'classifier__n_estimators': 962, 'feature_selection_filter__k': 45}",53.605271100997925,"['num_log1p_standard_scaler__L_BLOOD', 'num_log1p_standard_scaler__ROE', 'num_log1p_standard_scaler__K_BLOOD', 'num_standard_scaler__AGE', 'num_standard_scaler__S_AD_ORIT', 'num_standard_scaler__D_AD_ORIT', 'num_standard_scaler__NA_BLOOD', 'cat_nominal__IBS_POST_0.0', 'cat_ordinal__STENOK_AN', 'cat_ordinal__FK_STENOK', 'cat_ordinal__GB', 'cat_ordinal__TIME_B_S', 'cat_ordinal__ant_im', 'cat_ordinal__inf_im', 'cat_partial_ordinal__HF_right_line', 'cat_partial_ordinal__HF_left_line', 'cat_binary__SEX', 'cat_binary__SIM_GIPERT', 'cat_binary__nr_11', 'cat_binary__nr_01', 'cat_binary__nr_04', 'cat_binary__np_07', 'cat_binary__endocr_02', 'cat_binary__zab_leg_01', 'cat_binary__O_L_POST', 'cat_binary__K_SH_POST', 'cat_binary__MP_TP_POST', 'cat_binary__GT_POST', 'cat_binary__FIB_G_POST', 'cat_binary__IM_PG_P', 'cat_binary__ritm_ecg_p_01', 'cat_binary__ritm_ecg_p_02', 'cat_binary__ritm_ecg_p_04', 'cat_binary__n_r_ecg_p_02', 'cat_binary__n_r_ecg_p_04', 'cat_binary__n_r_ecg_p_05', 'cat_binary__n_p_ecg_p_05', 'cat_binary__n_p_ecg_p_07', 'cat_binary__n_p_ecg_p_08', 'cat_binary__n_p_ecg_p_11', 'cat_binary__n_p_ecg_p_12', 'cat_binary__fibr_ter_03', 'cat_binary__NITR_S', 'cat_binary__ANT_CA_S_n', 'cat_binary__ASP_S_n']"
smote_auto__mec_fp1_fn10,5,9,Exponential,resubstitution,169,0,892,0,0.15928369462770972,0.15928369462770972,1.0,0.27479674796747966,0.0,1.0,0.5,0.0,0.0,0.0,0.8306710536789874,0.5621994821101495,0.8407163053722903,1415,0.6321649221059181,0.08101482050587303,0.7937151209141643,0.23490212376763023,"{'classifier__estimator__ccp_alpha': np.float64(0.0038930780694522407), 'classifier__estimator__max_depth': 8, 'classifier__estimator__max_features': 'log2', 'classifier__estimator__max_leaf_nodes': 12, 'classifier__estimator__min_impurity_decrease': np.float64(0.005313985596228987), 'classifier__estimator__min_samples_leaf': 3, 'classifier__estimator__min_samples_split': 9, 'classifier__max_features': np.float64(0.9600742341678297), 'classifier__max_samples': np.float64(0.5240031286150785), 'classifier__n_estimators': 712, 'feature_selection_filter__k': 15}",54.22178339958191,"['num_log1p_standard_scaler__L_BLOOD', 'num_log1p_standard_scaler__AST_BLOOD', 'num_log1p_standard_scaler__ROE', 'num_standard_scaler__S_AD_ORIT', 'num_standard_scaler__D_AD_ORIT', 'num_standard_scaler__NA_BLOOD', 'cat_ordinal__FK_STENOK', 'cat_ordinal__GB', 'cat_partial_ordinal__HF_right_line', 'cat_binary__nr_01', 'cat_binary__zab_leg_01', 'cat_binary__zab_leg_03', 'cat_binary__K_SH_POST', 'cat_binary__ritm_ecg_p_01', 'cat_binary__fibr_ter_03']"
smote_auto__mec_fp1_fn10,5,10,Exponential,resubstitution,169,0,892,0,0.15928369462770972,0.15928369462770972,1.0,0.27479674796747966,0.0,1.0,0.5,0.0,0.0,0.0,0.790955767240693,0.5396043114871747,0.8407163053722903,1415,0.7530732604395849,0.04664162174553454,0.8094383913544159,0.10487345887200436,"{'classifier__estimator__ccp_alpha': np.float64(0.0019660747107953756), 'classifier__estimator__max_depth': 11, 'classifier__estimator__max_features': 'sqrt', 'classifier__estimator__max_leaf_nodes': 19, 'classifier__estimator__min_impurity_decrease': np.float64(0.033752003096196526), 'classifier__estimator__min_samples_leaf': 2, 'classifier__estimator__min_samples_split': 7, 'classifier__max_features': np.float64(0.5404533502408955), 'classifier__max_samples': np.float64(0.5314166160537331), 'classifier__n_estimators': 936, 'feature_selection_filter__k': 15}",51.8197762966156,"['num_log1p_standard_scaler__L_BLOOD', 'num_log1p_standard_scaler__AST_BLOOD', 'num_standard_scaler__AGE', 'num_standard_scaler__S_AD_ORIT', 'num_standard_scaler__D_AD_ORIT', 'cat_nominal__IBS_POST_1.0', 'cat_ordinal__INF_ANAM', 'cat_ordinal__FK_STENOK', 'cat_partial_ordinal__HF_right_line', 'cat_binary__nr_08', 'cat_binary__K_SH_POST', 'cat_binary__ritm_ecg_p_01', 'cat_binary__ritm_ecg_p_06', 'cat_binary__ritm_ecg_p_07', 'cat_binary__ASP_S_n']"
smote_auto__mec_fp1_fn10,6,1,Exponential,resubstitution,169,0,891,0,0.15943396226415094,0.15943396226415094,1.0,0.27502034174125306,0.0,1.0,0.5,0.0,0.0,0.0,0.8352094249530146,0.5349469867334976,0.840566037735849,1414,0.7372641509433963,0.037576313710668746,0.8216981132075473,0.1395907663768337,"{'classifier__estimator__ccp_alpha': np.float64(0.006427025987659508), 'classifier__estimator__max_depth': 18, 'classifier__estimator__max_features': 'log2', 'classifier__estimator__max_leaf_nodes': 18, 'classifier__estimator__min_impurity_decrease': np.float64(0.03686569557595022), 'classifier__estimator__min_samples_leaf': 1, 'classifier__estimator__min_samples_split': 4, 'classifier__max_features': np.float64(0.5673660547434916), 'classifier__max_samples': np.float64(0.7864534345079359), 'classifier__n_estimators': 362, 'feature_selection_filter__k': 25}",56.72949528694153,"['num_log1p_standard_scaler__L_BLOOD', 'num_log1p_standard_scaler__ROE', 'num_standard_scaler__AGE', 'num_standard_scaler__S_AD_ORIT', 'num_standard_scaler__D_AD_ORIT', 'cat_ordinal__STENOK_AN', 'cat_ordinal__FK_STENOK', 'cat_ordinal__DLIT_AG', 'cat_ordinal__TIME_B_S', 'cat_ordinal__ant_im', 'cat_binary__SEX', 'cat_binary__np_10', 'cat_binary__K_SH_POST', 'cat_binary__ritm_ecg_p_01', 'cat_binary__n_r_ecg_p_04', 'cat_binary__n_r_ecg_p_08', 'cat_binary__n_r_ecg_p_09', 'cat_binary__n_p_ecg_p_01', 'cat_binary__n_p_ecg_p_06', 'cat_binary__n_p_ecg_p_12', 'cat_binary__fibr_ter_03', 'cat_binary__fibr_ter_07', 'cat_binary__GIPER_NA', 'cat_binary__NITR_S', 'cat_binary__ANT_CA_S_n']"
smote_auto__mec_fp1_fn10,6,2,Exponential,resubstitution,169,0,891,0,0.15943396226415094,0.15943396226415094,1.0,0.27502034174125306,0.0,1.0,0.5,0.0,0.0,0.0,0.8287477005425724,0.5160667093713115,0.840566037735849,1414,0.7695754716981131,0.016836385186391266,0.8235849056603772,0.12840589568903682,"{'classifier__estimator__ccp_alpha': np.float64(0.008822562731378223), 'classifier__estimator__max_depth': 16, 'classifier__estimator__max_features': 'log2', 'classifier__estimator__max_leaf_nodes': 2, 'classifier__estimator__min_impurity_decrease': np.float64(0.0027932237555045483), 'classifier__estimator__min_samples_leaf': 8, 'classifier__estimator__min_samples_split': 9, 'classifier__max_features': np.float64(0.5661485728913092), 'classifier__max_samples': np.float64(0.9662942068159756), 'classifier__n_estimators': 329, 'feature_selection_filter__k': 25}",53.318074464797974,"['num_log1p_standard_scaler__L_BLOOD', 'num_standard_scaler__AGE', 'num_standard_scaler__S_AD_ORIT', 'num_standard_scaler__D_AD_ORIT', 'num_standard_scaler__NA_BLOOD', 'cat_nominal__IBS_POST_0.0', 'cat_ordinal__STENOK_AN', 'cat_ordinal__TIME_B_S', 'cat_ordinal__ant_im', 'cat_ordinal__lat_im', 'cat_partial_ordinal__HF_left_line', 'cat_binary__SEX', 'cat_binary__nr_01', 'cat_binary__np_08', 'cat_binary__K_SH_POST', 'cat_binary__ritm_ecg_p_01', 'cat_binary__n_r_ecg_p_06', 'cat_binary__n_r_ecg_p_10', 'cat_binary__n_p_ecg_p_09', 'cat_binary__n_p_ecg_p_11', 'cat_binary__n_p_ecg_p_12', 'cat_binary__NITR_S', 'cat_binary__ANT_CA_S_n', 'cat_binary__ASP_S_n', 'cat_binary__TRENT_S_n']"
smote_auto__mec_fp1_fn10,6,3,Exponential,resubstitution,169,0,892,0,0.15928369462770972,0.15928369462770972,1.0,0.27479674796747966,0.0,1.0,0.5,0.0,0.0,0.0,0.8237820733940086,0.5347653958067347,0.8407163053722903,1415,0.7104015267684513,0.06938665894316665,0.7264903888741252,0.13541186360819937,"{'classifier__estimator__ccp_alpha': np.float64(0.006493705278844726), 'classifier__estimator__max_depth': 13, 'classifier__estimator__max_features': 'log2', 'classifier__estimator__max_leaf_nodes': 6, 'classifier__estimator__min_impurity_decrease': np.float64(0.037269795222082625), 'classifier__estimator__min_samples_leaf': 1, 'classifier__estimator__min_samples_split': 6, 'classifier__max_features': np.float64(0.6793834951692211), 'classifier__max_samples': np.float64(0.6972589037813721), 'classifier__n_estimators': 696, 'feature_selection_filter__k': 15}",52.39139723777771,"['num_log1p_standard_scaler__AST_BLOOD', 'num_standard_scaler__AGE', 'num_standard_scaler__S_AD_ORIT', 'num_standard_scaler__D_AD_ORIT', 'cat_ordinal__STENOK_AN', 'cat_ordinal__TIME_B_S', 'cat_ordinal__ant_im', 'cat_ordinal__lat_im', 'cat_partial_ordinal__HF_left_line', 'cat_binary__nr_07', 'cat_binary__K_SH_POST', 'cat_binary__IM_PG_P', 'cat_binary__n_p_ecg_p_12', 'cat_binary__ANT_CA_S_n', 'cat_binary__ASP_S_n']"
smote_auto__mec_fp1_fn10,6,4,Exponential,resubstitution,169,0,892,0,0.15928369462770972,0.15928369462770972,1.0,0.27479674796747966,0.0,1.0,0.5,0.0,0.0,0.0,0.8284222676254411,0.5626544147007927,0.8407163053722903,1415,0.7328060759606196,0.05506281132488313,0.8049472938258482,0.06776948018307524,"{'classifier__estimator__ccp_alpha': np.float64(0.0009489904775146341), 'classifier__estimator__max_depth': 15, 'classifier__estimator__max_features': 'log2', 'classifier__estimator__max_leaf_nodes': 2, 'classifier__estimator__min_impurity_decrease': np.float64(0.0024089954393103244), 'classifier__estimator__min_samples_leaf': 1, 'classifier__estimator__min_samples_split': 8, 'classifier__max_features': np.float64(0.7336120308545729), 'classifier__max_samples': np.float64(0.6234990115863683), 'classifier__n_estimators': 349, 'feature_selection_filter__k': 55}",52.77741479873657,"['num_log1p_standard_scaler__L_BLOOD', 'num_log1p_standard_scaler__ROE', 'num_log1p_standard_scaler__K_BLOOD', 'num_standard_scaler__AGE', 'num_standard_scaler__S_AD_ORIT', 'num_standard_scaler__D_AD_ORIT', 'num_standard_scaler__NA_BLOOD', 'cat_nominal__IBS_POST_0.0', 'cat_nominal__IBS_POST_1.0', 'cat_nominal__IBS_POST_2.0', 'cat_ordinal__STENOK_AN', 'cat_ordinal__FK_STENOK', 'cat_ordinal__DLIT_AG', 'cat_ordinal__TIME_B_S', 'cat_ordinal__ant_im', 'cat_ordinal__lat_im', 'cat_partial_ordinal__HF_right_line', 'cat_partial_ordinal__HF_left_line', 'cat_binary__SEX', 'cat_binary__SIM_GIPERT', 'cat_binary__nr_11', 'cat_binary__nr_01', 'cat_binary__nr_07', 'cat_binary__np_08', 'cat_binary__endocr_01', 'cat_binary__endocr_03', 'cat_binary__zab_leg_01', 'cat_binary__zab_leg_02', 'cat_binary__zab_leg_03', 'cat_binary__zab_leg_04', 'cat_binary__O_L_POST', 'cat_binary__K_SH_POST', 'cat_binary__SVT_POST', 'cat_binary__IM_PG_P', 'cat_binary__ritm_ecg_p_01', 'cat_binary__ritm_ecg_p_07', 'cat_binary__n_r_ecg_p_05', 'cat_binary__n_r_ecg_p_09', 'cat_binary__n_p_ecg_p_03', 'cat_binary__n_p_ecg_p_04', 'cat_binary__n_p_ecg_p_12', 'cat_binary__fibr_ter_02', 'cat_binary__fibr_ter_03', 'cat_binary__fibr_ter_05', 'cat_binary__fibr_ter_07', 'cat_binary__GIPO_K', 'cat_binary__GIPER_NA', 'cat_binary__NITR_S', 'cat_binary__LID_S_n', 'cat_binary__B_BLOK_S_n', 'cat_binary__ANT_CA_S_n', 'cat_binary__GEPAR_S_n', 'cat_binary__ASP_S_n', 'cat_binary__TIKL_S_n', 'cat_binary__TRENT_S_n']"
smote_auto__mec_fp1_fn10,6,5,Exponential,resubstitution,169,0,892,0,0.15928369462770972,0.15928369462770972,1.0,0.27479674796747966,0.0,1.0,0.5,0.0,0.0,0.0,0.7773403295566109,0.4959902245832377,0.8407163053722903,1415,0.7370296908682802,0.03096150201971413,0.7766586943041899,0.2129791778472724,"{'classifier__estimator__ccp_alpha': np.float64(0.0025302200912544915), 'classifier__estimator__max_depth': 3, 'classifier__estimator__max_features': 'sqrt', 'classifier__estimator__max_leaf_nodes': 4, 'classifier__estimator__min_impurity_decrease': np.float64(0.03802668075041785), 'classifier__estimator__min_samples_leaf': 1, 'classifier__estimator__min_samples_split': 7, 'classifier__max_features': np.float64(0.7628886367085798), 'classifier__max_samples': np.float64(0.6824238840598917), 'classifier__n_estimators': 773, 'feature_selection_filter__k': 20}",61.21075415611267,"['num_log1p_standard_scaler__ROE', 'num_standard_scaler__AGE', 'num_standard_scaler__S_AD_ORIT', 'num_standard_scaler__D_AD_ORIT', 'num_standard_scaler__NA_BLOOD', 'cat_nominal__IBS_POST_2.0', 'cat_ordinal__FK_STENOK', 'cat_ordinal__ant_im', 'cat_binary__nr_08', 'cat_binary__np_08', 'cat_binary__zab_leg_06', 'cat_binary__K_SH_POST', 'cat_binary__MP_TP_POST', 'cat_binary__IM_PG_P', 'cat_binary__ritm_ecg_p_02', 'cat_binary__n_r_ecg_p_09', 'cat_binary__n_p_ecg_p_03', 'cat_binary__fibr_ter_01', 'cat_binary__NITR_S', 'cat_binary__ASP_S_n']"
smote_auto__mec_fp1_fn10,6,6,Exponential,resubstitution,169,0,892,0,0.15928369462770972,0.15928369462770972,1.0,0.27479674796747966,0.0,1.0,0.5,0.0,0.0,0.0,0.8463263194204899,0.6135641619915194,0.8407163053722903,1415,0.7132411605218125,0.018958474723854375,0.8227345203295243,0.11593570095268813,"{'classifier__estimator__ccp_alpha': np.float64(0.0018403802943510916), 'classifier__estimator__max_depth': 9, 'classifier__estimator__max_features': 'log2', 'classifier__estimator__max_leaf_nodes': 4, 'classifier__estimator__min_impurity_decrease': np.float64(0.009422337638446021), 'classifier__estimator__min_samples_leaf': 8, 'classifier__estimator__min_samples_split': 8, 'classifier__max_features': np.float64(0.8805768652069459), 'classifier__max_samples': np.float64(0.7266548721468098), 'classifier__n_estimators': 954, 'feature_selection_filter__k': 45}",57.165359020233154,"['num_log1p_standard_scaler__L_BLOOD', 'num_standard_scaler__AGE', 'num_standard_scaler__S_AD_ORIT', 'num_standard_scaler__D_AD_ORIT', 'num_standard_scaler__NA_BLOOD', 'cat_nominal__IBS_POST_0.0', 'cat_nominal__IBS_POST_2.0', 'cat_ordinal__GB', 'cat_ordinal__DLIT_AG', 'cat_ordinal__ant_im', 'cat_ordinal__lat_im', 'cat_ordinal__inf_im', 'cat_partial_ordinal__HF_right_line', 'cat_partial_ordinal__HF_left_line', 'cat_binary__SIM_GIPERT', 'cat_binary__nr_07', 'cat_binary__nr_08', 'cat_binary__np_09', 'cat_binary__endocr_02', 'cat_binary__zab_leg_01', 'cat_binary__zab_leg_02', 'cat_binary__O_L_POST', 'cat_binary__K_SH_POST', 'cat_binary__GT_POST', 'cat_binary__IM_PG_P', 'cat_binary__ritm_ecg_p_01', 'cat_binary__ritm_ecg_p_02', 'cat_binary__ritm_ecg_p_06', 'cat_binary__ritm_ecg_p_08', 'cat_binary__n_r_ecg_p_01', 'cat_binary__n_r_ecg_p_03', 'cat_binary__n_p_ecg_p_06', 'cat_binary__n_p_ecg_p_07', 'cat_binary__n_p_ecg_p_12', 'cat_binary__fibr_ter_01', 'cat_binary__fibr_ter_02', 'cat_binary__fibr_ter_03', 'cat_binary__fibr_ter_06', 'cat_binary__fibr_ter_07', 'cat_binary__GIPER_NA', 'cat_binary__NITR_S', 'cat_binary__ANT_CA_S_n', 'cat_binary__GEPAR_S_n', 'cat_binary__ASP_S_n', 'cat_binary__TIKL_S_n']"
smote_auto__mec_fp1_fn10,6,7,Exponential,resubstitution,169,0,892,0,0.15928369462770972,0.15928369462770972,1.0,0.27479674796747966,0.0,1.0,0.5,0.0,0.0,0.0,0.8178450128691591,0.503631855837855,0.8407163053722903,1415,0.7082755517034469,0.07821973921528742,0.7322880680308265,0.04711349581876433,"{'classifier__estimator__ccp_alpha': np.float64(0.002532138317724858), 'classifier__estimator__max_depth': 16, 'classifier__estimator__max_features': 'sqrt', 'classifier__estimator__max_leaf_nodes': 17, 'classifier__estimator__min_impurity_decrease': np.float64(0.030508563609341913), 'classifier__estimator__min_samples_leaf': 9, 'classifier__estimator__min_samples_split': 5, 'classifier__max_features': np.float64(0.6052893623264395), 'classifier__max_samples': np.float64(0.5560805805263014), 'classifier__n_estimators': 842, 'feature_selection_filter__k': 20}",50.0544056892395,"['num_log1p_standard_scaler__L_BLOOD', 'num_standard_scaler__AGE', 'num_standard_scaler__S_AD_ORIT', 'num_standard_scaler__D_AD_ORIT', 'num_standard_scaler__NA_BLOOD', 'cat_nominal__IBS_POST_1.0', 'cat_ordinal__DLIT_AG', 'cat_ordinal__inf_im', 'cat_partial_ordinal__HF_right_line', 'cat_partial_ordinal__HF_left_line', 'cat_binary__np_08', 'cat_binary__K_SH_POST', 'cat_binary__MP_TP_POST', 'cat_binary__SVT_POST', 'cat_binary__ritm_ecg_p_01', 'cat_binary__n_p_ecg_p_08', 'cat_binary__n_p_ecg_p_12', 'cat_binary__fibr_ter_01', 'cat_binary__NITR_S', 'cat_binary__TRENT_S_n']"
smote_auto__mec_fp1_fn10,6,8,Exponential,resubstitution,169,0,892,0,0.15928369462770972,0.15928369462770972,1.0,0.27479674796747966,0.0,1.0,0.5,0.0,0.0,0.0,0.835420702098867,0.5656706525082866,0.8407163053722903,1415,0.753285774607196,0.03866315330903524,0.8245105855257331,0.13956610380498494,"{'classifier__estimator__ccp_alpha': np.float64(0.008747708924533313), 'classifier__estimator__max_depth': 3, 'classifier__estimator__max_features': 'sqrt', 'classifier__estimator__max_leaf_nodes': 2, 'classifier__estimator__min_impurity_decrease': np.float64(0.003266133482097422), 'classifier__estimator__min_samples_leaf': 1, 'classifier__estimator__min_samples_split': 2, 'classifier__max_features': np.float64(0.7731343176852605), 'classifier__max_samples': np.float64(0.7581264541533415), 'classifier__n_estimators': 340, 'feature_selection_filter__k': 'all'}",55.77738618850708,"['num_log1p_standard_scaler__L_BLOOD', 'num_log1p_standard_scaler__ALT_BLOOD', 'num_log1p_standard_scaler__AST_BLOOD', 'num_log1p_standard_scaler__ROE', 'num_log1p_standard_scaler__K_BLOOD', 'num_standard_scaler__AGE', 'num_standard_scaler__S_AD_ORIT', 'num_standard_scaler__D_AD_ORIT', 'num_standard_scaler__NA_BLOOD', 'cat_nominal__IBS_POST_0.0', 'cat_nominal__IBS_POST_1.0', 'cat_nominal__IBS_POST_2.0', 'cat_ordinal__INF_ANAM', 'cat_ordinal__STENOK_AN', 'cat_ordinal__FK_STENOK', 'cat_ordinal__GB', 'cat_ordinal__DLIT_AG', 'cat_ordinal__TIME_B_S', 'cat_ordinal__ant_im', 'cat_ordinal__lat_im', 'cat_ordinal__inf_im', 'cat_ordinal__post_im', 'cat_partial_ordinal__HF_right_line', 'cat_partial_ordinal__HF_left_line', 'cat_binary__SEX', 'cat_binary__SIM_GIPERT', 'cat_binary__nr_11', 'cat_binary__nr_01', 'cat_binary__nr_02', 'cat_binary__nr_03', 'cat_binary__nr_04', 'cat_binary__nr_07', 'cat_binary__nr_08', 'cat_binary__np_01', 'cat_binary__np_04', 'cat_binary__np_05', 'cat_binary__np_07', 'cat_binary__np_08', 'cat_binary__np_09', 'cat_binary__np_10', 'cat_binary__endocr_01', 'cat_binary__endocr_02', 'cat_binary__endocr_03', 'cat_binary__zab_leg_01', 'cat_binary__zab_leg_02', 'cat_binary__zab_leg_03', 'cat_binary__zab_leg_04', 'cat_binary__zab_leg_06', 'cat_binary__O_L_POST', 'cat_binary__K_SH_POST', 'cat_binary__MP_TP_POST', 'cat_binary__SVT_POST', 'cat_binary__GT_POST', 'cat_binary__FIB_G_POST', 'cat_binary__IM_PG_P', 'cat_binary__ritm_ecg_p_01', 'cat_binary__ritm_ecg_p_02', 'cat_binary__ritm_ecg_p_04', 'cat_binary__ritm_ecg_p_06', 'cat_binary__ritm_ecg_p_07', 'cat_binary__ritm_ecg_p_08', 'cat_binary__n_r_ecg_p_01', 'cat_binary__n_r_ecg_p_02', 'cat_binary__n_r_ecg_p_03', 'cat_binary__n_r_ecg_p_04', 'cat_binary__n_r_ecg_p_05', 'cat_binary__n_r_ecg_p_06', 'cat_binary__n_r_ecg_p_08', 'cat_binary__n_r_ecg_p_09', 'cat_binary__n_r_ecg_p_10', 'cat_binary__n_p_ecg_p_01', 'cat_binary__n_p_ecg_p_03', 'cat_binary__n_p_ecg_p_04', 'cat_binary__n_p_ecg_p_05', 'cat_binary__n_p_ecg_p_06', 'cat_binary__n_p_ecg_p_07', 'cat_binary__n_p_ecg_p_08', 'cat_binary__n_p_ecg_p_09', 'cat_binary__n_p_ecg_p_10', 'cat_binary__n_p_ecg_p_11', 'cat_binary__n_p_ecg_p_12', 'cat_binary__fibr_ter_01', 'cat_binary__fibr_ter_02', 'cat_binary__fibr_ter_03', 'cat_binary__fibr_ter_05', 'cat_binary__fibr_ter_06', 'cat_binary__fibr_ter_07', 'cat_binary__fibr_ter_08', 'cat_binary__GIPO_K', 'cat_binary__GIPER_NA', 'cat_binary__NITR_S', 'cat_binary__LID_S_n', 'cat_binary__B_BLOK_S_n', 'cat_binary__ANT_CA_S_n', 'cat_binary__GEPAR_S_n', 'cat_binary__ASP_S_n', 'cat_binary__TIKL_S_n', 'cat_binary__TRENT_S_n']"
smote_auto__mec_fp1_fn10,6,9,Exponential,resubstitution,169,0,892,0,0.15928369462770972,0.15928369462770972,1.0,0.27479674796747966,0.0,1.0,0.5,0.0,0.0,0.0,0.8215929896250698,0.5536628955489801,0.8407163053722903,1415,0.7040769384625641,0.06888818549625494,0.806590486314111,0.1722410129597047,"{'classifier__estimator__ccp_alpha': np.float64(0.00030541106927453154), 'classifier__estimator__max_depth': 4, 'classifier__estimator__max_features': 'sqrt', 'classifier__estimator__max_leaf_nodes': 3, 'classifier__estimator__min_impurity_decrease': np.float64(0.002317813647840361), 'classifier__estimator__min_samples_leaf': 9, 'classifier__estimator__min_samples_split': 7, 'classifier__max_features': np.float64(0.9617484126295437), 'classifier__max_samples': np.float64(0.976774924939767), 'classifier__n_estimators': 747, 'feature_selection_filter__k': 15}",57.2260160446167,"['num_log1p_standard_scaler__L_BLOOD', 'num_standard_scaler__AGE', 'num_standard_scaler__S_AD_ORIT', 'num_standard_scaler__D_AD_ORIT', 'cat_nominal__IBS_POST_0.0', 'cat_ordinal__TIME_B_S', 'cat_partial_ordinal__HF_left_line', 'cat_binary__nr_04', 'cat_binary__endocr_02', 'cat_binary__K_SH_POST', 'cat_binary__IM_PG_P', 'cat_binary__ritm_ecg_p_01', 'cat_binary__n_p_ecg_p_12', 'cat_binary__NITR_S', 'cat_binary__ASP_S_n']"
smote_auto__mec_fp1_fn10,6,10,Exponential,resubstitution,169,0,892,0,0.15928369462770972,0.15928369462770972,1.0,0.27479674796747966,0.0,1.0,0.5,0.0,0.0,0.0,0.8867646668612519,0.6853712601695539,0.8407163053722903,1415,0.6366716114407627,0.02819946821291892,0.7963149968996369,0.16721234207028002,"{'classifier__estimator__ccp_alpha': np.float64(0.008302777121987969), 'classifier__estimator__max_depth': 14, 'classifier__estimator__max_features': 'log2', 'classifier__estimator__max_leaf_nodes': 17, 'classifier__estimator__min_impurity_decrease': np.float64(0.009714647976501557), 'classifier__estimator__min_samples_leaf': 9, 'classifier__estimator__min_samples_split': 6, 'classifier__max_features': np.float64(0.8507536478479129), 'classifier__max_samples': np.float64(0.9452399345642157), 'classifier__n_estimators': 519, 'feature_selection_filter__k': 55}",59.837753772735596,"['num_log1p_standard_scaler__L_BLOOD', 'num_log1p_standard_scaler__ROE', 'num_standard_scaler__AGE', 'num_standard_scaler__S_AD_ORIT', 'num_standard_scaler__D_AD_ORIT', 'num_standard_scaler__NA_BLOOD', 'cat_nominal__IBS_POST_0.0', 'cat_nominal__IBS_POST_2.0', 'cat_ordinal__FK_STENOK', 'cat_ordinal__GB', 'cat_ordinal__DLIT_AG', 'cat_ordinal__TIME_B_S', 'cat_ordinal__ant_im', 'cat_ordinal__lat_im', 'cat_ordinal__inf_im', 'cat_ordinal__post_im', 'cat_partial_ordinal__HF_right_line', 'cat_partial_ordinal__HF_left_line', 'cat_binary__SEX', 'cat_binary__nr_11', 'cat_binary__nr_01', 'cat_binary__nr_03', 'cat_binary__nr_08', 'cat_binary__np_09', 'cat_binary__endocr_01', 'cat_binary__endocr_02', 'cat_binary__endocr_03', 'cat_binary__zab_leg_01', 'cat_binary__zab_leg_02', 'cat_binary__zab_leg_03', 'cat_binary__O_L_POST', 'cat_binary__K_SH_POST', 'cat_binary__GT_POST', 'cat_binary__FIB_G_POST', 'cat_binary__IM_PG_P', 'cat_binary__ritm_ecg_p_01', 'cat_binary__ritm_ecg_p_04', 'cat_binary__ritm_ecg_p_07', 'cat_binary__ritm_ecg_p_08', 'cat_binary__n_r_ecg_p_01', 'cat_binary__n_r_ecg_p_04', 'cat_binary__n_r_ecg_p_05', 'cat_binary__n_p_ecg_p_03', 'cat_binary__n_p_ecg_p_10', 'cat_binary__fibr_ter_01', 'cat_binary__fibr_ter_02', 'cat_binary__fibr_ter_03', 'cat_binary__fibr_ter_06', 'cat_binary__fibr_ter_07', 'cat_binary__GIPER_NA', 'cat_binary__NITR_S', 'cat_binary__B_BLOK_S_n', 'cat_binary__ANT_CA_S_n', 'cat_binary__ASP_S_n', 'cat_binary__TIKL_S_n']"
smote_auto__mec_fp1_fn10,7,1,Exponential,resubstitution,169,0,891,0,0.15943396226415094,0.15943396226415094,1.0,0.27502034174125306,0.0,1.0,0.5,0.0,0.0,0.0,0.8200911149629098,0.5092061587459658,0.840566037735849,1414,0.7047169811320755,0.0472675873416525,0.7169811320754716,0.11850799054673361,"{'classifier__estimator__ccp_alpha': np.float64(0.0009126972727951877), 'classifier__estimator__max_depth': 12, 'classifier__estimator__max_features': 'log2', 'classifier__estimator__max_leaf_nodes': 10, 'classifier__estimator__min_impurity_decrease': np.float64(0.03673068720271024), 'classifier__estimator__min_samples_leaf': 1, 'classifier__estimator__min_samples_split': 4, 'classifier__max_features': np.float64(0.7610347580756145), 'classifier__max_samples': np.float64(0.7280880807267931), 'classifier__n_estimators': 489, 'feature_selection_filter__k': 20}",52.393564224243164,"['num_standard_scaler__AGE', 'num_standard_scaler__S_AD_ORIT', 'num_standard_scaler__D_AD_ORIT', 'cat_ordinal__STENOK_AN', 'cat_ordinal__TIME_B_S', 'cat_ordinal__lat_im', 'cat_ordinal__post_im', 'cat_binary__SEX', 'cat_binary__nr_03', 'cat_binary__np_01', 'cat_binary__zab_leg_01', 'cat_binary__K_SH_POST', 'cat_binary__SVT_POST', 'cat_binary__IM_PG_P', 'cat_binary__ritm_ecg_p_01', 'cat_binary__n_r_ecg_p_08', 'cat_binary__n_p_ecg_p_06', 'cat_binary__n_p_ecg_p_12', 'cat_binary__fibr_ter_02', 'cat_binary__NITR_S']"
smote_auto__mec_fp1_fn10,7,2,Exponential,resubstitution,169,0,891,0,0.15943396226415094,0.15943396226415094,1.0,0.27502034174125306,0.0,1.0,0.5,0.0,0.0,0.0,0.8301389968056635,0.5995034289593729,0.840566037735849,1414,0.7910377358490567,0.0264991922739399,0.8150943396226416,0.13535023724121473,"{'classifier__estimator__ccp_alpha': np.float64(0.0014600013341134665), 'classifier__estimator__max_depth': 11, 'classifier__estimator__max_features': 'log2', 'classifier__estimator__max_leaf_nodes': 5, 'classifier__estimator__min_impurity_decrease': np.float64(0.04278411087618265), 'classifier__estimator__min_samples_leaf': 1, 'classifier__estimator__min_samples_split': 9, 'classifier__max_features': np.float64(0.8469593920949098), 'classifier__max_samples': np.float64(0.5189828925956483), 'classifier__n_estimators': 346, 'feature_selection_filter__k': 80}",54.825443267822266,"['num_log1p_standard_scaler__L_BLOOD', 'num_log1p_standard_scaler__ROE', 'num_log1p_standard_scaler__K_BLOOD', 'num_standard_scaler__AGE', 'num_standard_scaler__S_AD_ORIT', 'num_standard_scaler__D_AD_ORIT', 'num_standard_scaler__NA_BLOOD', 'cat_nominal__IBS_POST_1.0', 'cat_nominal__IBS_POST_2.0', 'cat_ordinal__INF_ANAM', 'cat_ordinal__STENOK_AN', 'cat_ordinal__FK_STENOK', 'cat_ordinal__GB', 'cat_ordinal__DLIT_AG', 'cat_ordinal__TIME_B_S', 'cat_ordinal__ant_im', 'cat_ordinal__lat_im', 'cat_ordinal__inf_im', 'cat_partial_ordinal__HF_right_line', 'cat_partial_ordinal__HF_left_line', 'cat_binary__nr_11', 'cat_binary__nr_01', 'cat_binary__nr_08', 'cat_binary__np_01', 'cat_binary__np_04', 'cat_binary__np_08', 'cat_binary__np_09', 'cat_binary__endocr_02', 'cat_binary__endocr_03', 'cat_binary__zab_leg_01', 'cat_binary__zab_leg_02', 'cat_binary__zab_leg_03', 'cat_binary__zab_leg_04', 'cat_binary__zab_leg_06', 'cat_binary__K_SH_POST', 'cat_binary__MP_TP_POST', 'cat_binary__IM_PG_P', 'cat_binary__ritm_ecg_p_01', 'cat_binary__ritm_ecg_p_02', 'cat_binary__ritm_ecg_p_04', 'cat_binary__ritm_ecg_p_06', 'cat_binary__ritm_ecg_p_07', 'cat_binary__ritm_ecg_p_08', 'cat_binary__n_r_ecg_p_01', 'cat_binary__n_r_ecg_p_02', 'cat_binary__n_r_ecg_p_03', 'cat_binary__n_r_ecg_p_04', 'cat_binary__n_r_ecg_p_05', 'cat_binary__n_r_ecg_p_06', 'cat_binary__n_r_ecg_p_08', 'cat_binary__n_r_ecg_p_09', 'cat_binary__n_r_ecg_p_10', 'cat_binary__n_p_ecg_p_01', 'cat_binary__n_p_ecg_p_03', 'cat_binary__n_p_ecg_p_04', 'cat_binary__n_p_ecg_p_05', 'cat_binary__n_p_ecg_p_06', 'cat_binary__n_p_ecg_p_07', 'cat_binary__n_p_ecg_p_08', 'cat_binary__n_p_ecg_p_09', 'cat_binary__n_p_ecg_p_10', 'cat_binary__n_p_ecg_p_11', 'cat_binary__n_p_ecg_p_12', 'cat_binary__fibr_ter_01', 'cat_binary__fibr_ter_02', 'cat_binary__fibr_ter_03', 'cat_binary__fibr_ter_05', 'cat_binary__fibr_ter_06', 'cat_binary__fibr_ter_07', 'cat_binary__fibr_ter_08', 'cat_binary__GIPO_K', 'cat_binary__GIPER_NA', 'cat_binary__NITR_S', 'cat_binary__LID_S_n', 'cat_binary__B_BLOK_S_n', 'cat_binary__ANT_CA_S_n', 'cat_binary__GEPAR_S_n', 'cat_binary__ASP_S_n', 'cat_binary__TIKL_S_n', 'cat_binary__TRENT_S_n']"
smote_auto__mec_fp1_fn10,7,3,Exponential,resubstitution,169,0,892,0,0.15928369462770972,0.15928369462770972,1.0,0.27479674796747966,0.0,1.0,0.5,0.0,0.0,0.0,0.8309994162443283,0.5660071609987685,0.8407163053722903,1415,0.797128141876125,0.0543065385872638,0.8719018513597308,0.216762781070711,"{'classifier__estimator__ccp_alpha': np.float64(0.004170452760986306), 'classifier__estimator__max_depth': 11, 'classifier__estimator__max_features': 'sqrt', 'classifier__estimator__max_leaf_nodes': 14, 'classifier__estimator__min_impurity_decrease': np.float64(0.036883479299337885), 'classifier__estimator__min_samples_leaf': 9, 'classifier__estimator__min_samples_split': 4, 'classifier__max_features': np.float64(0.8142570033874119), 'classifier__max_samples': np.float64(0.6967495397509469), 'classifier__n_estimators': 961, 'feature_selection_filter__k': 30}",51.995094299316406,"['num_log1p_standard_scaler__L_BLOOD', 'num_log1p_standard_scaler__AST_BLOOD', 'num_log1p_standard_scaler__ROE', 'num_log1p_standard_scaler__K_BLOOD', 'num_standard_scaler__AGE', 'num_standard_scaler__S_AD_ORIT', 'num_standard_scaler__D_AD_ORIT', 'cat_nominal__IBS_POST_2.0', 'cat_ordinal__TIME_B_S', 'cat_ordinal__ant_im', 'cat_partial_ordinal__HF_right_line', 'cat_partial_ordinal__HF_left_line', 'cat_binary__SEX', 'cat_binary__nr_11', 'cat_binary__endocr_01', 'cat_binary__zab_leg_06', 'cat_binary__O_L_POST', 'cat_binary__K_SH_POST', 'cat_binary__FIB_G_POST', 'cat_binary__ritm_ecg_p_02', 'cat_binary__ritm_ecg_p_07', 'cat_binary__ritm_ecg_p_08', 'cat_binary__n_p_ecg_p_04', 'cat_binary__n_p_ecg_p_07', 'cat_binary__n_p_ecg_p_08', 'cat_binary__n_p_ecg_p_09', 'cat_binary__n_p_ecg_p_12', 'cat_binary__NITR_S', 'cat_binary__B_BLOK_S_n', 'cat_binary__ASP_S_n']"
smote_auto__mec_fp1_fn10,7,4,Exponential,resubstitution,169,0,892,0,0.15928369462770972,0.15928369462770972,1.0,0.27479674796747966,0.0,1.0,0.5,0.0,0.0,0.0,0.8509300289224401,0.5806867000463704,0.8407163053722903,1415,0.7657918861257417,0.027081669319263195,0.8681947028080433,0.09793080388135282,"{'classifier__estimator__ccp_alpha': np.float64(0.0012856803214856194), 'classifier__estimator__max_depth': 11, 'classifier__estimator__max_features': 'log2', 'classifier__estimator__max_leaf_nodes': 11, 'classifier__estimator__min_impurity_decrease': np.float64(0.027059419601375714), 'classifier__estimator__min_samples_leaf': 1, 'classifier__estimator__min_samples_split': 5, 'classifier__max_features': np.float64(0.602638532538582), 'classifier__max_samples': np.float64(0.6848407496432839), 'classifier__n_estimators': 586, 'feature_selection_filter__k': 90}",53.189756870269775,"['num_log1p_standard_scaler__L_BLOOD', 'num_log1p_standard_scaler__ROE', 'num_log1p_standard_scaler__K_BLOOD', 'num_standard_scaler__AGE', 'num_standard_scaler__S_AD_ORIT', 'num_standard_scaler__D_AD_ORIT', 'num_standard_scaler__NA_BLOOD', 'cat_nominal__IBS_POST_2.0', 'cat_ordinal__GB', 'cat_ordinal__TIME_B_S', 'cat_ordinal__ant_im', 'cat_ordinal__lat_im', 'cat_ordinal__inf_im', 'cat_ordinal__post_im', 'cat_partial_ordinal__HF_right_line', 'cat_partial_ordinal__HF_left_line', 'cat_binary__SEX', 'cat_binary__SIM_GIPERT', 'cat_binary__nr_11', 'cat_binary__nr_01', 'cat_binary__nr_02', 'cat_binary__nr_03', 'cat_binary__nr_04', 'cat_binary__nr_07', 'cat_binary__nr_08', 'cat_binary__np_01', 'cat_binary__np_04', 'cat_binary__np_05', 'cat_binary__np_07', 'cat_binary__np_08', 'cat_binary__np_09', 'cat_binary__np_10', 'cat_binary__endocr_01', 'cat_binary__endocr_02', 'cat_binary__endocr_03', 'cat_binary__zab_leg_01', 'cat_binary__zab_leg_02', 'cat_binary__zab_leg_03', 'cat_binary__zab_leg_04', 'cat_binary__zab_leg_06', 'cat_binary__O_L_POST', 'cat_binary__K_SH_POST', 'cat_binary__MP_TP_POST', 'cat_binary__SVT_POST', 'cat_binary__GT_POST', 'cat_binary__FIB_G_POST', 'cat_binary__IM_PG_P', 'cat_binary__ritm_ecg_p_01', 'cat_binary__ritm_ecg_p_02', 'cat_binary__ritm_ecg_p_04', 'cat_binary__ritm_ecg_p_06', 'cat_binary__ritm_ecg_p_07', 'cat_binary__ritm_ecg_p_08', 'cat_binary__n_r_ecg_p_01', 'cat_binary__n_r_ecg_p_02', 'cat_binary__n_r_ecg_p_03', 'cat_binary__n_r_ecg_p_04', 'cat_binary__n_r_ecg_p_05', 'cat_binary__n_r_ecg_p_06', 'cat_binary__n_r_ecg_p_08', 'cat_binary__n_r_ecg_p_09', 'cat_binary__n_r_ecg_p_10', 'cat_binary__n_p_ecg_p_01', 'cat_binary__n_p_ecg_p_03', 'cat_binary__n_p_ecg_p_04', 'cat_binary__n_p_ecg_p_05', 'cat_binary__n_p_ecg_p_06', 'cat_binary__n_p_ecg_p_07', 'cat_binary__n_p_ecg_p_08', 'cat_binary__n_p_ecg_p_09', 'cat_binary__n_p_ecg_p_10', 'cat_binary__n_p_ecg_p_11', 'cat_binary__n_p_ecg_p_12', 'cat_binary__fibr_ter_01', 'cat_binary__fibr_ter_02', 'cat_binary__fibr_ter_03', 'cat_binary__fibr_ter_05', 'cat_binary__fibr_ter_06', 'cat_binary__fibr_ter_07', 'cat_binary__fibr_ter_08', 'cat_binary__GIPO_K', 'cat_binary__GIPER_NA', 'cat_binary__NITR_S', 'cat_binary__LID_S_n', 'cat_binary__B_BLOK_S_n', 'cat_binary__ANT_CA_S_n', 'cat_binary__GEPAR_S_n', 'cat_binary__ASP_S_n', 'cat_binary__TIKL_S_n', 'cat_binary__TRENT_S_n']"
smote_auto__mec_fp1_fn10,7,5,Exponential,resubstitution,169,0,892,0,0.15928369462770972,0.15928369462770972,1.0,0.27479674796747966,0.0,1.0,0.5,0.0,0.0,0.0,0.8322166794916018,0.5611060294902086,0.8407163053722903,1415,0.7139595417472275,0.03934311864821989,0.8200283461776952,0.09262290198545134,"{'classifier__estimator__ccp_alpha': np.float64(0.002339053281599924), 'classifier__estimator__max_depth': 18, 'classifier__estimator__max_features': 'sqrt', 'classifier__estimator__max_leaf_nodes': 12, 'classifier__estimator__min_impurity_decrease': np.float64(0.01399290996134548), 'classifier__estimator__min_samples_leaf': 2, 'classifier__estimator__min_samples_split': 9, 'classifier__max_features': np.float64(0.6018823233230598), 'classifier__max_samples': np.float64(0.5866465551585331), 'classifier__n_estimators': 281, 'feature_selection_filter__k': 20}",53.46505928039551,"['num_log1p_standard_scaler__L_BLOOD', 'num_log1p_standard_scaler__K_BLOOD', 'num_standard_scaler__AGE', 'num_standard_scaler__S_AD_ORIT', 'num_standard_scaler__D_AD_ORIT', 'num_standard_scaler__NA_BLOOD', 'cat_ordinal__TIME_B_S', 'cat_ordinal__ant_im', 'cat_partial_ordinal__HF_right_line', 'cat_binary__nr_11', 'cat_binary__K_SH_POST', 'cat_binary__MP_TP_POST', 'cat_binary__SVT_POST', 'cat_binary__FIB_G_POST', 'cat_binary__ritm_ecg_p_07', 'cat_binary__n_p_ecg_p_05', 'cat_binary__n_p_ecg_p_06', 'cat_binary__n_p_ecg_p_11', 'cat_binary__fibr_ter_01', 'cat_binary__ASP_S_n']"
smote_auto__mec_fp1_fn10,7,6,Exponential,resubstitution,169,0,892,0,0.15928369462770972,0.15928369462770972,1.0,0.27479674796747966,0.0,1.0,0.5,0.0,0.0,0.0,0.8156725130681668,0.5361927319060497,0.8407163053722903,1415,0.6939293175100562,0.035641485741563124,0.6956240588183187,0.10429413371194783,"{'classifier__estimator__ccp_alpha': np.float64(0.0032221164001503435), 'classifier__estimator__max_depth': 5, 'classifier__estimator__max_features': 'log2', 'classifier__estimator__max_leaf_nodes': 17, 'classifier__estimator__min_impurity_decrease': np.float64(0.043055343566986204), 'classifier__estimator__min_samples_leaf': 9, 'classifier__estimator__min_samples_split': 5, 'classifier__max_features': np.float64(0.9665895644268907), 'classifier__max_samples': np.float64(0.9826741732434463), 'classifier__n_estimators': 988, 'feature_selection_filter__k': 30}",53.24769878387451,"['num_log1p_standard_scaler__L_BLOOD', 'num_log1p_standard_scaler__K_BLOOD', 'num_standard_scaler__AGE', 'num_standard_scaler__S_AD_ORIT', 'num_standard_scaler__D_AD_ORIT', 'num_standard_scaler__NA_BLOOD', 'cat_ordinal__INF_ANAM', 'cat_ordinal__FK_STENOK', 'cat_ordinal__DLIT_AG', 'cat_ordinal__TIME_B_S', 'cat_ordinal__inf_im', 'cat_partial_ordinal__HF_left_line', 'cat_binary__nr_03', 'cat_binary__np_08', 'cat_binary__endocr_02', 'cat_binary__O_L_POST', 'cat_binary__K_SH_POST', 'cat_binary__MP_TP_POST', 'cat_binary__IM_PG_P', 'cat_binary__n_r_ecg_p_04', 'cat_binary__n_p_ecg_p_03', 'cat_binary__n_p_ecg_p_05', 'cat_binary__n_p_ecg_p_06', 'cat_binary__n_p_ecg_p_12', 'cat_binary__fibr_ter_06', 'cat_binary__fibr_ter_08', 'cat_binary__NITR_S', 'cat_binary__B_BLOK_S_n', 'cat_binary__ASP_S_n', 'cat_binary__TRENT_S_n']"
smote_auto__mec_fp1_fn10,7,7,Exponential,resubstitution,169,0,892,0,0.15928369462770972,0.15928369462770972,1.0,0.27479674796747966,0.0,1.0,0.5,0.0,0.0,0.0,0.8219744208878393,0.5229544380628262,0.8407163053722903,1415,0.7379953107984976,0.056248269935974676,0.7896447869607582,0.1165592589925189,"{'classifier__estimator__ccp_alpha': np.float64(0.0052654359727127825), 'classifier__estimator__max_depth': 4, 'classifier__estimator__max_features': 'sqrt', 'classifier__estimator__max_leaf_nodes': 2, 'classifier__estimator__min_impurity_decrease': np.float64(0.04007351095784589), 'classifier__estimator__min_samples_leaf': 7, 'classifier__estimator__min_samples_split': 7, 'classifier__max_features': np.float64(0.8578846769816305), 'classifier__max_samples': np.float64(0.7607513012111025), 'classifier__n_estimators': 956, 'feature_selection_filter__k': 45}",54.56640124320984,"['num_log1p_standard_scaler__L_BLOOD', 'num_log1p_standard_scaler__ROE', 'num_standard_scaler__AGE', 'num_standard_scaler__S_AD_ORIT', 'num_standard_scaler__D_AD_ORIT', 'num_standard_scaler__NA_BLOOD', 'cat_ordinal__STENOK_AN', 'cat_ordinal__FK_STENOK', 'cat_ordinal__GB', 'cat_ordinal__DLIT_AG', 'cat_ordinal__TIME_B_S', 'cat_ordinal__ant_im', 'cat_ordinal__post_im', 'cat_partial_ordinal__HF_right_line', 'cat_binary__nr_03', 'cat_binary__nr_07', 'cat_binary__np_01', 'cat_binary__np_07', 'cat_binary__np_09', 'cat_binary__endocr_03', 'cat_binary__K_SH_POST', 'cat_binary__MP_TP_POST', 'cat_binary__ritm_ecg_p_01', 'cat_binary__ritm_ecg_p_02', 'cat_binary__ritm_ecg_p_06', 'cat_binary__ritm_ecg_p_07', 'cat_binary__n_r_ecg_p_02', 'cat_binary__n_r_ecg_p_03', 'cat_binary__n_r_ecg_p_08', 'cat_binary__n_r_ecg_p_10', 'cat_binary__n_p_ecg_p_01', 'cat_binary__n_p_ecg_p_05', 'cat_binary__n_p_ecg_p_06', 'cat_binary__n_p_ecg_p_07', 'cat_binary__n_p_ecg_p_09', 'cat_binary__n_p_ecg_p_11', 'cat_binary__n_p_ecg_p_12', 'cat_binary__fibr_ter_01', 'cat_binary__fibr_ter_06', 'cat_binary__fibr_ter_07', 'cat_binary__NITR_S', 'cat_binary__ANT_CA_S_n', 'cat_binary__ASP_S_n', 'cat_binary__TIKL_S_n', 'cat_binary__TRENT_S_n']"
smote_auto__mec_fp1_fn10,7,8,Exponential,resubstitution,169,0,892,0,0.15928369462770972,0.15928369462770972,1.0,0.27479674796747966,0.0,1.0,0.5,0.0,0.0,0.0,0.8398685223021201,0.5523633733419175,0.8407163053722903,1415,0.731157632731071,0.039141505120134146,0.8614049074320136,0.13151941173541665,"{'classifier__estimator__ccp_alpha': np.float64(0.007965639009612429), 'classifier__estimator__max_depth': 5, 'classifier__estimator__max_features': 'log2', 'classifier__estimator__max_leaf_nodes': 13, 'classifier__estimator__min_impurity_decrease': np.float64(0.029787482690796663), 'classifier__estimator__min_samples_leaf': 6, 'classifier__estimator__min_samples_split': 8, 'classifier__max_features': np.float64(0.8574662086839814), 'classifier__max_samples': np.float64(0.9243922529458387), 'classifier__n_estimators': 880, 'feature_selection_filter__k': 25}",49.09105205535889,"['num_log1p_standard_scaler__L_BLOOD', 'num_log1p_standard_scaler__ALT_BLOOD', 'num_standard_scaler__AGE', 'num_standard_scaler__S_AD_ORIT', 'num_standard_scaler__D_AD_ORIT', 'cat_nominal__IBS_POST_2.0', 'cat_ordinal__TIME_B_S', 'cat_ordinal__ant_im', 'cat_ordinal__lat_im', 'cat_partial_ordinal__HF_right_line', 'cat_partial_ordinal__HF_left_line', 'cat_binary__SEX', 'cat_binary__nr_03', 'cat_binary__endocr_01', 'cat_binary__endocr_02', 'cat_binary__zab_leg_01', 'cat_binary__K_SH_POST', 'cat_binary__MP_TP_POST', 'cat_binary__ritm_ecg_p_07', 'cat_binary__n_p_ecg_p_05', 'cat_binary__n_p_ecg_p_06', 'cat_binary__n_p_ecg_p_11', 'cat_binary__n_p_ecg_p_12', 'cat_binary__GIPER_NA', 'cat_binary__NITR_S']"
smote_auto__mec_fp1_fn10,7,9,Exponential,resubstitution,169,0,892,0,0.15928369462770972,0.15928369462770972,1.0,0.27479674796747966,0.0,1.0,0.5,0.0,0.0,0.0,0.8059145063284421,0.5286355983161183,0.8407163053722903,1415,0.791233582238816,0.03519587028091778,0.8284790504030471,0.06957750558015345,"{'classifier__estimator__ccp_alpha': np.float64(0.007669130654673989), 'classifier__estimator__max_depth': 11, 'classifier__estimator__max_features': 'sqrt', 'classifier__estimator__max_leaf_nodes': 16, 'classifier__estimator__min_impurity_decrease': np.float64(0.028552690284447492), 'classifier__estimator__min_samples_leaf': 6, 'classifier__estimator__min_samples_split': 5, 'classifier__max_features': np.float64(0.9753762663893861), 'classifier__max_samples': np.float64(0.5019419026920748), 'classifier__n_estimators': 303, 'feature_selection_filter__k': 70}",55.321850538253784,"['num_log1p_standard_scaler__L_BLOOD', 'num_log1p_standard_scaler__AST_BLOOD', 'num_log1p_standard_scaler__ROE', 'num_standard_scaler__AGE', 'num_standard_scaler__S_AD_ORIT', 'num_standard_scaler__D_AD_ORIT', 'num_standard_scaler__NA_BLOOD', 'cat_nominal__IBS_POST_0.0', 'cat_nominal__IBS_POST_1.0', 'cat_ordinal__INF_ANAM', 'cat_ordinal__STENOK_AN', 'cat_ordinal__FK_STENOK', 'cat_ordinal__GB', 'cat_ordinal__DLIT_AG', 'cat_ordinal__TIME_B_S', 'cat_ordinal__ant_im', 'cat_ordinal__lat_im', 'cat_ordinal__inf_im', 'cat_partial_ordinal__HF_right_line', 'cat_binary__nr_01', 'cat_binary__nr_03', 'cat_binary__np_04', 'cat_binary__np_08', 'cat_binary__np_10', 'cat_binary__endocr_01', 'cat_binary__endocr_02', 'cat_binary__zab_leg_01', 'cat_binary__zab_leg_03', 'cat_binary__O_L_POST', 'cat_binary__K_SH_POST', 'cat_binary__MP_TP_POST', 'cat_binary__SVT_POST', 'cat_binary__FIB_G_POST', 'cat_binary__ritm_ecg_p_01', 'cat_binary__ritm_ecg_p_02', 'cat_binary__ritm_ecg_p_06', 'cat_binary__ritm_ecg_p_07', 'cat_binary__n_r_ecg_p_01', 'cat_binary__n_r_ecg_p_02', 'cat_binary__n_r_ecg_p_05', 'cat_binary__n_r_ecg_p_09', 'cat_binary__n_r_ecg_p_10', 'cat_binary__n_p_ecg_p_01', 'cat_binary__n_p_ecg_p_03', 'cat_binary__n_p_ecg_p_04', 'cat_binary__n_p_ecg_p_05', 'cat_binary__n_p_ecg_p_06', 'cat_binary__n_p_ecg_p_07', 'cat_binary__n_p_ecg_p_08', 'cat_binary__n_p_ecg_p_09', 'cat_binary__n_p_ecg_p_10', 'cat_binary__n_p_ecg_p_11', 'cat_binary__n_p_ecg_p_12', 'cat_binary__fibr_ter_01', 'cat_binary__fibr_ter_02', 'cat_binary__fibr_ter_03', 'cat_binary__fibr_ter_05', 'cat_binary__fibr_ter_06', 'cat_binary__fibr_ter_07', 'cat_binary__fibr_ter_08', 'cat_binary__GIPO_K', 'cat_binary__GIPER_NA', 'cat_binary__NITR_S', 'cat_binary__LID_S_n', 'cat_binary__B_BLOK_S_n', 'cat_binary__ANT_CA_S_n', 'cat_binary__GEPAR_S_n', 'cat_binary__ASP_S_n', 'cat_binary__TIKL_S_n', 'cat_binary__TRENT_S_n']"
smote_auto__mec_fp1_fn10,7,10,Exponential,resubstitution,169,0,892,0,0.15928369462770972,0.15928369462770972,1.0,0.27479674796747966,0.0,1.0,0.5,0.0,0.0,0.0,0.8213475468994614,0.5195618457454414,0.8407163053722903,1415,0.757073804920328,0.029332025236295307,0.8078173443174773,0.1451312558852071,"{'classifier__estimator__ccp_alpha': np.float64(0.005716595033841083), 'classifier__estimator__max_depth': 9, 'classifier__estimator__max_features': 'sqrt', 'classifier__estimator__max_leaf_nodes': 7, 'classifier__estimator__min_impurity_decrease': np.float64(0.021806717705506264), 'classifier__estimator__min_samples_leaf': 7, 'classifier__estimator__min_samples_split': 2, 'classifier__max_features': np.float64(0.9253515140207291), 'classifier__max_samples': np.float64(0.7682036995592538), 'classifier__n_estimators': 604, 'feature_selection_filter__k': 40}",52.99126052856445,"['num_log1p_standard_scaler__L_BLOOD', 'num_log1p_standard_scaler__K_BLOOD', 'num_standard_scaler__AGE', 'num_standard_scaler__S_AD_ORIT', 'num_standard_scaler__D_AD_ORIT', 'cat_nominal__IBS_POST_0.0', 'cat_nominal__IBS_POST_2.0', 'cat_ordinal__INF_ANAM', 'cat_ordinal__STENOK_AN', 'cat_ordinal__FK_STENOK', 'cat_ordinal__DLIT_AG', 'cat_ordinal__ant_im', 'cat_ordinal__inf_im', 'cat_ordinal__post_im', 'cat_binary__nr_11', 'cat_binary__nr_01', 'cat_binary__nr_08', 'cat_binary__zab_leg_01', 'cat_binary__zab_leg_02', 'cat_binary__zab_leg_03', 'cat_binary__zab_leg_04', 'cat_binary__zab_leg_06', 'cat_binary__K_SH_POST', 'cat_binary__MP_TP_POST', 'cat_binary__GT_POST', 'cat_binary__FIB_G_POST', 'cat_binary__ritm_ecg_p_01', 'cat_binary__n_r_ecg_p_01', 'cat_binary__n_r_ecg_p_04', 'cat_binary__n_p_ecg_p_03', 'cat_binary__n_p_ecg_p_04', 'cat_binary__n_p_ecg_p_05', 'cat_binary__n_p_ecg_p_09', 'cat_binary__fibr_ter_03', 'cat_binary__fibr_ter_06', 'cat_binary__NITR_S', 'cat_binary__ANT_CA_S_n', 'cat_binary__ASP_S_n', 'cat_binary__TIKL_S_n', 'cat_binary__TRENT_S_n']"
smote_auto__mec_fp1_fn10,8,1,Exponential,resubstitution,169,0,891,0,0.15943396226415094,0.15943396226415094,1.0,0.27502034174125306,0.0,1.0,0.5,0.0,0.0,0.0,0.859781244396629,0.6241475993533621,0.840566037735849,1414,0.7398584905660377,0.045044082676001546,0.769811320754717,0.190799408757843,"{'classifier__estimator__ccp_alpha': np.float64(0.00027238138009795575), 'classifier__estimator__max_depth': 16, 'classifier__estimator__max_features': 'log2', 'classifier__estimator__max_leaf_nodes': 10, 'classifier__estimator__min_impurity_decrease': np.float64(0.02170628820644176), 'classifier__estimator__min_samples_leaf': 6, 'classifier__estimator__min_samples_split': 3, 'classifier__max_features': np.float64(0.53005117691678), 'classifier__max_samples': np.float64(0.7567377152808012), 'classifier__n_estimators': 239, 'feature_selection_filter__k': 90}",54.656676054000854,"['num_log1p_standard_scaler__L_BLOOD', 'num_log1p_standard_scaler__ROE', 'num_standard_scaler__AGE', 'num_standard_scaler__S_AD_ORIT', 'num_standard_scaler__D_AD_ORIT', 'num_standard_scaler__NA_BLOOD', 'cat_nominal__IBS_POST_0.0', 'cat_nominal__IBS_POST_1.0', 'cat_nominal__IBS_POST_2.0', 'cat_ordinal__STENOK_AN', 'cat_ordinal__GB', 'cat_ordinal__DLIT_AG', 'cat_ordinal__TIME_B_S', 'cat_ordinal__ant_im', 'cat_ordinal__inf_im', 'cat_partial_ordinal__HF_right_line', 'cat_partial_ordinal__HF_left_line', 'cat_binary__SEX', 'cat_binary__SIM_GIPERT', 'cat_binary__nr_11', 'cat_binary__nr_01', 'cat_binary__nr_03', 'cat_binary__nr_04', 'cat_binary__nr_07', 'cat_binary__nr_08', 'cat_binary__np_01', 'cat_binary__np_04', 'cat_binary__np_05', 'cat_binary__np_07', 'cat_binary__np_08', 'cat_binary__np_09', 'cat_binary__np_10', 'cat_binary__endocr_01', 'cat_binary__endocr_02', 'cat_binary__endocr_03', 'cat_binary__zab_leg_01', 'cat_binary__zab_leg_02', 'cat_binary__zab_leg_03', 'cat_binary__zab_leg_04', 'cat_binary__zab_leg_06', 'cat_binary__O_L_POST', 'cat_binary__K_SH_POST', 'cat_binary__MP_TP_POST', 'cat_binary__SVT_POST', 'cat_binary__GT_POST', 'cat_binary__FIB_G_POST', 'cat_binary__IM_PG_P', 'cat_binary__ritm_ecg_p_01', 'cat_binary__ritm_ecg_p_02', 'cat_binary__ritm_ecg_p_04', 'cat_binary__ritm_ecg_p_06', 'cat_binary__ritm_ecg_p_07', 'cat_binary__ritm_ecg_p_08', 'cat_binary__n_r_ecg_p_01', 'cat_binary__n_r_ecg_p_02', 'cat_binary__n_r_ecg_p_03', 'cat_binary__n_r_ecg_p_04', 'cat_binary__n_r_ecg_p_05', 'cat_binary__n_r_ecg_p_06', 'cat_binary__n_r_ecg_p_08', 'cat_binary__n_r_ecg_p_09', 'cat_binary__n_r_ecg_p_10', 'cat_binary__n_p_ecg_p_01', 'cat_binary__n_p_ecg_p_03', 'cat_binary__n_p_ecg_p_04', 'cat_binary__n_p_ecg_p_05', 'cat_binary__n_p_ecg_p_06', 'cat_binary__n_p_ecg_p_07', 'cat_binary__n_p_ecg_p_08', 'cat_binary__n_p_ecg_p_09', 'cat_binary__n_p_ecg_p_10', 'cat_binary__n_p_ecg_p_11', 'cat_binary__n_p_ecg_p_12', 'cat_binary__fibr_ter_01', 'cat_binary__fibr_ter_02', 'cat_binary__fibr_ter_03', 'cat_binary__fibr_ter_05', 'cat_binary__fibr_ter_06', 'cat_binary__fibr_ter_07', 'cat_binary__fibr_ter_08', 'cat_binary__GIPO_K', 'cat_binary__GIPER_NA', 'cat_binary__NITR_S', 'cat_binary__LID_S_n', 'cat_binary__B_BLOK_S_n', 'cat_binary__ANT_CA_S_n', 'cat_binary__GEPAR_S_n', 'cat_binary__ASP_S_n', 'cat_binary__TIKL_S_n', 'cat_binary__TRENT_S_n']"
smote_auto__mec_fp1_fn10,8,2,Exponential,resubstitution,169,0,891,0,0.15943396226415094,0.15943396226415094,1.0,0.27502034174125306,0.0,1.0,0.5,0.0,0.0,0.0,0.8651007112545573,0.6477285677133511,0.840566037735849,1414,0.6839622641509433,0.040031860309016884,0.7839622641509434,0.11420161046136203,"{'classifier__estimator__ccp_alpha': np.float64(0.0015493252853866525), 'classifier__estimator__max_depth': 4, 'classifier__estimator__max_features': 'sqrt', 'classifier__estimator__max_leaf_nodes': 17, 'classifier__estimator__min_impurity_decrease': np.float64(0.009856967481130775), 'classifier__estimator__min_samples_leaf': 7, 'classifier__estimator__min_samples_split': 9, 'classifier__max_features': np.float64(0.8318529911360806), 'classifier__max_samples': np.float64(0.5579644006399869), 'classifier__n_estimators': 420, 'feature_selection_filter__k': 50}",54.33704495429993,"['num_log1p_standard_scaler__L_BLOOD', 'num_log1p_standard_scaler__ALT_BLOOD', 'num_log1p_standard_scaler__ROE', 'num_log1p_standard_scaler__K_BLOOD', 'num_standard_scaler__AGE', 'num_standard_scaler__S_AD_ORIT', 'num_standard_scaler__D_AD_ORIT', 'num_standard_scaler__NA_BLOOD', 'cat_nominal__IBS_POST_1.0', 'cat_ordinal__INF_ANAM', 'cat_ordinal__STENOK_AN', 'cat_ordinal__FK_STENOK', 'cat_ordinal__GB', 'cat_ordinal__DLIT_AG', 'cat_ordinal__TIME_B_S', 'cat_ordinal__lat_im', 'cat_ordinal__inf_im', 'cat_partial_ordinal__HF_right_line', 'cat_partial_ordinal__HF_left_line', 'cat_binary__SEX', 'cat_binary__SIM_GIPERT', 'cat_binary__nr_11', 'cat_binary__np_01', 'cat_binary__np_05', 'cat_binary__np_10', 'cat_binary__endocr_02', 'cat_binary__zab_leg_04', 'cat_binary__K_SH_POST', 'cat_binary__GT_POST', 'cat_binary__ritm_ecg_p_01', 'cat_binary__ritm_ecg_p_07', 'cat_binary__n_r_ecg_p_01', 'cat_binary__n_r_ecg_p_03', 'cat_binary__n_r_ecg_p_04', 'cat_binary__n_r_ecg_p_05', 'cat_binary__n_r_ecg_p_06', 'cat_binary__n_r_ecg_p_08', 'cat_binary__n_r_ecg_p_09', 'cat_binary__n_r_ecg_p_10', 'cat_binary__n_p_ecg_p_04', 'cat_binary__n_p_ecg_p_12', 'cat_binary__fibr_ter_05', 'cat_binary__fibr_ter_08', 'cat_binary__GIPO_K', 'cat_binary__NITR_S', 'cat_binary__LID_S_n', 'cat_binary__ANT_CA_S_n', 'cat_binary__ASP_S_n', 'cat_binary__TIKL_S_n', 'cat_binary__TRENT_S_n']"
smote_auto__mec_fp1_fn10,8,3,Exponential,resubstitution,169,0,892,0,0.15928369462770972,0.15928369462770972,1.0,0.27479674796747966,0.0,1.0,0.5,0.0,0.0,0.0,0.8291088438984265,0.5884940737521143,0.8407163053722903,1415,0.7672014245394136,0.04824913065882331,0.8247896182124193,0.13465778100800863,"{'classifier__estimator__ccp_alpha': np.float64(0.005976039606431384), 'classifier__estimator__max_depth': 4, 'classifier__estimator__max_features': 'log2', 'classifier__estimator__max_leaf_nodes': 7, 'classifier__estimator__min_impurity_decrease': np.float64(0.024920648408177738), 'classifier__estimator__min_samples_leaf': 3, 'classifier__estimator__min_samples_split': 6, 'classifier__max_features': np.float64(0.9453833621928451), 'classifier__max_samples': np.float64(0.9142966781383159), 'classifier__n_estimators': 519, 'feature_selection_filter__k': 30}",56.45101737976074,"['num_log1p_standard_scaler__L_BLOOD', 'num_log1p_standard_scaler__AST_BLOOD', 'num_log1p_standard_scaler__ROE', 'num_log1p_standard_scaler__K_BLOOD', 'num_standard_scaler__AGE', 'num_standard_scaler__S_AD_ORIT', 'num_standard_scaler__D_AD_ORIT', 'num_standard_scaler__NA_BLOOD', 'cat_nominal__IBS_POST_2.0', 'cat_ordinal__STENOK_AN', 'cat_ordinal__TIME_B_S', 'cat_ordinal__inf_im', 'cat_partial_ordinal__HF_right_line', 'cat_partial_ordinal__HF_left_line', 'cat_binary__nr_08', 'cat_binary__endocr_02', 'cat_binary__zab_leg_02', 'cat_binary__O_L_POST', 'cat_binary__K_SH_POST', 'cat_binary__SVT_POST', 'cat_binary__ritm_ecg_p_01', 'cat_binary__ritm_ecg_p_04', 'cat_binary__n_r_ecg_p_06', 'cat_binary__n_r_ecg_p_09', 'cat_binary__fibr_ter_06', 'cat_binary__NITR_S', 'cat_binary__B_BLOK_S_n', 'cat_binary__ANT_CA_S_n', 'cat_binary__GEPAR_S_n', 'cat_binary__ASP_S_n']"
smote_auto__mec_fp1_fn10,8,4,Exponential,resubstitution,169,0,892,0,0.15928369462770972,0.15928369462770972,1.0,0.27479674796747966,0.0,1.0,0.5,0.0,0.0,0.0,0.8687213097354526,0.6516955470339028,0.8407163053722903,1415,0.7068649021045847,0.07328212651432808,0.8321906280449995,0.06975889100833127,"{'classifier__estimator__ccp_alpha': np.float64(0.007122124978087431), 'classifier__estimator__max_depth': 8, 'classifier__estimator__max_features': 'log2', 'classifier__estimator__max_leaf_nodes': 6, 'classifier__estimator__min_impurity_decrease': np.float64(0.008182059189376168), 'classifier__estimator__min_samples_leaf': 8, 'classifier__estimator__min_samples_split': 8, 'classifier__max_features': np.float64(0.6587363636296938), 'classifier__max_samples': np.float64(0.8235910552715324), 'classifier__n_estimators': 816, 'feature_selection_filter__k': 20}",52.74080538749695,"['num_log1p_standard_scaler__L_BLOOD', 'num_standard_scaler__AGE', 'num_standard_scaler__S_AD_ORIT', 'num_standard_scaler__D_AD_ORIT', 'num_standard_scaler__NA_BLOOD', 'cat_ordinal__FK_STENOK', 'cat_ordinal__DLIT_AG', 'cat_ordinal__TIME_B_S', 'cat_ordinal__ant_im', 'cat_ordinal__lat_im', 'cat_ordinal__inf_im', 'cat_partial_ordinal__HF_left_line', 'cat_binary__K_SH_POST', 'cat_binary__ritm_ecg_p_01', 'cat_binary__ritm_ecg_p_02', 'cat_binary__n_p_ecg_p_09', 'cat_binary__n_p_ecg_p_12', 'cat_binary__fibr_ter_06', 'cat_binary__ANT_CA_S_n', 'cat_binary__ASP_S_n']"
smote_auto__mec_fp1_fn10,8,5,Exponential,resubstitution,169,0,892,0,0.15928369462770972,0.15928369462770972,1.0,0.27479674796747966,0.0,1.0,0.5,0.0,0.0,0.0,0.8628041499721388,0.6098443638961749,0.8407163053722903,1415,0.660470975842834,0.04078481279861896,0.7512977234476039,0.1490219825971812,"{'classifier__estimator__ccp_alpha': np.float64(0.0017872380787260621), 'classifier__estimator__max_depth': 19, 'classifier__estimator__max_features': 'log2', 'classifier__estimator__max_leaf_nodes': 16, 'classifier__estimator__min_impurity_decrease': np.float64(0.01408285729158646), 'classifier__estimator__min_samples_leaf': 3, 'classifier__estimator__min_samples_split': 4, 'classifier__max_features': np.float64(0.8868159176834458), 'classifier__max_samples': np.float64(0.872974187679028), 'classifier__n_estimators': 734, 'feature_selection_filter__k': 55}",49.400246143341064,"['num_log1p_standard_scaler__L_BLOOD', 'num_log1p_standard_scaler__ROE', 'num_log1p_standard_scaler__K_BLOOD', 'num_standard_scaler__AGE', 'num_standard_scaler__S_AD_ORIT', 'num_standard_scaler__D_AD_ORIT', 'num_standard_scaler__NA_BLOOD', 'cat_ordinal__INF_ANAM', 'cat_ordinal__STENOK_AN', 'cat_ordinal__FK_STENOK', 'cat_ordinal__GB', 'cat_ordinal__DLIT_AG', 'cat_ordinal__TIME_B_S', 'cat_ordinal__ant_im', 'cat_ordinal__inf_im', 'cat_partial_ordinal__HF_right_line', 'cat_binary__nr_04', 'cat_binary__nr_08', 'cat_binary__np_07', 'cat_binary__np_08', 'cat_binary__np_09', 'cat_binary__endocr_02', 'cat_binary__zab_leg_01', 'cat_binary__zab_leg_02', 'cat_binary__zab_leg_03', 'cat_binary__zab_leg_04', 'cat_binary__zab_leg_06', 'cat_binary__O_L_POST', 'cat_binary__K_SH_POST', 'cat_binary__MP_TP_POST', 'cat_binary__IM_PG_P', 'cat_binary__ritm_ecg_p_01', 'cat_binary__ritm_ecg_p_02', 'cat_binary__ritm_ecg_p_07', 'cat_binary__ritm_ecg_p_08', 'cat_binary__n_r_ecg_p_03', 'cat_binary__n_r_ecg_p_04', 'cat_binary__n_r_ecg_p_05', 'cat_binary__n_r_ecg_p_08', 'cat_binary__n_r_ecg_p_09', 'cat_binary__n_r_ecg_p_10', 'cat_binary__n_p_ecg_p_01', 'cat_binary__n_p_ecg_p_03', 'cat_binary__n_p_ecg_p_04', 'cat_binary__n_p_ecg_p_06', 'cat_binary__fibr_ter_01', 'cat_binary__fibr_ter_03', 'cat_binary__fibr_ter_07', 'cat_binary__fibr_ter_08', 'cat_binary__GIPO_K', 'cat_binary__NITR_S', 'cat_binary__B_BLOK_S_n', 'cat_binary__GEPAR_S_n', 'cat_binary__ASP_S_n', 'cat_binary__TRENT_S_n']"
smote_auto__mec_fp1_fn10,8,6,Exponential,resubstitution,169,0,892,0,0.15928369462770972,0.15928369462770972,1.0,0.27479674796747966,0.0,1.0,0.5,0.0,0.0,0.0,0.8515137845941572,0.571636566025256,0.8407163053722903,1415,0.7210294575193902,0.028158493284342074,0.8390778634068562,0.15120537258741318,"{'classifier__estimator__ccp_alpha': np.float64(0.005116769258368295), 'classifier__estimator__max_depth': 14, 'classifier__estimator__max_features': 'log2', 'classifier__estimator__max_leaf_nodes': 13, 'classifier__estimator__min_impurity_decrease': np.float64(0.014250300184495924), 'classifier__estimator__min_samples_leaf': 6, 'classifier__estimator__min_samples_split': 2, 'classifier__max_features': np.float64(0.5478160675836745), 'classifier__max_samples': np.float64(0.9383436297452235), 'classifier__n_estimators': 113, 'feature_selection_filter__k': 45}",50.63675332069397,"['num_log1p_standard_scaler__L_BLOOD', 'num_log1p_standard_scaler__ALT_BLOOD', 'num_log1p_standard_scaler__ROE', 'num_log1p_standard_scaler__K_BLOOD', 'num_standard_scaler__AGE', 'num_standard_scaler__S_AD_ORIT', 'num_standard_scaler__D_AD_ORIT', 'cat_nominal__IBS_POST_2.0', 'cat_ordinal__INF_ANAM', 'cat_ordinal__STENOK_AN', 'cat_ordinal__GB', 'cat_ordinal__DLIT_AG', 'cat_ordinal__TIME_B_S', 'cat_ordinal__ant_im', 'cat_ordinal__lat_im', 'cat_ordinal__inf_im', 'cat_ordinal__post_im', 'cat_partial_ordinal__HF_right_line', 'cat_partial_ordinal__HF_left_line', 'cat_binary__SEX', 'cat_binary__nr_11', 'cat_binary__nr_02', 'cat_binary__nr_08', 'cat_binary__np_04', 'cat_binary__np_05', 'cat_binary__np_09', 'cat_binary__np_10', 'cat_binary__zab_leg_01', 'cat_binary__K_SH_POST', 'cat_binary__ritm_ecg_p_01', 'cat_binary__ritm_ecg_p_08', 'cat_binary__n_r_ecg_p_02', 'cat_binary__n_r_ecg_p_06', 'cat_binary__n_r_ecg_p_08', 'cat_binary__n_r_ecg_p_10', 'cat_binary__n_p_ecg_p_01', 'cat_binary__n_p_ecg_p_03', 'cat_binary__n_p_ecg_p_05', 'cat_binary__n_p_ecg_p_11', 'cat_binary__fibr_ter_06', 'cat_binary__fibr_ter_07', 'cat_binary__NITR_S', 'cat_binary__ASP_S_n', 'cat_binary__TIKL_S_n', 'cat_binary__TRENT_S_n']"
smote_auto__mec_fp1_fn10,8,7,Exponential,resubstitution,169,0,892,0,0.15928369462770972,0.15928369462770972,1.0,0.27479674796747966,0.0,1.0,0.5,0.0,0.0,0.0,0.8203392416483137,0.5548176863422871,0.8407163053722903,1415,0.7347023134875659,0.0559803384237854,0.736057223846222,0.04612092230675879,"{'classifier__estimator__ccp_alpha': np.float64(0.00592040505505267), 'classifier__estimator__max_depth': 15, 'classifier__estimator__max_features': 'sqrt', 'classifier__estimator__max_leaf_nodes': 15, 'classifier__estimator__min_impurity_decrease': np.float64(0.040380272889836456), 'classifier__estimator__min_samples_leaf': 5, 'classifier__estimator__min_samples_split': 2, 'classifier__max_features': np.float64(0.9902032752688614), 'classifier__max_samples': np.float64(0.6030022958085255), 'classifier__n_estimators': 830, 'feature_selection_filter__k': 10}",54.133007287979126,"['num_log1p_standard_scaler__L_BLOOD', 'num_standard_scaler__AGE', 'num_standard_scaler__S_AD_ORIT', 'num_standard_scaler__D_AD_ORIT', 'num_standard_scaler__NA_BLOOD', 'cat_nominal__IBS_POST_2.0', 'cat_partial_ordinal__HF_right_line', 'cat_binary__O_L_POST', 'cat_binary__K_SH_POST', 'cat_binary__ASP_S_n']"
smote_auto__mec_fp1_fn10,8,8,Exponential,resubstitution,169,0,892,0,0.15928369462770972,0.15928369462770972,1.0,0.27479674796747966,0.0,1.0,0.5,0.0,0.0,0.0,0.7624976782444874,0.4297880996592025,0.8407163053722903,1415,0.8173744916327756,0.08056752029280974,0.8135131543980867,0.14040823205256941,"{'classifier__estimator__ccp_alpha': np.float64(0.0035576764384991533), 'classifier__estimator__max_depth': 18, 'classifier__estimator__max_features': 'log2', 'classifier__estimator__max_leaf_nodes': 9, 'classifier__estimator__min_impurity_decrease': np.float64(0.04891035502748941), 'classifier__estimator__min_samples_leaf': 6, 'classifier__estimator__min_samples_split': 4, 'classifier__max_features': np.float64(0.7730017175942456), 'classifier__max_samples': np.float64(0.7289186563133974), 'classifier__n_estimators': 401, 'feature_selection_filter__k': 10}",52.12635946273804,"['num_standard_scaler__AGE', 'num_standard_scaler__S_AD_ORIT', 'num_standard_scaler__D_AD_ORIT', 'cat_ordinal__TIME_B_S', 'cat_ordinal__ant_im', 'cat_binary__zab_leg_02', 'cat_binary__O_L_POST', 'cat_binary__K_SH_POST', 'cat_binary__MP_TP_POST', 'cat_binary__ritm_ecg_p_01']"
smote_auto__mec_fp1_fn10,8,9,Exponential,resubstitution,169,0,892,0,0.15928369462770972,0.15928369462770972,1.0,0.27479674796747966,0.0,1.0,0.5,0.0,0.0,0.0,0.8250723061002467,0.4930018329685941,0.8407163053722903,1415,0.7106587661399649,0.03887901835434044,0.8153157941358845,0.10751765691607372,"{'classifier__estimator__ccp_alpha': np.float64(0.004699843279234974), 'classifier__estimator__max_depth': 16, 'classifier__estimator__max_features': 'sqrt', 'classifier__estimator__max_leaf_nodes': 13, 'classifier__estimator__min_impurity_decrease': np.float64(0.026610449071732156), 'classifier__estimator__min_samples_leaf': 7, 'classifier__estimator__min_samples_split': 6, 'classifier__max_features': np.float64(0.744544588767899), 'classifier__max_samples': np.float64(0.8433714900932313), 'classifier__n_estimators': 298, 'feature_selection_filter__k': 20}",55.22230076789856,"['num_log1p_standard_scaler__L_BLOOD', 'num_log1p_standard_scaler__ROE', 'num_standard_scaler__AGE', 'num_standard_scaler__S_AD_ORIT', 'num_standard_scaler__D_AD_ORIT', 'cat_ordinal__GB', 'cat_ordinal__TIME_B_S', 'cat_ordinal__ant_im', 'cat_partial_ordinal__HF_left_line', 'cat_binary__np_10', 'cat_binary__K_SH_POST', 'cat_binary__SVT_POST', 'cat_binary__ritm_ecg_p_01', 'cat_binary__n_p_ecg_p_06', 'cat_binary__n_p_ecg_p_08', 'cat_binary__n_p_ecg_p_10', 'cat_binary__n_p_ecg_p_12', 'cat_binary__GIPO_K', 'cat_binary__NITR_S', 'cat_binary__GEPAR_S_n']"
smote_auto__mec_fp1_fn10,8,10,Exponential,resubstitution,169,0,892,0,0.15928369462770972,0.15928369462770972,1.0,0.27479674796747966,0.0,1.0,0.5,0.0,0.0,0.0,0.8419183007403084,0.6000999346909843,0.8407163053722903,1415,0.6913299775540591,0.0523626748472517,0.8069846753476837,0.12972628417535745,"{'classifier__estimator__ccp_alpha': np.float64(0.009488148905182955), 'classifier__estimator__max_depth': 4, 'classifier__estimator__max_features': 'log2', 'classifier__estimator__max_leaf_nodes': 5, 'classifier__estimator__min_impurity_decrease': np.float64(0.03175392571654364), 'classifier__estimator__min_samples_leaf': 4, 'classifier__estimator__min_samples_split': 2, 'classifier__max_features': np.float64(0.9725417877347078), 'classifier__max_samples': np.float64(0.6892413596264384), 'classifier__n_estimators': 522, 'feature_selection_filter__k': 60}",53.892853021621704,"['num_log1p_standard_scaler__L_BLOOD', 'num_log1p_standard_scaler__ALT_BLOOD', 'num_log1p_standard_scaler__AST_BLOOD', 'num_log1p_standard_scaler__ROE', 'num_log1p_standard_scaler__K_BLOOD', 'num_standard_scaler__AGE', 'num_standard_scaler__S_AD_ORIT', 'num_standard_scaler__D_AD_ORIT', 'num_standard_scaler__NA_BLOOD', 'cat_nominal__IBS_POST_0.0', 'cat_nominal__IBS_POST_2.0', 'cat_ordinal__INF_ANAM', 'cat_ordinal__STENOK_AN', 'cat_ordinal__FK_STENOK', 'cat_ordinal__GB', 'cat_ordinal__DLIT_AG', 'cat_ordinal__TIME_B_S', 'cat_ordinal__ant_im', 'cat_ordinal__lat_im', 'cat_ordinal__inf_im', 'cat_partial_ordinal__HF_right_line', 'cat_binary__nr_11', 'cat_binary__nr_04', 'cat_binary__np_04', 'cat_binary__np_07', 'cat_binary__np_08', 'cat_binary__endocr_01', 'cat_binary__endocr_03', 'cat_binary__zab_leg_02', 'cat_binary__zab_leg_03', 'cat_binary__O_L_POST', 'cat_binary__K_SH_POST', 'cat_binary__MP_TP_POST', 'cat_binary__GT_POST', 'cat_binary__IM_PG_P', 'cat_binary__ritm_ecg_p_01', 'cat_binary__ritm_ecg_p_02', 'cat_binary__ritm_ecg_p_06', 'cat_binary__ritm_ecg_p_07', 'cat_binary__ritm_ecg_p_08', 'cat_binary__n_r_ecg_p_03', 'cat_binary__n_r_ecg_p_09', 'cat_binary__n_p_ecg_p_01', 'cat_binary__n_p_ecg_p_07', 'cat_binary__n_p_ecg_p_08', 'cat_binary__n_p_ecg_p_12', 'cat_binary__fibr_ter_01', 'cat_binary__fibr_ter_02', 'cat_binary__fibr_ter_03', 'cat_binary__fibr_ter_05', 'cat_binary__GIPO_K', 'cat_binary__GIPER_NA', 'cat_binary__NITR_S', 'cat_binary__LID_S_n', 'cat_binary__B_BLOK_S_n', 'cat_binary__ANT_CA_S_n', 'cat_binary__GEPAR_S_n', 'cat_binary__ASP_S_n', 'cat_binary__TIKL_S_n', 'cat_binary__TRENT_S_n']"
smote_auto__mec_fp1_fn10,9,1,Exponential,resubstitution,169,0,891,0,0.15943396226415094,0.15943396226415094,1.0,0.27502034174125306,0.0,1.0,0.5,0.0,0.0,0.0,0.7950345001627054,0.4911714845795953,0.840566037735849,1414,0.7146226415094341,0.06990448271357987,0.7622641509433962,0.15096108386933577,"{'classifier__estimator__ccp_alpha': np.float64(0.004265162304143726), 'classifier__estimator__max_depth': 6, 'classifier__estimator__max_features': 'sqrt', 'classifier__estimator__max_leaf_nodes': 19, 'classifier__estimator__min_impurity_decrease': np.float64(0.03549479819802772), 'classifier__estimator__min_samples_leaf': 2, 'classifier__estimator__min_samples_split': 8, 'classifier__max_features': np.float64(0.8798638899093456), 'classifier__max_samples': np.float64(0.971427330844666), 'classifier__n_estimators': 994, 'feature_selection_filter__k': 15}",52.85741829872131,"['num_log1p_standard_scaler__L_BLOOD', 'num_standard_scaler__AGE', 'num_standard_scaler__S_AD_ORIT', 'num_standard_scaler__D_AD_ORIT', 'cat_nominal__IBS_POST_2.0', 'cat_ordinal__GB', 'cat_ordinal__ant_im', 'cat_partial_ordinal__HF_left_line', 'cat_binary__O_L_POST', 'cat_binary__K_SH_POST', 'cat_binary__n_r_ecg_p_04', 'cat_binary__n_r_ecg_p_09', 'cat_binary__n_p_ecg_p_08', 'cat_binary__n_p_ecg_p_10', 'cat_binary__ASP_S_n']"
smote_auto__mec_fp1_fn10,9,2,Exponential,resubstitution,169,0,891,0,0.15943396226415094,0.15943396226415094,1.0,0.27502034174125306,0.0,1.0,0.5,0.0,0.0,0.0,0.8552387783157014,0.6221721226482859,0.840566037735849,1414,0.7169811320754718,0.04825981178954456,0.7716981132075472,0.11362344986333837,"{'classifier__estimator__ccp_alpha': np.float64(0.0018690374892671535), 'classifier__estimator__max_depth': 19, 'classifier__estimator__max_features': 'sqrt', 'classifier__estimator__max_leaf_nodes': 8, 'classifier__estimator__min_impurity_decrease': np.float64(0.017234262762093788), 'classifier__estimator__min_samples_leaf': 6, 'classifier__estimator__min_samples_split': 8, 'classifier__max_features': np.float64(0.5456481711016009), 'classifier__max_samples': np.float64(0.731826362442758), 'classifier__n_estimators': 137, 'feature_selection_filter__k': 80}",59.464155435562134,"['num_log1p_standard_scaler__L_BLOOD', 'num_log1p_standard_scaler__ROE', 'num_log1p_standard_scaler__K_BLOOD', 'num_standard_scaler__AGE', 'num_standard_scaler__S_AD_ORIT', 'num_standard_scaler__D_AD_ORIT', 'num_standard_scaler__NA_BLOOD', 'cat_nominal__IBS_POST_0.0', 'cat_nominal__IBS_POST_1.0', 'cat_nominal__IBS_POST_2.0', 'cat_ordinal__STENOK_AN', 'cat_ordinal__FK_STENOK', 'cat_ordinal__GB', 'cat_ordinal__TIME_B_S', 'cat_ordinal__ant_im', 'cat_ordinal__inf_im', 'cat_partial_ordinal__HF_right_line', 'cat_binary__SIM_GIPERT', 'cat_binary__nr_01', 'cat_binary__nr_04', 'cat_binary__nr_07', 'cat_binary__np_10', 'cat_binary__endocr_01', 'cat_binary__endocr_02', 'cat_binary__endocr_03', 'cat_binary__zab_leg_01', 'cat_binary__zab_leg_02', 'cat_binary__zab_leg_03', 'cat_binary__zab_leg_04', 'cat_binary__zab_leg_06', 'cat_binary__O_L_POST', 'cat_binary__K_SH_POST', 'cat_binary__MP_TP_POST', 'cat_binary__SVT_POST', 'cat_binary__GT_POST', 'cat_binary__FIB_G_POST', 'cat_binary__IM_PG_P', 'cat_binary__ritm_ecg_p_01', 'cat_binary__ritm_ecg_p_02', 'cat_binary__ritm_ecg_p_04', 'cat_binary__ritm_ecg_p_06', 'cat_binary__ritm_ecg_p_07', 'cat_binary__ritm_ecg_p_08', 'cat_binary__n_r_ecg_p_01', 'cat_binary__n_r_ecg_p_02', 'cat_binary__n_r_ecg_p_03', 'cat_binary__n_r_ecg_p_04', 'cat_binary__n_r_ecg_p_05', 'cat_binary__n_r_ecg_p_06', 'cat_binary__n_r_ecg_p_08', 'cat_binary__n_r_ecg_p_09', 'cat_binary__n_r_ecg_p_10', 'cat_binary__n_p_ecg_p_01', 'cat_binary__n_p_ecg_p_03', 'cat_binary__n_p_ecg_p_04', 'cat_binary__n_p_ecg_p_05', 'cat_binary__n_p_ecg_p_06', 'cat_binary__n_p_ecg_p_07', 'cat_binary__n_p_ecg_p_08', 'cat_binary__n_p_ecg_p_09', 'cat_binary__n_p_ecg_p_10', 'cat_binary__n_p_ecg_p_11', 'cat_binary__n_p_ecg_p_12', 'cat_binary__fibr_ter_01', 'cat_binary__fibr_ter_02', 'cat_binary__fibr_ter_03', 'cat_binary__fibr_ter_05', 'cat_binary__fibr_ter_06', 'cat_binary__fibr_ter_07', 'cat_binary__fibr_ter_08', 'cat_binary__GIPO_K', 'cat_binary__GIPER_NA', 'cat_binary__NITR_S', 'cat_binary__LID_S_n', 'cat_binary__B_BLOK_S_n', 'cat_binary__ANT_CA_S_n', 'cat_binary__GEPAR_S_n', 'cat_binary__ASP_S_n', 'cat_binary__TIKL_S_n', 'cat_binary__TRENT_S_n']"
smote_auto__mec_fp1_fn10,9,3,Exponential,resubstitution,169,0,892,0,0.15928369462770972,0.15928369462770972,1.0,0.27479674796747966,0.0,1.0,0.5,0.0,0.0,0.0,0.804989120917027,0.5677561280279747,0.8407163053722903,1415,0.7539947107584949,0.04454663346983931,0.7991894764815307,0.10819823547393502,"{'classifier__estimator__ccp_alpha': np.float64(0.0004440807499026511), 'classifier__estimator__max_depth': 13, 'classifier__estimator__max_features': 'log2', 'classifier__estimator__max_leaf_nodes': 7, 'classifier__estimator__min_impurity_decrease': np.float64(0.033520040145168094), 'classifier__estimator__min_samples_leaf': 9, 'classifier__estimator__min_samples_split': 2, 'classifier__max_features': np.float64(0.7707345808276074), 'classifier__max_samples': np.float64(0.7474513928189936), 'classifier__n_estimators': 932, 'feature_selection_filter__k': 45}",49.73651885986328,"['num_log1p_standard_scaler__L_BLOOD', 'num_log1p_standard_scaler__K_BLOOD', 'num_standard_scaler__AGE', 'num_standard_scaler__S_AD_ORIT', 'num_standard_scaler__D_AD_ORIT', 'num_standard_scaler__NA_BLOOD', 'cat_nominal__IBS_POST_2.0', 'cat_ordinal__INF_ANAM', 'cat_ordinal__STENOK_AN', 'cat_ordinal__FK_STENOK', 'cat_ordinal__GB', 'cat_ordinal__DLIT_AG', 'cat_ordinal__TIME_B_S', 'cat_ordinal__ant_im', 'cat_partial_ordinal__HF_right_line', 'cat_partial_ordinal__HF_left_line', 'cat_binary__SEX', 'cat_binary__nr_03', 'cat_binary__np_01', 'cat_binary__np_05', 'cat_binary__np_10', 'cat_binary__endocr_03', 'cat_binary__zab_leg_06', 'cat_binary__O_L_POST', 'cat_binary__K_SH_POST', 'cat_binary__MP_TP_POST', 'cat_binary__GT_POST', 'cat_binary__ritm_ecg_p_01', 'cat_binary__ritm_ecg_p_02', 'cat_binary__ritm_ecg_p_04', 'cat_binary__ritm_ecg_p_07', 'cat_binary__n_r_ecg_p_02', 'cat_binary__n_r_ecg_p_05', 'cat_binary__n_r_ecg_p_09', 'cat_binary__n_r_ecg_p_10', 'cat_binary__n_p_ecg_p_01', 'cat_binary__n_p_ecg_p_07', 'cat_binary__n_p_ecg_p_08', 'cat_binary__fibr_ter_02', 'cat_binary__fibr_ter_03', 'cat_binary__GIPO_K', 'cat_binary__B_BLOK_S_n', 'cat_binary__ASP_S_n', 'cat_binary__TIKL_S_n', 'cat_binary__TRENT_S_n']"
smote_auto__mec_fp1_fn10,9,4,Exponential,resubstitution,169,0,892,0,0.15928369462770972,0.15928369462770972,1.0,0.27479674796747966,0.0,1.0,0.5,0.0,0.0,0.0,0.8751956908217688,0.6443356699222456,0.8407163053722903,1415,0.7042844522968198,0.03154732869937025,0.8417530339268314,0.1668531875409309,"{'classifier__estimator__ccp_alpha': np.float64(0.005300676023646165), 'classifier__estimator__max_depth': 5, 'classifier__estimator__max_features': 'log2', 'classifier__estimator__max_leaf_nodes': 19, 'classifier__estimator__min_impurity_decrease': np.float64(0.011634277887781031), 'classifier__estimator__min_samples_leaf': 5, 'classifier__estimator__min_samples_split': 2, 'classifier__max_features': np.float64(0.9803110137606705), 'classifier__max_samples': np.float64(0.5348975014368748), 'classifier__n_estimators': 964, 'feature_selection_filter__k': 30}",58.78812551498413,"['num_log1p_standard_scaler__L_BLOOD', 'num_standard_scaler__AGE', 'num_standard_scaler__S_AD_ORIT', 'num_standard_scaler__D_AD_ORIT', 'num_standard_scaler__NA_BLOOD', 'cat_nominal__IBS_POST_2.0', 'cat_ordinal__FK_STENOK', 'cat_ordinal__TIME_B_S', 'cat_ordinal__ant_im', 'cat_ordinal__post_im', 'cat_partial_ordinal__HF_right_line', 'cat_binary__SIM_GIPERT', 'cat_binary__np_01', 'cat_binary__np_04', 'cat_binary__endocr_03', 'cat_binary__K_SH_POST', 'cat_binary__IM_PG_P', 'cat_binary__ritm_ecg_p_01', 'cat_binary__n_r_ecg_p_01', 'cat_binary__n_r_ecg_p_03', 'cat_binary__n_r_ecg_p_04', 'cat_binary__n_p_ecg_p_05', 'cat_binary__n_p_ecg_p_06', 'cat_binary__n_p_ecg_p_12', 'cat_binary__fibr_ter_05', 'cat_binary__fibr_ter_06', 'cat_binary__GIPO_K', 'cat_binary__NITR_S', 'cat_binary__LID_S_n', 'cat_binary__ASP_S_n']"
smote_auto__mec_fp1_fn10,9,5,Exponential,resubstitution,169,0,892,0,0.15928369462770972,0.15928369462770972,1.0,0.27479674796747966,0.0,1.0,0.5,0.0,0.0,0.0,0.8629036537798178,0.6672552262013763,0.8407163053722903,1415,0.6762631397648733,0.04911423916738593,0.7796261847816458,0.14262572219318842,"{'classifier__estimator__ccp_alpha': np.float64(0.001051721272176752), 'classifier__estimator__max_depth': 13, 'classifier__estimator__max_features': 'log2', 'classifier__estimator__max_leaf_nodes': 5, 'classifier__estimator__min_impurity_decrease': np.float64(0.013430412199704768), 'classifier__estimator__min_samples_leaf': 7, 'classifier__estimator__min_samples_split': 3, 'classifier__max_features': np.float64(0.636076702103187), 'classifier__max_samples': np.float64(0.7094160692766185), 'classifier__n_estimators': 925, 'feature_selection_filter__k': 35}",54.08258247375488,"['num_log1p_standard_scaler__L_BLOOD', 'num_log1p_standard_scaler__AST_BLOOD', 'num_standard_scaler__AGE', 'num_standard_scaler__S_AD_ORIT', 'num_standard_scaler__D_AD_ORIT', 'num_standard_scaler__NA_BLOOD', 'cat_nominal__IBS_POST_2.0', 'cat_ordinal__STENOK_AN', 'cat_ordinal__FK_STENOK', 'cat_ordinal__TIME_B_S', 'cat_ordinal__ant_im', 'cat_ordinal__lat_im', 'cat_ordinal__inf_im', 'cat_ordinal__post_im', 'cat_partial_ordinal__HF_left_line', 'cat_binary__nr_11', 'cat_binary__nr_02', 'cat_binary__nr_03', 'cat_binary__nr_07', 'cat_binary__np_09', 'cat_binary__zab_leg_06', 'cat_binary__O_L_POST', 'cat_binary__K_SH_POST', 'cat_binary__ritm_ecg_p_01', 'cat_binary__ritm_ecg_p_08', 'cat_binary__n_r_ecg_p_01', 'cat_binary__n_r_ecg_p_05', 'cat_binary__n_r_ecg_p_09', 'cat_binary__n_p_ecg_p_03', 'cat_binary__n_p_ecg_p_04', 'cat_binary__n_p_ecg_p_05', 'cat_binary__fibr_ter_03', 'cat_binary__fibr_ter_05', 'cat_binary__NITR_S', 'cat_binary__B_BLOK_S_n']"
smote_auto__mec_fp1_fn10,9,6,Exponential,resubstitution,169,0,892,0,0.15928369462770972,0.15928369462770972,1.0,0.27479674796747966,0.0,1.0,0.5,0.0,0.0,0.0,0.8159876084591503,0.5082415847670329,0.8407163053722903,1415,0.7893573460452918,0.026946535546348432,0.8154619541146249,0.15947005095280953,"{'classifier__estimator__ccp_alpha': np.float64(0.00437065059707818), 'classifier__estimator__max_depth': 12, 'classifier__estimator__max_features': 'sqrt', 'classifier__estimator__max_leaf_nodes': 4, 'classifier__estimator__min_impurity_decrease': np.float64(0.029225130830613302), 'classifier__estimator__min_samples_leaf': 4, 'classifier__estimator__min_samples_split': 9, 'classifier__max_features': np.float64(0.6545979040594816), 'classifier__max_samples': np.float64(0.8617874921487223), 'classifier__n_estimators': 312, 'feature_selection_filter__k': 35}",52.28746724128723,"['num_log1p_standard_scaler__L_BLOOD', 'num_standard_scaler__AGE', 'num_standard_scaler__S_AD_ORIT', 'num_standard_scaler__D_AD_ORIT', 'num_standard_scaler__NA_BLOOD', 'cat_ordinal__FK_STENOK', 'cat_ordinal__TIME_B_S', 'cat_ordinal__ant_im', 'cat_partial_ordinal__HF_right_line', 'cat_partial_ordinal__HF_left_line', 'cat_binary__SEX', 'cat_binary__nr_11', 'cat_binary__nr_01', 'cat_binary__nr_03', 'cat_binary__nr_07', 'cat_binary__np_10', 'cat_binary__endocr_01', 'cat_binary__zab_leg_01', 'cat_binary__zab_leg_02', 'cat_binary__O_L_POST', 'cat_binary__K_SH_POST', 'cat_binary__MP_TP_POST', 'cat_binary__FIB_G_POST', 'cat_binary__IM_PG_P', 'cat_binary__ritm_ecg_p_01', 'cat_binary__ritm_ecg_p_07', 'cat_binary__ritm_ecg_p_08', 'cat_binary__n_r_ecg_p_01', 'cat_binary__n_p_ecg_p_09', 'cat_binary__n_p_ecg_p_11', 'cat_binary__n_p_ecg_p_12', 'cat_binary__fibr_ter_08', 'cat_binary__NITR_S', 'cat_binary__ASP_S_n', 'cat_binary__TRENT_S_n']"
smote_auto__mec_fp1_fn10,9,7,Exponential,resubstitution,169,0,892,0,0.15928369462770972,0.15928369462770972,1.0,0.27479674796747966,0.0,1.0,0.5,0.0,0.0,0.0,0.856376203996073,0.6340573996598253,0.8407163053722903,1415,0.6797719847989866,0.04756699263668486,0.7615289219594296,0.0364661195514423,"{'classifier__estimator__ccp_alpha': np.float64(0.009278545296016818), 'classifier__estimator__max_depth': 17, 'classifier__estimator__max_features': 'log2', 'classifier__estimator__max_leaf_nodes': 4, 'classifier__estimator__min_impurity_decrease': np.float64(0.020636615659293058), 'classifier__estimator__min_samples_leaf': 5, 'classifier__estimator__min_samples_split': 4, 'classifier__max_features': np.float64(0.7181467152892933), 'classifier__max_samples': np.float64(0.7839072378400092), 'classifier__n_estimators': 853, 'feature_selection_filter__k': 65}",54.725754499435425,"['num_log1p_standard_scaler__L_BLOOD', 'num_log1p_standard_scaler__AST_BLOOD', 'num_log1p_standard_scaler__ROE', 'num_standard_scaler__AGE', 'num_standard_scaler__S_AD_ORIT', 'num_standard_scaler__D_AD_ORIT', 'num_standard_scaler__NA_BLOOD', 'cat_nominal__IBS_POST_2.0', 'cat_ordinal__INF_ANAM', 'cat_ordinal__STENOK_AN', 'cat_ordinal__FK_STENOK', 'cat_ordinal__GB', 'cat_ordinal__DLIT_AG', 'cat_ordinal__TIME_B_S', 'cat_ordinal__ant_im', 'cat_ordinal__post_im', 'cat_partial_ordinal__HF_left_line', 'cat_binary__nr_01', 'cat_binary__nr_04', 'cat_binary__nr_08', 'cat_binary__np_01', 'cat_binary__np_05', 'cat_binary__endocr_01', 'cat_binary__zab_leg_02', 'cat_binary__zab_leg_04', 'cat_binary__K_SH_POST', 'cat_binary__IM_PG_P', 'cat_binary__ritm_ecg_p_01', 'cat_binary__ritm_ecg_p_06', 'cat_binary__ritm_ecg_p_07', 'cat_binary__ritm_ecg_p_08', 'cat_binary__n_r_ecg_p_01', 'cat_binary__n_r_ecg_p_03', 'cat_binary__n_r_ecg_p_06', 'cat_binary__n_r_ecg_p_08', 'cat_binary__n_r_ecg_p_09', 'cat_binary__n_r_ecg_p_10', 'cat_binary__n_p_ecg_p_01', 'cat_binary__n_p_ecg_p_03', 'cat_binary__n_p_ecg_p_04', 'cat_binary__n_p_ecg_p_05', 'cat_binary__n_p_ecg_p_06', 'cat_binary__n_p_ecg_p_07', 'cat_binary__n_p_ecg_p_08', 'cat_binary__n_p_ecg_p_09', 'cat_binary__n_p_ecg_p_10', 'cat_binary__n_p_ecg_p_11', 'cat_binary__n_p_ecg_p_12', 'cat_binary__fibr_ter_01', 'cat_binary__fibr_ter_02', 'cat_binary__fibr_ter_03', 'cat_binary__fibr_ter_05', 'cat_binary__fibr_ter_06', 'cat_binary__fibr_ter_07', 'cat_binary__fibr_ter_08', 'cat_binary__GIPO_K', 'cat_binary__GIPER_NA', 'cat_binary__NITR_S', 'cat_binary__LID_S_n', 'cat_binary__B_BLOK_S_n', 'cat_binary__ANT_CA_S_n', 'cat_binary__GEPAR_S_n', 'cat_binary__ASP_S_n', 'cat_binary__TIKL_S_n', 'cat_binary__TRENT_S_n']"
smote_auto__mec_fp1_fn10,9,8,Exponential,resubstitution,169,0,892,0,0.15928369462770972,0.15928369462770972,1.0,0.27479674796747966,0.0,1.0,0.5,0.0,0.0,0.0,0.7830982832276382,0.5186249561587555,0.8407163053722903,1415,0.7504930884281175,0.05850070112262181,0.8529409159358667,0.0928243023281877,"{'classifier__estimator__ccp_alpha': np.float64(0.006763207880206563), 'classifier__estimator__max_depth': 11, 'classifier__estimator__max_features': 'log2', 'classifier__estimator__max_leaf_nodes': 13, 'classifier__estimator__min_impurity_decrease': np.float64(0.03651737812613607), 'classifier__estimator__min_samples_leaf': 8, 'classifier__estimator__min_samples_split': 9, 'classifier__max_features': np.float64(0.6901888875077921), 'classifier__max_samples': np.float64(0.7845738217509283), 'classifier__n_estimators': 931, 'feature_selection_filter__k': 30}",54.76502823829651,"['num_log1p_standard_scaler__L_BLOOD', 'num_log1p_standard_scaler__ROE', 'num_log1p_standard_scaler__K_BLOOD', 'num_standard_scaler__AGE', 'num_standard_scaler__S_AD_ORIT', 'num_standard_scaler__D_AD_ORIT', 'num_standard_scaler__NA_BLOOD', 'cat_nominal__IBS_POST_0.0', 'cat_ordinal__STENOK_AN', 'cat_ordinal__FK_STENOK', 'cat_ordinal__TIME_B_S', 'cat_ordinal__inf_im', 'cat_partial_ordinal__HF_right_line', 'cat_binary__np_04', 'cat_binary__np_05', 'cat_binary__np_07', 'cat_binary__zab_leg_01', 'cat_binary__zab_leg_02', 'cat_binary__O_L_POST', 'cat_binary__K_SH_POST', 'cat_binary__MP_TP_POST', 'cat_binary__ritm_ecg_p_01', 'cat_binary__ritm_ecg_p_04', 'cat_binary__n_r_ecg_p_04', 'cat_binary__fibr_ter_03', 'cat_binary__fibr_ter_06', 'cat_binary__fibr_ter_08', 'cat_binary__ANT_CA_S_n', 'cat_binary__GEPAR_S_n', 'cat_binary__ASP_S_n']"
smote_auto__mec_fp1_fn10,9,9,Exponential,resubstitution,169,0,892,0,0.15928369462770972,0.15928369462770972,1.0,0.27479674796747966,0.0,1.0,0.5,0.0,0.0,0.0,0.8474341284793164,0.5929372069570057,0.8407163053722903,1415,0.657871635886837,0.035071659584570765,0.7369917618921072,0.1174026013588052,"{'classifier__estimator__ccp_alpha': np.float64(0.0027962060968533), 'classifier__estimator__max_depth': 11, 'classifier__estimator__max_features': 'sqrt', 'classifier__estimator__max_leaf_nodes': 8, 'classifier__estimator__min_impurity_decrease': np.float64(0.018545541991139013), 'classifier__estimator__min_samples_leaf': 2, 'classifier__estimator__min_samples_split': 7, 'classifier__max_features': np.float64(0.9516511556148723), 'classifier__max_samples': np.float64(0.6529642914894538), 'classifier__n_estimators': 299, 'feature_selection_filter__k': 35}",51.19217252731323,"['num_log1p_standard_scaler__L_BLOOD', 'num_log1p_standard_scaler__ROE', 'num_log1p_standard_scaler__K_BLOOD', 'num_standard_scaler__AGE', 'num_standard_scaler__S_AD_ORIT', 'num_standard_scaler__D_AD_ORIT', 'num_standard_scaler__NA_BLOOD', 'cat_nominal__IBS_POST_2.0', 'cat_ordinal__INF_ANAM', 'cat_ordinal__STENOK_AN', 'cat_ordinal__FK_STENOK', 'cat_ordinal__DLIT_AG', 'cat_ordinal__TIME_B_S', 'cat_ordinal__ant_im', 'cat_ordinal__post_im', 'cat_partial_ordinal__HF_right_line', 'cat_partial_ordinal__HF_left_line', 'cat_binary__nr_02', 'cat_binary__nr_03', 'cat_binary__nr_04', 'cat_binary__np_07', 'cat_binary__zab_leg_04', 'cat_binary__O_L_POST', 'cat_binary__K_SH_POST', 'cat_binary__MP_TP_POST', 'cat_binary__ritm_ecg_p_01', 'cat_binary__n_p_ecg_p_03', 'cat_binary__n_p_ecg_p_05', 'cat_binary__n_p_ecg_p_08', 'cat_binary__n_p_ecg_p_09', 'cat_binary__n_p_ecg_p_12', 'cat_binary__fibr_ter_03', 'cat_binary__fibr_ter_05', 'cat_binary__ANT_CA_S_n', 'cat_binary__ASP_S_n']"
smote_auto__mec_fp1_fn10,9,10,Exponential,resubstitution,169,0,892,0,0.15928369462770972,0.15928369462770972,1.0,0.27479674796747966,0.0,1.0,0.5,0.0,0.0,0.0,0.8144784673760181,0.551006746558564,0.8407163053722903,1415,0.725243349556637,0.035732916928015425,0.7765523961378332,0.14811607157445478,"{'classifier__estimator__ccp_alpha': np.float64(0.0061866330789823445), 'classifier__estimator__max_depth': 10, 'classifier__estimator__max_features': 'log2', 'classifier__estimator__max_leaf_nodes': 19, 'classifier__estimator__min_impurity_decrease': np.float64(0.031520963584648565), 'classifier__estimator__min_samples_leaf': 4, 'classifier__estimator__min_samples_split': 4, 'classifier__max_features': np.float64(0.6543438482065325), 'classifier__max_samples': np.float64(0.9451644857877325), 'classifier__n_estimators': 572, 'feature_selection_filter__k': 20}",50.058114528656006,"['num_log1p_standard_scaler__L_BLOOD', 'num_log1p_standard_scaler__ROE', 'num_standard_scaler__AGE', 'num_standard_scaler__S_AD_ORIT', 'num_standard_scaler__D_AD_ORIT', 'num_standard_scaler__NA_BLOOD', 'cat_ordinal__TIME_B_S', 'cat_ordinal__ant_im', 'cat_partial_ordinal__HF_right_line', 'cat_partial_ordinal__HF_left_line', 'cat_binary__SEX', 'cat_binary__endocr_01', 'cat_binary__zab_leg_02', 'cat_binary__O_L_POST', 'cat_binary__K_SH_POST', 'cat_binary__ritm_ecg_p_01', 'cat_binary__n_p_ecg_p_07', 'cat_binary__n_p_ecg_p_10', 'cat_binary__B_BLOK_S_n', 'cat_binary__ASP_S_n']"
smote_auto__mec_fp1_fn10,10,1,Exponential,resubstitution,169,0,891,0,0.15943396226415094,0.15943396226415094,1.0,0.27502034174125306,0.0,1.0,0.5,0.0,0.0,0.0,0.8698556903685108,0.6451300156350195,0.840566037735849,1414,0.7037735849056604,0.03971378779794536,0.8283018867924529,0.11354509425794793,"{'classifier__estimator__ccp_alpha': np.float64(0.007528496364376168), 'classifier__estimator__max_depth': 8, 'classifier__estimator__max_features': 'log2', 'classifier__estimator__max_leaf_nodes': 4, 'classifier__estimator__min_impurity_decrease': np.float64(0.012665211842997305), 'classifier__estimator__min_samples_leaf': 2, 'classifier__estimator__min_samples_split': 4, 'classifier__max_features': np.float64(0.6865374329511651), 'classifier__max_samples': np.float64(0.5778269199682451), 'classifier__n_estimators': 328, 'feature_selection_filter__k': 60}",58.07254147529602,"['num_log1p_standard_scaler__L_BLOOD', 'num_log1p_standard_scaler__AST_BLOOD', 'num_log1p_standard_scaler__ROE', 'num_log1p_standard_scaler__K_BLOOD', 'num_standard_scaler__AGE', 'num_standard_scaler__S_AD_ORIT', 'num_standard_scaler__D_AD_ORIT', 'num_standard_scaler__NA_BLOOD', 'cat_nominal__IBS_POST_0.0', 'cat_nominal__IBS_POST_2.0', 'cat_ordinal__INF_ANAM', 'cat_ordinal__STENOK_AN', 'cat_ordinal__FK_STENOK', 'cat_ordinal__DLIT_AG', 'cat_ordinal__TIME_B_S', 'cat_ordinal__ant_im', 'cat_ordinal__lat_im', 'cat_ordinal__inf_im', 'cat_ordinal__post_im', 'cat_partial_ordinal__HF_right_line', 'cat_partial_ordinal__HF_left_line', 'cat_binary__SEX', 'cat_binary__SIM_GIPERT', 'cat_binary__nr_11', 'cat_binary__nr_02', 'cat_binary__nr_04', 'cat_binary__np_01', 'cat_binary__np_04', 'cat_binary__endocr_01', 'cat_binary__zab_leg_01', 'cat_binary__zab_leg_02', 'cat_binary__zab_leg_03', 'cat_binary__zab_leg_06', 'cat_binary__O_L_POST', 'cat_binary__K_SH_POST', 'cat_binary__MP_TP_POST', 'cat_binary__IM_PG_P', 'cat_binary__ritm_ecg_p_01', 'cat_binary__ritm_ecg_p_07', 'cat_binary__n_r_ecg_p_03', 'cat_binary__n_r_ecg_p_05', 'cat_binary__n_r_ecg_p_06', 'cat_binary__n_r_ecg_p_08', 'cat_binary__n_p_ecg_p_01', 'cat_binary__n_p_ecg_p_05', 'cat_binary__n_p_ecg_p_06', 'cat_binary__n_p_ecg_p_09', 'cat_binary__n_p_ecg_p_12', 'cat_binary__fibr_ter_02', 'cat_binary__fibr_ter_08', 'cat_binary__GIPO_K', 'cat_binary__GIPER_NA', 'cat_binary__NITR_S', 'cat_binary__LID_S_n', 'cat_binary__B_BLOK_S_n', 'cat_binary__ANT_CA_S_n', 'cat_binary__GEPAR_S_n', 'cat_binary__ASP_S_n', 'cat_binary__TIKL_S_n', 'cat_binary__TRENT_S_n']"
smote_auto__mec_fp1_fn10,10,2,Exponential,resubstitution,169,0,891,0,0.15943396226415094,0.15943396226415094,1.0,0.27502034174125306,0.0,1.0,0.5,0.0,0.0,0.0,0.8156084181725208,0.4481205278292576,0.840566037735849,1414,0.778066037735849,0.0467814198800658,0.8443396226415094,0.14611986379661598,"{'classifier__estimator__ccp_alpha': np.float64(0.003798263545354469), 'classifier__estimator__max_depth': 5, 'classifier__estimator__max_features': 'log2', 'classifier__estimator__max_leaf_nodes': 4, 'classifier__estimator__min_impurity_decrease': np.float64(0.04595714829111398), 'classifier__estimator__min_samples_leaf': 7, 'classifier__estimator__min_samples_split': 3, 'classifier__max_features': np.float64(0.5557718584715401), 'classifier__max_samples': np.float64(0.7798246519001295), 'classifier__n_estimators': 238, 'feature_selection_filter__k': 70}",54.164429903030396,"['num_log1p_standard_scaler__L_BLOOD', 'num_log1p_standard_scaler__ROE', 'num_log1p_standard_scaler__K_BLOOD', 'num_standard_scaler__AGE', 'num_standard_scaler__S_AD_ORIT', 'num_standard_scaler__D_AD_ORIT', 'num_standard_scaler__NA_BLOOD', 'cat_nominal__IBS_POST_0.0', 'cat_ordinal__INF_ANAM', 'cat_ordinal__STENOK_AN', 'cat_ordinal__FK_STENOK', 'cat_ordinal__DLIT_AG', 'cat_ordinal__TIME_B_S', 'cat_ordinal__ant_im', 'cat_ordinal__lat_im', 'cat_ordinal__inf_im', 'cat_partial_ordinal__HF_right_line', 'cat_partial_ordinal__HF_left_line', 'cat_binary__SEX', 'cat_binary__nr_11', 'cat_binary__nr_01', 'cat_binary__nr_02', 'cat_binary__nr_03', 'cat_binary__nr_04', 'cat_binary__nr_07', 'cat_binary__nr_08', 'cat_binary__np_09', 'cat_binary__endocr_01', 'cat_binary__endocr_02', 'cat_binary__endocr_03', 'cat_binary__zab_leg_01', 'cat_binary__zab_leg_02', 'cat_binary__K_SH_POST', 'cat_binary__SVT_POST', 'cat_binary__GT_POST', 'cat_binary__ritm_ecg_p_01', 'cat_binary__ritm_ecg_p_02', 'cat_binary__ritm_ecg_p_06', 'cat_binary__n_r_ecg_p_01', 'cat_binary__n_r_ecg_p_02', 'cat_binary__n_r_ecg_p_09', 'cat_binary__n_r_ecg_p_10', 'cat_binary__n_p_ecg_p_01', 'cat_binary__n_p_ecg_p_03', 'cat_binary__n_p_ecg_p_04', 'cat_binary__n_p_ecg_p_05', 'cat_binary__n_p_ecg_p_06', 'cat_binary__n_p_ecg_p_07', 'cat_binary__n_p_ecg_p_08', 'cat_binary__n_p_ecg_p_09', 'cat_binary__n_p_ecg_p_10', 'cat_binary__n_p_ecg_p_11', 'cat_binary__n_p_ecg_p_12', 'cat_binary__fibr_ter_01', 'cat_binary__fibr_ter_02', 'cat_binary__fibr_ter_03', 'cat_binary__fibr_ter_05', 'cat_binary__fibr_ter_06', 'cat_binary__fibr_ter_07', 'cat_binary__fibr_ter_08', 'cat_binary__GIPO_K', 'cat_binary__GIPER_NA', 'cat_binary__NITR_S', 'cat_binary__LID_S_n', 'cat_binary__B_BLOK_S_n', 'cat_binary__ANT_CA_S_n', 'cat_binary__GEPAR_S_n', 'cat_binary__ASP_S_n', 'cat_binary__TIKL_S_n', 'cat_binary__TRENT_S_n']"
smote_auto__mec_fp1_fn10,10,3,Exponential,resubstitution,169,0,892,0,0.15928369462770972,0.15928369462770972,1.0,0.27479674796747966,0.0,1.0,0.5,0.0,0.0,0.0,0.7708427309151697,0.42143391575550604,0.8407163053722903,1415,0.7151179523079317,0.046979835201915565,0.8747497564000355,0.14394535756384397,"{'classifier__estimator__ccp_alpha': np.float64(0.0012461173053307905), 'classifier__estimator__max_depth': 13, 'classifier__estimator__max_features': 'sqrt', 'classifier__estimator__max_leaf_nodes': 19, 'classifier__estimator__min_impurity_decrease': np.float64(0.04218180497354101), 'classifier__estimator__min_samples_leaf': 5, 'classifier__estimator__min_samples_split': 3, 'classifier__max_features': np.float64(0.6643360461414092), 'classifier__max_samples': np.float64(0.5271450202147522), 'classifier__n_estimators': 724, 'feature_selection_filter__k': 5}",46.62862205505371,"['num_standard_scaler__AGE', 'num_standard_scaler__S_AD_ORIT', 'num_standard_scaler__D_AD_ORIT', 'cat_ordinal__TIME_B_S', 'cat_ordinal__ant_im']"
smote_auto__mec_fp1_fn10,10,4,Exponential,resubstitution,169,0,892,0,0.15928369462770972,0.15928369462770972,1.0,0.27479674796747966,0.0,1.0,0.5,0.0,0.0,0.0,0.8215730888635339,0.523736123489532,0.8407163053722903,1415,0.7994860768495677,0.04798645673538205,0.839906103286385,0.1264299494319303,"{'classifier__estimator__ccp_alpha': np.float64(0.008734067299483401), 'classifier__estimator__max_depth': 7, 'classifier__estimator__max_features': 'sqrt', 'classifier__estimator__max_leaf_nodes': 2, 'classifier__estimator__min_impurity_decrease': np.float64(0.009131897479203134), 'classifier__estimator__min_samples_leaf': 8, 'classifier__estimator__min_samples_split': 6, 'classifier__max_features': np.float64(0.6845442876013774), 'classifier__max_samples': np.float64(0.9473492844639488), 'classifier__n_estimators': 249, 'feature_selection_filter__k': 55}",46.47326612472534,"['num_log1p_standard_scaler__L_BLOOD', 'num_log1p_standard_scaler__ROE', 'num_log1p_standard_scaler__K_BLOOD', 'num_standard_scaler__AGE', 'num_standard_scaler__S_AD_ORIT', 'num_standard_scaler__D_AD_ORIT', 'num_standard_scaler__NA_BLOOD', 'cat_nominal__IBS_POST_1.0', 'cat_ordinal__STENOK_AN', 'cat_ordinal__FK_STENOK', 'cat_ordinal__TIME_B_S', 'cat_ordinal__ant_im', 'cat_ordinal__lat_im', 'cat_ordinal__inf_im', 'cat_partial_ordinal__HF_right_line', 'cat_partial_ordinal__HF_left_line', 'cat_binary__SEX', 'cat_binary__nr_11', 'cat_binary__nr_04', 'cat_binary__np_01', 'cat_binary__np_04', 'cat_binary__np_05', 'cat_binary__np_07', 'cat_binary__endocr_01', 'cat_binary__endocr_02', 'cat_binary__zab_leg_01', 'cat_binary__zab_leg_03', 'cat_binary__O_L_POST', 'cat_binary__K_SH_POST', 'cat_binary__MP_TP_POST', 'cat_binary__SVT_POST', 'cat_binary__IM_PG_P', 'cat_binary__ritm_ecg_p_01', 'cat_binary__ritm_ecg_p_07', 'cat_binary__n_r_ecg_p_02', 'cat_binary__n_r_ecg_p_03', 'cat_binary__n_r_ecg_p_06', 'cat_binary__n_r_ecg_p_09', 'cat_binary__n_p_ecg_p_04', 'cat_binary__n_p_ecg_p_06', 'cat_binary__n_p_ecg_p_07', 'cat_binary__n_p_ecg_p_08', 'cat_binary__n_p_ecg_p_10', 'cat_binary__n_p_ecg_p_12', 'cat_binary__fibr_ter_03', 'cat_binary__GIPO_K', 'cat_binary__GIPER_NA', 'cat_binary__NITR_S', 'cat_binary__LID_S_n', 'cat_binary__B_BLOK_S_n', 'cat_binary__ANT_CA_S_n', 'cat_binary__GEPAR_S_n', 'cat_binary__ASP_S_n', 'cat_binary__TIKL_S_n', 'cat_binary__TRENT_S_n']"
smote_auto__mec_fp1_fn10,10,5,Exponential,resubstitution,169,0,892,0,0.15928369462770972,0.15928369462770972,1.0,0.27479674796747966,0.0,1.0,0.5,0.0,0.0,0.0,0.8278982142383315,0.5953654449305857,0.8407163053722903,1415,0.7323443785141233,0.05585417631060573,0.8078173443174773,0.19862126745520398,"{'classifier__estimator__ccp_alpha': np.float64(0.007354116688188523), 'classifier__estimator__max_depth': 5, 'classifier__estimator__max_features': 'sqrt', 'classifier__estimator__max_leaf_nodes': 19, 'classifier__estimator__min_impurity_decrease': np.float64(0.03337931815976319), 'classifier__estimator__min_samples_leaf': 9, 'classifier__estimator__min_samples_split': 5, 'classifier__max_features': np.float64(0.9452953246619403), 'classifier__max_samples': np.float64(0.8650017682462579), 'classifier__n_estimators': 395, 'feature_selection_filter__k': 55}",56.04239058494568,"['num_log1p_standard_scaler__L_BLOOD', 'num_log1p_standard_scaler__ALT_BLOOD', 'num_log1p_standard_scaler__ROE', 'num_log1p_standard_scaler__K_BLOOD', 'num_standard_scaler__AGE', 'num_standard_scaler__S_AD_ORIT', 'num_standard_scaler__D_AD_ORIT', 'num_standard_scaler__NA_BLOOD', 'cat_nominal__IBS_POST_1.0', 'cat_nominal__IBS_POST_2.0', 'cat_ordinal__STENOK_AN', 'cat_ordinal__FK_STENOK', 'cat_ordinal__DLIT_AG', 'cat_ordinal__TIME_B_S', 'cat_ordinal__ant_im', 'cat_ordinal__lat_im', 'cat_ordinal__inf_im', 'cat_partial_ordinal__HF_left_line', 'cat_binary__nr_11', 'cat_binary__nr_02', 'cat_binary__nr_04', 'cat_binary__nr_07', 'cat_binary__np_05', 'cat_binary__np_07', 'cat_binary__np_09', 'cat_binary__np_10', 'cat_binary__endocr_01', 'cat_binary__endocr_02', 'cat_binary__zab_leg_02', 'cat_binary__zab_leg_04', 'cat_binary__K_SH_POST', 'cat_binary__SVT_POST', 'cat_binary__FIB_G_POST', 'cat_binary__IM_PG_P', 'cat_binary__ritm_ecg_p_01', 'cat_binary__ritm_ecg_p_02', 'cat_binary__ritm_ecg_p_07', 'cat_binary__ritm_ecg_p_08', 'cat_binary__n_r_ecg_p_01', 'cat_binary__n_r_ecg_p_04', 'cat_binary__n_r_ecg_p_05', 'cat_binary__n_r_ecg_p_08', 'cat_binary__n_p_ecg_p_06', 'cat_binary__n_p_ecg_p_09', 'cat_binary__n_p_ecg_p_10', 'cat_binary__n_p_ecg_p_12', 'cat_binary__fibr_ter_02', 'cat_binary__fibr_ter_03', 'cat_binary__fibr_ter_06', 'cat_binary__GIPO_K', 'cat_binary__NITR_S', 'cat_binary__B_BLOK_S_n', 'cat_binary__ANT_CA_S_n', 'cat_binary__GEPAR_S_n', 'cat_binary__ASP_S_n']"
smote_auto__mec_fp1_fn10,10,6,Exponential,resubstitution,169,0,892,0,0.15928369462770972,0.15928369462770972,1.0,0.27479674796747966,0.0,1.0,0.5,0.0,0.0,0.0,0.7295154827924748,0.3236873568183497,0.8407163053722903,1415,0.7104073604906993,0.06700271543361198,0.7190318008681016,0.09937226844076925,"{'classifier__estimator__ccp_alpha': np.float64(0.0011622602652254443), 'classifier__estimator__max_depth': 8, 'classifier__estimator__max_features': 'log2', 'classifier__estimator__max_leaf_nodes': 5, 'classifier__estimator__min_impurity_decrease': np.float64(0.05469717854327502), 'classifier__estimator__min_samples_leaf': 7, 'classifier__estimator__min_samples_split': 5, 'classifier__max_features': np.float64(0.5580278528186859), 'classifier__max_samples': np.float64(0.7327834993033739), 'classifier__n_estimators': 195, 'feature_selection_filter__k': 5}",50.61107897758484,"['num_standard_scaler__AGE', 'num_standard_scaler__S_AD_ORIT', 'num_standard_scaler__D_AD_ORIT', 'cat_ordinal__ant_im', 'cat_binary__K_SH_POST']"
smote_auto__mec_fp1_fn10,10,7,Exponential,resubstitution,169,0,892,0,0.15928369462770972,0.15928369462770972,1.0,0.27479674796747966,0.0,1.0,0.5,0.0,0.0,0.0,0.832614694722318,0.5733930812103886,0.8407163053722903,1415,0.7054756428206325,0.04809106139763287,0.7982460802551156,0.06351031063609164,"{'classifier__estimator__ccp_alpha': np.float64(0.005008873526841257), 'classifier__estimator__max_depth': 10, 'classifier__estimator__max_features': 'log2', 'classifier__estimator__max_leaf_nodes': 4, 'classifier__estimator__min_impurity_decrease': np.float64(0.008427545594785969), 'classifier__estimator__min_samples_leaf': 1, 'classifier__estimator__min_samples_split': 8, 'classifier__max_features': np.float64(0.956135660352205), 'classifier__max_samples': np.float64(0.7430493513533677), 'classifier__n_estimators': 168, 'feature_selection_filter__k': 30}",49.095678091049194,"['num_log1p_standard_scaler__L_BLOOD', 'num_standard_scaler__AGE', 'num_standard_scaler__S_AD_ORIT', 'num_standard_scaler__D_AD_ORIT', 'num_standard_scaler__NA_BLOOD', 'cat_nominal__IBS_POST_2.0', 'cat_ordinal__STENOK_AN', 'cat_ordinal__TIME_B_S', 'cat_ordinal__ant_im', 'cat_partial_ordinal__HF_right_line', 'cat_partial_ordinal__HF_left_line', 'cat_binary__SEX', 'cat_binary__nr_01', 'cat_binary__nr_04', 'cat_binary__nr_08', 'cat_binary__np_10', 'cat_binary__endocr_02', 'cat_binary__endocr_03', 'cat_binary__zab_leg_03', 'cat_binary__zab_leg_04', 'cat_binary__zab_leg_06', 'cat_binary__K_SH_POST', 'cat_binary__MP_TP_POST', 'cat_binary__ritm_ecg_p_01', 'cat_binary__ritm_ecg_p_04', 'cat_binary__n_p_ecg_p_03', 'cat_binary__n_p_ecg_p_10', 'cat_binary__fibr_ter_05', 'cat_binary__GIPER_NA', 'cat_binary__B_BLOK_S_n']"
smote_auto__mec_fp1_fn10,10,8,Exponential,resubstitution,169,0,892,0,0.15928369462770972,0.15928369462770972,1.0,0.27479674796747966,0.0,1.0,0.5,0.0,0.0,0.0,0.7666668877862393,0.4658360393686082,0.8407163053722903,1415,0.7806851012289707,0.11969012669622173,0.8018912215430951,0.1062396727994551,"{'classifier__estimator__ccp_alpha': np.float64(0.004190153013279835), 'classifier__estimator__max_depth': 14, 'classifier__estimator__max_features': 'sqrt', 'classifier__estimator__max_leaf_nodes': 15, 'classifier__estimator__min_impurity_decrease': np.float64(0.03333681070078386), 'classifier__estimator__min_samples_leaf': 5, 'classifier__estimator__min_samples_split': 9, 'classifier__max_features': np.float64(0.682044199279997), 'classifier__max_samples': np.float64(0.7642692061339067), 'classifier__n_estimators': 655, 'feature_selection_filter__k': 10}",52.01011109352112,"['num_standard_scaler__AGE', 'num_standard_scaler__S_AD_ORIT', 'num_standard_scaler__D_AD_ORIT', 'cat_ordinal__STENOK_AN', 'cat_ordinal__inf_im', 'cat_partial_ordinal__HF_right_line', 'cat_binary__K_SH_POST', 'cat_binary__n_p_ecg_p_04', 'cat_binary__n_p_ecg_p_12', 'cat_binary__ASP_S_n']"
smote_auto__mec_fp1_fn10,10,9,Exponential,resubstitution,169,0,892,0,0.15928369462770972,0.15928369462770972,1.0,0.27479674796747966,0.0,1.0,0.5,0.0,0.0,0.0,0.834770610555364,0.5815998874060421,0.8407163053722903,1415,0.6939143165099896,0.023071399953223708,0.80693595535477,0.16687923984181208,"{'classifier__estimator__ccp_alpha': np.float64(0.0036394745025258948), 'classifier__estimator__max_depth': 16, 'classifier__estimator__max_features': 'log2', 'classifier__estimator__max_leaf_nodes': 14, 'classifier__estimator__min_impurity_decrease': np.float64(0.03777863032337314), 'classifier__estimator__min_samples_leaf': 5, 'classifier__estimator__min_samples_split': 7, 'classifier__max_features': np.float64(0.9144454953948672), 'classifier__max_samples': np.float64(0.6850974066478364), 'classifier__n_estimators': 584, 'feature_selection_filter__k': 55}",48.20760989189148,"['num_log1p_standard_scaler__L_BLOOD', 'num_log1p_standard_scaler__ROE', 'num_standard_scaler__AGE', 'num_standard_scaler__S_AD_ORIT', 'num_standard_scaler__D_AD_ORIT', 'num_standard_scaler__NA_BLOOD', 'cat_nominal__IBS_POST_0.0', 'cat_nominal__IBS_POST_1.0', 'cat_nominal__IBS_POST_2.0', 'cat_ordinal__INF_ANAM', 'cat_ordinal__FK_STENOK', 'cat_ordinal__TIME_B_S', 'cat_ordinal__ant_im', 'cat_ordinal__inf_im', 'cat_partial_ordinal__HF_left_line', 'cat_binary__SEX', 'cat_binary__SIM_GIPERT', 'cat_binary__nr_03', 'cat_binary__nr_04', 'cat_binary__np_01', 'cat_binary__np_07', 'cat_binary__np_08', 'cat_binary__np_10', 'cat_binary__zab_leg_02', 'cat_binary__zab_leg_04', 'cat_binary__O_L_POST', 'cat_binary__K_SH_POST', 'cat_binary__MP_TP_POST', 'cat_binary__SVT_POST', 'cat_binary__GT_POST', 'cat_binary__FIB_G_POST', 'cat_binary__IM_PG_P', 'cat_binary__ritm_ecg_p_01', 'cat_binary__ritm_ecg_p_02', 'cat_binary__ritm_ecg_p_04', 'cat_binary__ritm_ecg_p_07', 'cat_binary__ritm_ecg_p_08', 'cat_binary__n_r_ecg_p_02', 'cat_binary__n_r_ecg_p_03', 'cat_binary__n_r_ecg_p_10', 'cat_binary__n_p_ecg_p_01', 'cat_binary__n_p_ecg_p_03', 'cat_binary__n_p_ecg_p_06', 'cat_binary__n_p_ecg_p_08', 'cat_binary__n_p_ecg_p_10', 'cat_binary__n_p_ecg_p_11', 'cat_binary__n_p_ecg_p_12', 'cat_binary__fibr_ter_05', 'cat_binary__fibr_ter_06', 'cat_binary__fibr_ter_07', 'cat_binary__GIPER_NA', 'cat_binary__NITR_S', 'cat_binary__ANT_CA_S_n', 'cat_binary__ASP_S_n', 'cat_binary__TIKL_S_n']"
smote_auto__mec_fp1_fn10,10,10,Exponential,resubstitution,169,0,892,0,0.15928369462770972,0.15928369462770972,1.0,0.27479674796747966,0.0,1.0,0.5,0.0,0.0,0.0,0.8151617268554143,0.5452025355418937,0.8407163053722903,1415,0.7822832633286665,0.04731166424247019,0.8029852068385154,0.226720080971805,"{'classifier__estimator__ccp_alpha': np.float64(0.005736770259105022), 'classifier__estimator__max_depth': 14, 'classifier__estimator__max_features': 'log2', 'classifier__estimator__max_leaf_nodes': 18, 'classifier__estimator__min_impurity_decrease': np.float64(0.03546242470180624), 'classifier__estimator__min_samples_leaf': 6, 'classifier__estimator__min_samples_split': 9, 'classifier__max_features': np.float64(0.8674298028324878), 'classifier__max_samples': np.float64(0.6515067677172499), 'classifier__n_estimators': 431, 'feature_selection_filter__k': 70}",47.98106622695923,"['num_log1p_standard_scaler__L_BLOOD', 'num_log1p_standard_scaler__AST_BLOOD', 'num_log1p_standard_scaler__ROE', 'num_log1p_standard_scaler__K_BLOOD', 'num_standard_scaler__AGE', 'num_standard_scaler__S_AD_ORIT', 'num_standard_scaler__D_AD_ORIT', 'num_standard_scaler__NA_BLOOD', 'cat_nominal__IBS_POST_1.0', 'cat_nominal__IBS_POST_2.0', 'cat_ordinal__FK_STENOK', 'cat_ordinal__DLIT_AG', 'cat_ordinal__TIME_B_S', 'cat_ordinal__ant_im', 'cat_ordinal__inf_im', 'cat_partial_ordinal__HF_right_line', 'cat_partial_ordinal__HF_left_line', 'cat_binary__SEX', 'cat_binary__nr_11', 'cat_binary__nr_01', 'cat_binary__nr_02', 'cat_binary__nr_04', 'cat_binary__np_05', 'cat_binary__np_07', 'cat_binary__endocr_02', 'cat_binary__zab_leg_02', 'cat_binary__zab_leg_03', 'cat_binary__zab_leg_06', 'cat_binary__O_L_POST', 'cat_binary__K_SH_POST', 'cat_binary__SVT_POST', 'cat_binary__GT_POST', 'cat_binary__FIB_G_POST', 'cat_binary__IM_PG_P', 'cat_binary__ritm_ecg_p_01', 'cat_binary__ritm_ecg_p_02', 'cat_binary__ritm_ecg_p_04', 'cat_binary__ritm_ecg_p_07', 'cat_binary__n_r_ecg_p_01', 'cat_binary__n_r_ecg_p_05', 'cat_binary__n_r_ecg_p_06', 'cat_binary__n_r_ecg_p_10', 'cat_binary__n_p_ecg_p_01', 'cat_binary__n_p_ecg_p_03', 'cat_binary__n_p_ecg_p_04', 'cat_binary__n_p_ecg_p_05', 'cat_binary__n_p_ecg_p_06', 'cat_binary__n_p_ecg_p_07', 'cat_binary__n_p_ecg_p_08', 'cat_binary__n_p_ecg_p_09', 'cat_binary__n_p_ecg_p_10', 'cat_binary__n_p_ecg_p_11', 'cat_binary__n_p_ecg_p_12', 'cat_binary__fibr_ter_01', 'cat_binary__fibr_ter_02', 'cat_binary__fibr_ter_03', 'cat_binary__fibr_ter_05', 'cat_binary__fibr_ter_06', 'cat_binary__fibr_ter_07', 'cat_binary__fibr_ter_08', 'cat_binary__GIPO_K', 'cat_binary__GIPER_NA', 'cat_binary__NITR_S', 'cat_binary__LID_S_n', 'cat_binary__B_BLOK_S_n', 'cat_binary__ANT_CA_S_n', 'cat_binary__GEPAR_S_n', 'cat_binary__ASP_S_n', 'cat_binary__TIKL_S_n', 'cat_binary__TRENT_S_n']"
